# Object Export From Tinkercad Server 2015

mtllib obj.mtl

o obj_0
v 1.1 		-0.4984 		0.6427
v 1.1 		-0.515 		0.6427
v 1.1 		-0.5162 		0.6642
v 1.1 		-0.6347 		0.7012
v 1.1 		-0.6347 		0.7249
v 1.1 		-0.4984 		0.7249
v 1.1 		-0.6347 		0.4066
v 1.1 		-0.6347 		0.4304
v 1.1 		-0.6244 		0.4304
v 1.1 		-0.5453 		0.4304
v 1.1 		-0.5453 		0.4066
v 1.1 		-0.5151 		0.5759
v 1.1 		-0.5151 		0.5496
v 1.1 		-0.5731 		0.5496
v 1.1 		-0.5167 		0.6698
v 1.1 		-0.6244 		0.7012
v 1.1 		-0.6236 		0.4304
v 1.1 		-0.5604 		0.4304
v 1.1 		-0.5731 		0.5759
v 1.1 		-0.5174 		0.6749
v 1.1 		-0.6236 		0.7011
v 1.1 		-0.6227 		0.4304
v 1.1 		-0.5613 		0.4304
v 1.1 		-0.5183 		0.6794
v 1.1 		-0.6227 		0.7011
v 1.1 		-0.6219 		0.4305
v 1.1 		-0.5622 		0.4305
v 1.1 		-0.5193 		0.6834
v 1.1 		-0.6219 		0.7009
v 1.1 		-0.6211 		0.4307
v 1.1 		-0.563 		0.4306
v 1.1 		-0.5206 		0.6868
v 1.1 		-0.6211 		0.7007
v 1.1 		-0.6203 		0.4308
v 1.1 		-0.5639 		0.4308
v 1.1 		-0.6203 		0.7005
v 1.1 		-0.6195 		0.431
v 1.1 		-0.5647 		0.431
v 1.1 		-0.522 		0.6896
v 1.1 		-0.6195 		0.7002
v 1.1 		-0.6187 		0.4314
v 1.1 		-0.5655 		0.4313
v 1.1 		-0.5237 		0.6921
v 1.1 		-0.6187 		0.6998
v 1.1 		-0.618 		0.4318
v 1.1 		-0.5663 		0.4317
v 1.1 		-0.5255 		0.6941
v 1.1 		-0.618 		0.6994
v 1.1 		-0.6173 		0.4324
v 1.1 		-0.567 		0.4322
v 1.1 		-0.5275 		0.6956
v 1.1 		-0.6173 		0.6988
v 1.1 		-0.6167 		0.433
v 1.1 		-0.5677 		0.4328
v 1.1 		-0.5296 		0.6967
v 1.1 		-0.6167 		0.6981
v 1.1 		-0.616 		0.4337
v 1.1 		-0.5684 		0.4335
v 1.1 		-0.5319 		0.6974
v 1.1 		-0.616 		0.6973
v 1.1 		-0.6154 		0.4345
v 1.1 		-0.569 		0.4343
v 1.1 		-0.5343 		0.6976
v 1.1 		-0.6154 		0.6964
v 1.1 		-0.5731 		0.6976
v 1.1 		-0.6149 		0.6953
v 1.1 		-0.6149 		0.4356
v 1.1 		-0.6144 		0.4367
v 1.1 		-0.6144 		0.6942
v 1.1 		-0.6139 		0.438
v 1.1 		-0.6139 		0.6929
v 1.1 		-0.6135 		0.4394
v 1.1 		-0.6131 		0.4409
v 1.1 		-0.6135 		0.6915
v 1.1 		-0.6128 		0.4426
v 1.1 		-0.6125 		0.4445
v 1.1 		-0.6131 		0.69
v 1.1 		-0.6122 		0.4466
v 1.1 		-0.6128 		0.6883
v 1.1 		-0.612 		0.4488
v 1.1 		-0.5731 		0.4593
v 1.1 		-0.6119 		0.4513
v 1.1 		-0.5731 		0.4562
v 1.1 		-0.6118 		0.4539
v 1.1 		-0.573 		0.4533
v 1.1 		-0.6117 		0.4567
v 1.1 		-0.6125 		0.6864
v 1.1 		-0.5696 		0.4352
v 1.1 		-0.5729 		0.4506
v 1.1 		-0.5701 		0.4363
v 1.1 		-0.5727 		0.4481
v 1.1 		-0.5706 		0.4376
v 1.1 		-0.5725 		0.4459
v 1.1 		-0.5711 		0.439
v 1.1 		-0.5722 		0.4439
v 1.1 		-0.5715 		0.4405
v 1.1 		-0.6122 		0.6843
v 1.1 		-0.5719 		0.4421
v 1.1 		-0.612 		0.682
v 1.1 		-0.6119 		0.6795
v 1.1 		-0.6117 		0.6739
v 1.1 		-0.6118 		0.6768
v 1.25 		-0.5162 		0.6642
v 1.25 		-0.515 		0.6427
v 1.25 		-0.4984 		0.6427
v 1.25 		-0.4984 		0.7249
v 1.25 		-0.6347 		0.7249
v 1.25 		-0.6347 		0.7012
v 1.25 		-0.6244 		0.4304
v 1.25 		-0.6347 		0.4304
v 1.25 		-0.6347 		0.4066
v 1.25 		-0.5453 		0.4066
v 1.25 		-0.5453 		0.4304
v 1.25 		-0.5731 		0.5496
v 1.25 		-0.5151 		0.5496
v 1.25 		-0.5151 		0.5759
v 1.25 		-0.5167 		0.6698
v 1.25 		-0.6244 		0.7012
v 1.25 		-0.6236 		0.4304
v 1.25 		-0.5604 		0.4304
v 1.25 		-0.5731 		0.5759
v 1.25 		-0.5174 		0.6749
v 1.25 		-0.6236 		0.7011
v 1.25 		-0.6227 		0.4304
v 1.25 		-0.5613 		0.4304
v 1.25 		-0.5183 		0.6794
v 1.25 		-0.6227 		0.7011
v 1.25 		-0.6219 		0.4305
v 1.25 		-0.5622 		0.4305
v 1.25 		-0.5193 		0.6834
v 1.25 		-0.6219 		0.7009
v 1.25 		-0.6211 		0.4307
v 1.25 		-0.563 		0.4306
v 1.25 		-0.5206 		0.6868
v 1.25 		-0.6211 		0.7007
v 1.25 		-0.6203 		0.4308
v 1.25 		-0.5639 		0.4308
v 1.25 		-0.6203 		0.7005
v 1.25 		-0.6195 		0.431
v 1.25 		-0.5647 		0.431
v 1.25 		-0.522 		0.6896
v 1.25 		-0.6195 		0.7002
v 1.25 		-0.6187 		0.4314
v 1.25 		-0.5655 		0.4313
v 1.25 		-0.5237 		0.6921
v 1.25 		-0.6187 		0.6998
v 1.25 		-0.618 		0.4318
v 1.25 		-0.5663 		0.4317
v 1.25 		-0.5255 		0.6941
v 1.25 		-0.618 		0.6994
v 1.25 		-0.6173 		0.4324
v 1.25 		-0.567 		0.4322
v 1.25 		-0.5275 		0.6956
v 1.25 		-0.6173 		0.6988
v 1.25 		-0.6167 		0.433
v 1.25 		-0.5677 		0.4328
v 1.25 		-0.5296 		0.6967
v 1.25 		-0.6167 		0.6981
v 1.25 		-0.616 		0.4337
v 1.25 		-0.5684 		0.4335
v 1.25 		-0.5319 		0.6974
v 1.25 		-0.616 		0.6973
v 1.25 		-0.6154 		0.4345
v 1.25 		-0.569 		0.4343
v 1.25 		-0.5343 		0.6976
v 1.25 		-0.6154 		0.6964
v 1.25 		-0.5731 		0.6976
v 1.25 		-0.6149 		0.6953
v 1.25 		-0.6149 		0.4356
v 1.25 		-0.6144 		0.4367
v 1.25 		-0.6144 		0.6942
v 1.25 		-0.6139 		0.438
v 1.25 		-0.6139 		0.6929
v 1.25 		-0.6135 		0.4394
v 1.25 		-0.6131 		0.4409
v 1.25 		-0.6135 		0.6915
v 1.25 		-0.6128 		0.4426
v 1.25 		-0.6125 		0.4445
v 1.25 		-0.6131 		0.69
v 1.25 		-0.6122 		0.4466
v 1.25 		-0.6128 		0.6883
v 1.25 		-0.612 		0.4488
v 1.25 		-0.5731 		0.4593
v 1.25 		-0.6119 		0.4513
v 1.25 		-0.5731 		0.4562
v 1.25 		-0.6118 		0.4539
v 1.25 		-0.573 		0.4533
v 1.25 		-0.6117 		0.4567
v 1.25 		-0.6125 		0.6864
v 1.25 		-0.5696 		0.4352
v 1.25 		-0.5729 		0.4506
v 1.25 		-0.5701 		0.4363
v 1.25 		-0.5727 		0.4481
v 1.25 		-0.5706 		0.4376
v 1.25 		-0.5725 		0.4459
v 1.25 		-0.5711 		0.439
v 1.25 		-0.5722 		0.4439
v 1.25 		-0.5715 		0.4405
v 1.25 		-0.6122 		0.6843
v 1.25 		-0.5719 		0.4421
v 1.25 		-0.612 		0.682
v 1.25 		-0.6119 		0.6795
v 1.25 		-0.6117 		0.6739
v 1.25 		-0.6118 		0.6768
v 1.1 		-0.4852 		0.4066
v 1.1 		-0.4852 		0.4304
v 1.1 		-0.4823 		0.4304
v 1.1 		-0.4072 		0.4304
v 1.1 		-0.4072 		0.4066
v 1.1 		-0.4852 		0.7221
v 1.1 		-0.4852 		0.7455
v 1.1 		-0.4277 		0.7455
v 1.1 		-0.4814 		0.4304
v 1.1 		-0.4102 		0.4304
v 1.1 		-0.4823 		0.7221
v 1.1 		-0.4805 		0.4305
v 1.1 		-0.4111 		0.4304
v 1.1 		-0.4815 		0.722
v 1.1 		-0.4796 		0.4306
v 1.1 		-0.4121 		0.4305
v 1.1 		-0.4805 		0.7219
v 1.1 		-0.4786 		0.4308
v 1.1 		-0.413 		0.4306
v 1.1 		-0.4796 		0.7218
v 1.1 		-0.4776 		0.431
v 1.1 		-0.414 		0.4308
v 1.1 		-0.4787 		0.7216
v 1.1 		-0.4765 		0.4313
v 1.1 		-0.415 		0.431
v 1.1 		-0.4777 		0.7214
v 1.1 		-0.4755 		0.4317
v 1.1 		-0.4161 		0.4313
v 1.1 		-0.4767 		0.7211
v 1.1 		-0.4746 		0.4322
v 1.1 		-0.417 		0.4317
v 1.1 		-0.4757 		0.7207
v 1.1 		-0.4737 		0.4328
v 1.1 		-0.418 		0.4322
v 1.1 		-0.4747 		0.7202
v 1.1 		-0.4728 		0.4335
v 1.1 		-0.419 		0.4328
v 1.1 		-0.4738 		0.7196
v 1.1 		-0.4719 		0.4343
v 1.1 		-0.4199 		0.4335
v 1.1 		-0.4729 		0.7189
v 1.1 		-0.4711 		0.4352
v 1.1 		-0.4208 		0.4343
v 1.1 		-0.472 		0.7181
v 1.1 		-0.4702 		0.4363
v 1.1 		-0.4217 		0.4352
v 1.1 		-0.4711 		0.7172
v 1.1 		-0.4694 		0.4376
v 1.1 		-0.4226 		0.4363
v 1.1 		-0.4702 		0.7162
v 1.1 		-0.4686 		0.439
v 1.1 		-0.4234 		0.4376
v 1.1 		-0.4694 		0.715
v 1.1 		-0.4686 		0.7137
v 1.1 		-0.4679 		0.4405
v 1.1 		-0.4679 		0.7122
v 1.1 		-0.4673 		0.4421
v 1.1 		-0.4673 		0.7106
v 1.1 		-0.4667 		0.4439
v 1.1 		-0.4667 		0.7089
v 1.1 		-0.4661 		0.4459
v 1.1 		-0.4661 		0.7071
v 1.1 		-0.4657 		0.4481
v 1.1 		-0.4657 		0.705
v 1.1 		-0.4653 		0.4506
v 1.1 		-0.4277 		0.4593
v 1.1 		-0.4651 		0.4533
v 1.1 		-0.4277 		0.4562
v 1.1 		-0.4649 		0.4562
v 1.1 		-0.4653 		0.7028
v 1.1 		-0.4649 		0.4593
v 1.1 		-0.4275 		0.4533
v 1.1 		-0.4241 		0.439
v 1.1 		-0.4273 		0.4506
v 1.1 		-0.4248 		0.4405
v 1.1 		-0.427 		0.4481
v 1.1 		-0.4255 		0.4421
v 1.1 		-0.4651 		0.7003
v 1.1 		-0.4261 		0.4439
v 1.1 		-0.4649 		0.6976
v 1.1 		-0.4266 		0.4459
v 1.1 		-0.4649 		0.6947
v 1.25 		-0.4823 		0.4304
v 1.25 		-0.4852 		0.4304
v 1.25 		-0.4852 		0.4066
v 1.25 		-0.4072 		0.4066
v 1.25 		-0.4072 		0.4304
v 1.25 		-0.4277 		0.7455
v 1.25 		-0.4852 		0.7455
v 1.25 		-0.4852 		0.7221
v 1.25 		-0.4814 		0.4304
v 1.25 		-0.4102 		0.4304
v 1.25 		-0.4823 		0.7221
v 1.25 		-0.4805 		0.4305
v 1.25 		-0.4111 		0.4304
v 1.25 		-0.4815 		0.722
v 1.25 		-0.4796 		0.4306
v 1.25 		-0.4121 		0.4305
v 1.25 		-0.4805 		0.7219
v 1.25 		-0.4786 		0.4308
v 1.25 		-0.413 		0.4306
v 1.25 		-0.4796 		0.7218
v 1.25 		-0.4776 		0.431
v 1.25 		-0.414 		0.4308
v 1.25 		-0.4787 		0.7216
v 1.25 		-0.4765 		0.4313
v 1.25 		-0.415 		0.431
v 1.25 		-0.4777 		0.7214
v 1.25 		-0.4755 		0.4317
v 1.25 		-0.4161 		0.4313
v 1.25 		-0.4767 		0.7211
v 1.25 		-0.4746 		0.4322
v 1.25 		-0.417 		0.4317
v 1.25 		-0.4757 		0.7207
v 1.25 		-0.4737 		0.4328
v 1.25 		-0.418 		0.4322
v 1.25 		-0.4747 		0.7202
v 1.25 		-0.4728 		0.4335
v 1.25 		-0.419 		0.4328
v 1.25 		-0.4738 		0.7196
v 1.25 		-0.4719 		0.4343
v 1.25 		-0.4199 		0.4335
v 1.25 		-0.4729 		0.7189
v 1.25 		-0.4711 		0.4352
v 1.25 		-0.4208 		0.4343
v 1.25 		-0.472 		0.7181
v 1.25 		-0.4702 		0.4363
v 1.25 		-0.4217 		0.4352
v 1.25 		-0.4711 		0.7172
v 1.25 		-0.4694 		0.4376
v 1.25 		-0.4226 		0.4363
v 1.25 		-0.4702 		0.7162
v 1.25 		-0.4686 		0.439
v 1.25 		-0.4234 		0.4376
v 1.25 		-0.4694 		0.715
v 1.25 		-0.4686 		0.7137
v 1.25 		-0.4679 		0.4405
v 1.25 		-0.4679 		0.7122
v 1.25 		-0.4673 		0.4421
v 1.25 		-0.4673 		0.7106
v 1.25 		-0.4667 		0.4439
v 1.25 		-0.4667 		0.7089
v 1.25 		-0.4661 		0.4459
v 1.25 		-0.4661 		0.7071
v 1.25 		-0.4657 		0.4481
v 1.25 		-0.4657 		0.705
v 1.25 		-0.4653 		0.4506
v 1.25 		-0.4277 		0.4593
v 1.25 		-0.4651 		0.4533
v 1.25 		-0.4277 		0.4562
v 1.25 		-0.4649 		0.4562
v 1.25 		-0.4653 		0.7028
v 1.25 		-0.4649 		0.4593
v 1.25 		-0.4275 		0.4533
v 1.25 		-0.4241 		0.439
v 1.25 		-0.4273 		0.4506
v 1.25 		-0.4248 		0.4405
v 1.25 		-0.427 		0.4481
v 1.25 		-0.4255 		0.4421
v 1.25 		-0.4651 		0.7003
v 1.25 		-0.4261 		0.4439
v 1.25 		-0.4649 		0.6976
v 1.25 		-0.4266 		0.4459
v 1.25 		-0.4649 		0.6947
v 1.1 		-0.346 		0.5468
v 1.1 		-0.3373 		0.5473
v 1.1 		-0.3172 		0.5473
v 1.1 		-0.3613 		0.5429
v 1.1 		-0.3541 		0.5453
v 1.1 		-0.3735 		0.535
v 1.1 		-0.3678 		0.5394
v 1.1 		-0.3827 		0.5232
v 1.1 		-0.3785 		0.5296
v 1.1 		-0.3887 		0.5072
v 1.1 		-0.3861 		0.5157
v 1.1 		-0.3917 		0.487
v 1.1 		-0.3906 		0.4977
v 1.1 		-0.354 		0.4731
v 1.1 		-0.3921 		0.4753
v 1.1 		-0.3539 		0.4669
v 1.1 		-0.3918 		0.4635
v 1.1 		-0.392 		0.4693
v 1.1 		-0.3908 		0.4526
v 1.1 		-0.3914 		0.4579
v 1.1 		-0.3893 		0.4429
v 1.1 		-0.3901 		0.4476
v 1.1 		-0.387 		0.4342
v 1.1 		-0.3882 		0.4384
v 1.1 		-0.3842 		0.4266
v 1.1 		-0.3857 		0.4303
v 1.1 		-0.381 		0.4201
v 1.1 		-0.3827 		0.4232
v 1.1 		-0.3774 		0.4145
v 1.1 		-0.3792 		0.4171
v 1.1 		-0.3733 		0.41
v 1.1 		-0.3754 		0.4121
v 1.1 		-0.3688 		0.4066
v 1.1 		-0.3711 		0.4081
v 1.1 		-0.364 		0.4043
v 1.1 		-0.3664 		0.4053
v 1.1 		-0.3589 		0.4029
v 1.1 		-0.3615 		0.4035
v 1.1 		-0.3537 		0.4024
v 1.1 		-0.3563 		0.4025
v 1.1 		-0.3493 		0.4026
v 1.1 		-0.3514 		0.4025
v 1.1 		-0.3453 		0.4033
v 1.1 		-0.3472 		0.4029
v 1.1 		-0.3417 		0.4044
v 1.1 		-0.3434 		0.4038
v 1.1 		-0.3384 		0.406
v 1.1 		-0.34 		0.4051
v 1.1 		-0.3353 		0.4081
v 1.1 		-0.3368 		0.407
v 1.1 		-0.3325 		0.4105
v 1.1 		-0.3339 		0.4092
v 1.1 		-0.3299 		0.4137
v 1.1 		-0.3312 		0.412
v 1.1 		-0.3273 		0.4175
v 1.1 		-0.3286 		0.4155
v 1.1 		-0.3249 		0.4217
v 1.1 		-0.3261 		0.4195
v 1.1 		-0.3225 		0.4263
v 1.1 		-0.3237 		0.4239
v 1.1 		-0.3199 		0.4314
v 1.1 		-0.3212 		0.4288
v 1.1 		-0.3172 		0.4371
v 1.1 		-0.3186 		0.4342
v 1.1 		-0.2645 		0.4066
v 1.1 		-0.3099 		0.4066
v 1.1 		-0.315 		0.4371
v 1.1 		-0.2653 		0.4304
v 1.1 		-0.2645 		0.4304
v 1.1 		-0.2801 		0.5824
v 1.1 		-0.28 		0.5756
v 1.1 		-0.28 		0.4619
v 1.1 		-0.2808 		0.5948
v 1.1 		-0.2803 		0.5888
v 1.1 		-0.2823 		0.6059
v 1.1 		-0.2815 		0.6006
v 1.1 		-0.2845 		0.6156
v 1.1 		-0.2833 		0.6109
v 1.1 		-0.2873 		0.624
v 1.1 		-0.2858 		0.6199
v 1.1 		-0.2908 		0.6312
v 1.1 		-0.289 		0.6278
v 1.1 		-0.2951 		0.6371
v 1.1 		-0.2928 		0.6344
v 1.1 		-0.3001 		0.6419
v 1.1 		-0.2975 		0.6396
v 1.1 		-0.3058 		0.6457
v 1.1 		-0.3029 		0.6439
v 1.1 		-0.3122 		0.6485
v 1.1 		-0.3089 		0.6472
v 1.1 		-0.3194 		0.6503
v 1.1 		-0.3157 		0.6495
v 1.1 		-0.3272 		0.6513
v 1.1 		-0.3232 		0.6509
v 1.1 		-0.3349 		0.6513
v 1.1 		-0.3314 		0.6514
v 1.1 		-0.3415 		0.6507
v 1.1 		-0.3382 		0.6511
v 1.1 		-0.3479 		0.6496
v 1.1 		-0.3448 		0.6502
v 1.1 		-0.354 		0.6479
v 1.1 		-0.351 		0.6488
v 1.1 		-0.3596 		0.6455
v 1.1 		-0.3569 		0.6468
v 1.1 		-0.3647 		0.6425
v 1.1 		-0.3622 		0.6441
v 1.1 		-0.3693 		0.6389
v 1.1 		-0.3671 		0.6408
v 1.1 		-0.3732 		0.6345
v 1.1 		-0.3713 		0.6368
v 1.1 		-0.3764 		0.6294
v 1.1 		-0.3749 		0.6321
v 1.1 		-0.379 		0.6237
v 1.1 		-0.3778 		0.6266
v 1.1 		-0.3808 		0.6171
v 1.1 		-0.3801 		0.6205
v 1.1 		-0.3817 		0.6097
v 1.1 		-0.3814 		0.6135
v 1.1 		-0.3816 		0.6006
v 1.1 		-0.3819 		0.6058
v 1.1 		-0.3798 		0.5918
v 1.1 		-0.3809 		0.5959
v 1.1 		-0.3761 		0.5852
v 1.1 		-0.3782 		0.5882
v 1.1 		-0.3706 		0.5806
v 1.1 		-0.3736 		0.5826
v 1.1 		-0.3632 		0.5776
v 1.1 		-0.3671 		0.5789
v 1.1 		-0.354 		0.5761
v 1.1 		-0.3588 		0.5766
v 1.1 		-0.3487 		0.5793
v 1.1 		-0.3487 		0.5759
v 1.1 		-0.354 		0.4772
v 1.1 		-0.3537 		0.4613
v 1.1 		-0.2667 		0.4304
v 1.1 		-0.3486 		0.5826
v 1.1 		-0.3532 		0.4562
v 1.1 		-0.2679 		0.4305
v 1.1 		-0.3539 		0.4811
v 1.1 		-0.3526 		0.4517
v 1.1 		-0.2799 		0.4588
v 1.1 		-0.3485 		0.5858
v 1.1 		-0.3537 		0.4848
v 1.1 		-0.3518 		0.4477
v 1.1 		-0.2691 		0.4307
v 1.1 		-0.2799 		0.456
v 1.1 		-0.3535 		0.4884
v 1.1 		-0.3508 		0.4442
v 1.1 		-0.2702 		0.4309
v 1.1 		-0.3484 		0.589
v 1.1 		-0.3532 		0.4917
v 1.1 		-0.3496 		0.4412
v 1.1 		-0.2712 		0.4313
v 1.1 		-0.3482 		0.5921
v 1.1 		-0.3528 		0.4949
v 1.1 		-0.3482 		0.4388
v 1.1 		-0.2722 		0.4317
v 1.1 		-0.348 		0.5952
v 1.1 		-0.3523 		0.4979
v 1.1 		-0.3465 		0.437
v 1.1 		-0.2732 		0.4322
v 1.1 		-0.3477 		0.598
v 1.1 		-0.3518 		0.5007
v 1.1 		-0.2741 		0.4329
v 1.1 		-0.3473 		0.6007
v 1.1 		-0.3511 		0.5033
v 1.1 		-0.3446 		0.4356
v 1.1 		-0.2749 		0.4337
v 1.1 		-0.3469 		0.6033
v 1.1 		-0.3503 		0.5058
v 1.1 		-0.3426 		0.4348
v 1.1 		-0.2756 		0.4347
v 1.1 		-0.3464 		0.6057
v 1.1 		-0.3495 		0.5081
v 1.1 		-0.3403 		0.4345
v 1.1 		-0.2762 		0.4357
v 1.1 		-0.3458 		0.6081
v 1.1 		-0.3485 		0.5104
v 1.1 		-0.3385 		0.4347
v 1.1 		-0.2768 		0.4368
v 1.1 		-0.3452 		0.6103
v 1.1 		-0.3475 		0.5124
v 1.1 		-0.3368 		0.435
v 1.1 		-0.2774 		0.438
v 1.1 		-0.3446 		0.6123
v 1.1 		-0.3463 		0.5143
v 1.1 		-0.3352 		0.4355
v 1.1 		-0.3439 		0.6142
v 1.1 		-0.345 		0.5161
v 1.1 		-0.3337 		0.4363
v 1.1 		-0.2779 		0.4394
v 1.1 		-0.3431 		0.616
v 1.1 		-0.3322 		0.4372
v 1.1 		-0.2783 		0.441
v 1.1 		-0.3422 		0.6175
v 1.1 		-0.3436 		0.5176
v 1.1 		-0.3307 		0.4384
v 1.1 		-0.2787 		0.4427
v 1.1 		-0.3413 		0.619
v 1.1 		-0.3421 		0.5191
v 1.1 		-0.3294 		0.4399
v 1.1 		-0.279 		0.4445
v 1.1 		-0.3403 		0.6202
v 1.1 		-0.3404 		0.5203
v 1.1 		-0.3281 		0.4415
v 1.1 		-0.2793 		0.4464
v 1.1 		-0.3392 		0.6214
v 1.1 		-0.3387 		0.5215
v 1.1 		-0.3268 		0.4434
v 1.1 		-0.2795 		0.4486
v 1.1 		-0.338 		0.6224
v 1.1 		-0.3369 		0.5225
v 1.1 		-0.3256 		0.4454
v 1.1 		-0.2797 		0.4509
v 1.1 		-0.3367 		0.6231
v 1.1 		-0.3349 		0.5232
v 1.1 		-0.3245 		0.4476
v 1.1 		-0.2798 		0.4533
v 1.1 		-0.3353 		0.6236
v 1.1 		-0.3328 		0.5237
v 1.1 		-0.3235 		0.45
v 1.1 		-0.3339 		0.624
v 1.1 		-0.3306 		0.5241
v 1.1 		-0.3226 		0.4524
v 1.1 		-0.3323 		0.6241
v 1.1 		-0.3283 		0.5242
v 1.1 		-0.3307 		0.624
v 1.1 		-0.3172 		0.5242
v 1.1 		-0.3217 		0.4551
v 1.1 		-0.3209 		0.4579
v 1.1 		-0.3292 		0.6236
v 1.1 		-0.3201 		0.461
v 1.1 		-0.3279 		0.6231
v 1.1 		-0.3195 		0.4642
v 1.1 		-0.3266 		0.6224
v 1.1 		-0.3189 		0.4676
v 1.1 		-0.3254 		0.6214
v 1.1 		-0.3184 		0.4711
v 1.1 		-0.3244 		0.6202
v 1.1 		-0.3179 		0.4748
v 1.1 		-0.3234 		0.6189
v 1.1 		-0.3176 		0.4786
v 1.1 		-0.3225 		0.6173
v 1.1 		-0.3174 		0.4825
v 1.1 		-0.3217 		0.6156
v 1.1 		-0.3172 		0.4866
v 1.1 		-0.3209 		0.6138
v 1.1 		-0.3172 		0.4908
v 1.1 		-0.3203 		0.6118
v 1.1 		-0.3198 		0.6096
v 1.1 		-0.3193 		0.6072
v 1.1 		-0.3189 		0.6046
v 1.1 		-0.3172 		0.5724
v 1.1 		-0.3185 		0.6019
v 1.1 		-0.3172 		0.5761
v 1.1 		-0.3182 		0.5991
v 1.1 		-0.3172 		0.5796
v 1.1 		-0.3179 		0.5961
v 1.1 		-0.3173 		0.5831
v 1.1 		-0.3177 		0.5929
v 1.1 		-0.3174 		0.5865
v 1.1 		-0.3175 		0.5898
v 1.25 		-0.3172 		0.5473
v 1.25 		-0.3373 		0.5473
v 1.25 		-0.346 		0.5468
v 1.25 		-0.3541 		0.5453
v 1.25 		-0.3613 		0.5429
v 1.25 		-0.3678 		0.5394
v 1.25 		-0.3735 		0.535
v 1.25 		-0.3785 		0.5296
v 1.25 		-0.3827 		0.5232
v 1.25 		-0.3861 		0.5157
v 1.25 		-0.3887 		0.5072
v 1.25 		-0.3906 		0.4977
v 1.25 		-0.3917 		0.487
v 1.25 		-0.3921 		0.4753
v 1.25 		-0.354 		0.4731
v 1.25 		-0.3539 		0.4669
v 1.25 		-0.392 		0.4693
v 1.25 		-0.3918 		0.4635
v 1.25 		-0.3914 		0.4579
v 1.25 		-0.3908 		0.4526
v 1.25 		-0.3901 		0.4476
v 1.25 		-0.3893 		0.4429
v 1.25 		-0.3882 		0.4384
v 1.25 		-0.387 		0.4342
v 1.25 		-0.3857 		0.4303
v 1.25 		-0.3842 		0.4266
v 1.25 		-0.3827 		0.4232
v 1.25 		-0.381 		0.4201
v 1.25 		-0.3792 		0.4171
v 1.25 		-0.3774 		0.4145
v 1.25 		-0.3754 		0.4121
v 1.25 		-0.3733 		0.41
v 1.25 		-0.3711 		0.4081
v 1.25 		-0.3688 		0.4066
v 1.25 		-0.3664 		0.4053
v 1.25 		-0.364 		0.4043
v 1.25 		-0.3615 		0.4035
v 1.25 		-0.3589 		0.4029
v 1.25 		-0.3563 		0.4025
v 1.25 		-0.3537 		0.4024
v 1.25 		-0.3514 		0.4025
v 1.25 		-0.3493 		0.4026
v 1.25 		-0.3472 		0.4029
v 1.25 		-0.3453 		0.4033
v 1.25 		-0.3434 		0.4038
v 1.25 		-0.3417 		0.4044
v 1.25 		-0.34 		0.4051
v 1.25 		-0.3384 		0.406
v 1.25 		-0.3368 		0.407
v 1.25 		-0.3353 		0.4081
v 1.25 		-0.3339 		0.4092
v 1.25 		-0.3325 		0.4105
v 1.25 		-0.3312 		0.412
v 1.25 		-0.3299 		0.4137
v 1.25 		-0.3286 		0.4155
v 1.25 		-0.3273 		0.4175
v 1.25 		-0.3261 		0.4195
v 1.25 		-0.3249 		0.4217
v 1.25 		-0.3237 		0.4239
v 1.25 		-0.3225 		0.4263
v 1.25 		-0.3212 		0.4288
v 1.25 		-0.3199 		0.4314
v 1.25 		-0.3186 		0.4342
v 1.25 		-0.3172 		0.4371
v 1.25 		-0.315 		0.4371
v 1.25 		-0.3099 		0.4066
v 1.25 		-0.2645 		0.4066
v 1.25 		-0.2645 		0.4304
v 1.25 		-0.2653 		0.4304
v 1.25 		-0.28 		0.4619
v 1.25 		-0.28 		0.5756
v 1.25 		-0.2801 		0.5824
v 1.25 		-0.2803 		0.5888
v 1.25 		-0.2808 		0.5948
v 1.25 		-0.2815 		0.6006
v 1.25 		-0.2823 		0.6059
v 1.25 		-0.2833 		0.6109
v 1.25 		-0.2845 		0.6156
v 1.25 		-0.2858 		0.6199
v 1.25 		-0.2873 		0.624
v 1.25 		-0.289 		0.6278
v 1.25 		-0.2908 		0.6312
v 1.25 		-0.2928 		0.6344
v 1.25 		-0.2951 		0.6371
v 1.25 		-0.2975 		0.6396
v 1.25 		-0.3001 		0.6419
v 1.25 		-0.3029 		0.6439
v 1.25 		-0.3058 		0.6457
v 1.25 		-0.3089 		0.6472
v 1.25 		-0.3122 		0.6485
v 1.25 		-0.3157 		0.6495
v 1.25 		-0.3194 		0.6503
v 1.25 		-0.3232 		0.6509
v 1.25 		-0.3272 		0.6513
v 1.25 		-0.3314 		0.6514
v 1.25 		-0.3349 		0.6513
v 1.25 		-0.3382 		0.6511
v 1.25 		-0.3415 		0.6507
v 1.25 		-0.3448 		0.6502
v 1.25 		-0.3479 		0.6496
v 1.25 		-0.351 		0.6488
v 1.25 		-0.354 		0.6479
v 1.25 		-0.3569 		0.6468
v 1.25 		-0.3596 		0.6455
v 1.25 		-0.3622 		0.6441
v 1.25 		-0.3647 		0.6425
v 1.25 		-0.3671 		0.6408
v 1.25 		-0.3693 		0.6389
v 1.25 		-0.3713 		0.6368
v 1.25 		-0.3732 		0.6345
v 1.25 		-0.3749 		0.6321
v 1.25 		-0.3764 		0.6294
v 1.25 		-0.3778 		0.6266
v 1.25 		-0.379 		0.6237
v 1.25 		-0.3801 		0.6205
v 1.25 		-0.3808 		0.6171
v 1.25 		-0.3814 		0.6135
v 1.25 		-0.3817 		0.6097
v 1.25 		-0.3819 		0.6058
v 1.25 		-0.3816 		0.6006
v 1.25 		-0.3809 		0.5959
v 1.25 		-0.3798 		0.5918
v 1.25 		-0.3782 		0.5882
v 1.25 		-0.3761 		0.5852
v 1.25 		-0.3736 		0.5826
v 1.25 		-0.3706 		0.5806
v 1.25 		-0.3671 		0.5789
v 1.25 		-0.3632 		0.5776
v 1.25 		-0.3588 		0.5766
v 1.25 		-0.354 		0.5761
v 1.25 		-0.3487 		0.5759
v 1.25 		-0.3487 		0.5793
v 1.25 		-0.354 		0.4772
v 1.25 		-0.3537 		0.4613
v 1.25 		-0.2667 		0.4304
v 1.25 		-0.3486 		0.5826
v 1.25 		-0.3532 		0.4562
v 1.25 		-0.2679 		0.4305
v 1.25 		-0.3539 		0.4811
v 1.25 		-0.3526 		0.4517
v 1.25 		-0.2799 		0.4588
v 1.25 		-0.3485 		0.5858
v 1.25 		-0.3537 		0.4848
v 1.25 		-0.3518 		0.4477
v 1.25 		-0.2691 		0.4307
v 1.25 		-0.2799 		0.456
v 1.25 		-0.3535 		0.4884
v 1.25 		-0.3508 		0.4442
v 1.25 		-0.2702 		0.4309
v 1.25 		-0.3484 		0.589
v 1.25 		-0.3532 		0.4917
v 1.25 		-0.3496 		0.4412
v 1.25 		-0.2712 		0.4313
v 1.25 		-0.3482 		0.5921
v 1.25 		-0.3528 		0.4949
v 1.25 		-0.3482 		0.4388
v 1.25 		-0.2722 		0.4317
v 1.25 		-0.348 		0.5952
v 1.25 		-0.3523 		0.4979
v 1.25 		-0.3465 		0.437
v 1.25 		-0.2732 		0.4322
v 1.25 		-0.3477 		0.598
v 1.25 		-0.3518 		0.5007
v 1.25 		-0.2741 		0.4329
v 1.25 		-0.3473 		0.6007
v 1.25 		-0.3511 		0.5033
v 1.25 		-0.3446 		0.4356
v 1.25 		-0.2749 		0.4337
v 1.25 		-0.3469 		0.6033
v 1.25 		-0.3503 		0.5058
v 1.25 		-0.3426 		0.4348
v 1.25 		-0.2756 		0.4347
v 1.25 		-0.3464 		0.6057
v 1.25 		-0.3495 		0.5081
v 1.25 		-0.3403 		0.4345
v 1.25 		-0.2762 		0.4357
v 1.25 		-0.3458 		0.6081
v 1.25 		-0.3485 		0.5104
v 1.25 		-0.3385 		0.4347
v 1.25 		-0.2768 		0.4368
v 1.25 		-0.3452 		0.6103
v 1.25 		-0.3475 		0.5124
v 1.25 		-0.3368 		0.435
v 1.25 		-0.2774 		0.438
v 1.25 		-0.3446 		0.6123
v 1.25 		-0.3463 		0.5143
v 1.25 		-0.3352 		0.4355
v 1.25 		-0.3439 		0.6142
v 1.25 		-0.345 		0.5161
v 1.25 		-0.3337 		0.4363
v 1.25 		-0.2779 		0.4394
v 1.25 		-0.3431 		0.616
v 1.25 		-0.3322 		0.4372
v 1.25 		-0.2783 		0.441
v 1.25 		-0.3422 		0.6175
v 1.25 		-0.3436 		0.5176
v 1.25 		-0.3307 		0.4384
v 1.25 		-0.2787 		0.4427
v 1.25 		-0.3413 		0.619
v 1.25 		-0.3421 		0.5191
v 1.25 		-0.3294 		0.4399
v 1.25 		-0.279 		0.4445
v 1.25 		-0.3403 		0.6202
v 1.25 		-0.3404 		0.5203
v 1.25 		-0.3281 		0.4415
v 1.25 		-0.2793 		0.4464
v 1.25 		-0.3392 		0.6214
v 1.25 		-0.3387 		0.5215
v 1.25 		-0.3268 		0.4434
v 1.25 		-0.2795 		0.4486
v 1.25 		-0.338 		0.6224
v 1.25 		-0.3369 		0.5225
v 1.25 		-0.3256 		0.4454
v 1.25 		-0.2797 		0.4509
v 1.25 		-0.3367 		0.6231
v 1.25 		-0.3349 		0.5232
v 1.25 		-0.3245 		0.4476
v 1.25 		-0.2798 		0.4533
v 1.25 		-0.3353 		0.6236
v 1.25 		-0.3328 		0.5237
v 1.25 		-0.3235 		0.45
v 1.25 		-0.3339 		0.624
v 1.25 		-0.3306 		0.5241
v 1.25 		-0.3226 		0.4524
v 1.25 		-0.3323 		0.6241
v 1.25 		-0.3283 		0.5242
v 1.25 		-0.3307 		0.624
v 1.25 		-0.3172 		0.5242
v 1.25 		-0.3217 		0.4551
v 1.25 		-0.3209 		0.4579
v 1.25 		-0.3292 		0.6236
v 1.25 		-0.3201 		0.461
v 1.25 		-0.3279 		0.6231
v 1.25 		-0.3195 		0.4642
v 1.25 		-0.3266 		0.6224
v 1.25 		-0.3189 		0.4676
v 1.25 		-0.3254 		0.6214
v 1.25 		-0.3184 		0.4711
v 1.25 		-0.3244 		0.6202
v 1.25 		-0.3179 		0.4748
v 1.25 		-0.3234 		0.6189
v 1.25 		-0.3176 		0.4786
v 1.25 		-0.3225 		0.6173
v 1.25 		-0.3174 		0.4825
v 1.25 		-0.3217 		0.6156
v 1.25 		-0.3172 		0.4866
v 1.25 		-0.3209 		0.6138
v 1.25 		-0.3172 		0.4908
v 1.25 		-0.3203 		0.6118
v 1.25 		-0.3198 		0.6096
v 1.25 		-0.3193 		0.6072
v 1.25 		-0.3189 		0.6046
v 1.25 		-0.3172 		0.5724
v 1.25 		-0.3185 		0.6019
v 1.25 		-0.3172 		0.5761
v 1.25 		-0.3182 		0.5991
v 1.25 		-0.3172 		0.5796
v 1.25 		-0.3179 		0.5961
v 1.25 		-0.3173 		0.5831
v 1.25 		-0.3177 		0.5929
v 1.25 		-0.3174 		0.5865
v 1.25 		-0.3175 		0.5898
v 1.1 		-0.1079 		0.6456
v 1.1 		-0.1079 		0.6218
v 1.1 		-0.1129 		0.6218
v 1.1 		-0.1617 		0.6218
v 1.1 		-0.1617 		0.6456
v 1.1 		-0.1462 		0.5944
v 1.1 		-0.146 		0.5965
v 1.1 		-0.1457 		0.5986
v 1.1 		-0.1645 		0.4946
v 1.1 		-0.1479 		0.5842
v 1.1 		-0.1475 		0.5863
v 1.1 		-0.166 		0.4854
v 1.1 		-0.1657 		0.4872
v 1.1 		-0.1655 		0.4889
v 1.1 		-0.1682 		0.4728
v 1.1 		-0.1679 		0.475
v 1.1 		-0.1675 		0.4772
v 1.1 		-0.1693 		0.466
v 1.1 		-0.1689 		0.4683
v 1.1 		-0.1686 		0.4705
v 1.1 		-0.17 		0.4615
v 1.1 		-0.1696 		0.4638
v 1.1 		-0.1706 		0.457
v 1.1 		-0.1703 		0.4592
v 1.1 		-0.1711 		0.453
v 1.1 		-0.1709 		0.4549
v 1.1 		-0.1716 		0.4493
v 1.1 		-0.1714 		0.4511
v 1.1 		-0.1725 		0.4572
v 1.1 		-0.172 		0.4532
v 1.1 		-0.1737 		0.4657
v 1.1 		-0.1731 		0.4614
v 1.1 		-0.1751 		0.475
v 1.1 		-0.1743 		0.4703
v 1.1 		-0.1766 		0.4844
v 1.1 		-0.1758 		0.4797
v 1.1 		-0.1783 		0.4939
v 1.1 		-0.1774 		0.4892
v 1.1 		-0.1802 		0.5033
v 1.1 		-0.1792 		0.4986
v 1.1 		-0.1804 		0.6456
v 1.1 		-0.1804 		0.6218
v 1.1 		-0.1908 		0.6218
v 1.1 		-0.2563 		0.6218
v 1.1 		-0.2563 		0.6456
v 1.1 		-0.2483 		0.6202
v 1.1 		-0.2493 		0.6205
v 1.1 		-0.2503 		0.6209
v 1.1 		-0.1643 		0.4066
v 1.1 		-0.1966 		0.4066
v 1.1 		-0.2368 		0.6003
v 1.1 		-0.1205 		0.6172
v 1.1 		-0.1211 		0.616
v 1.1 		-0.1218 		0.6149
v 1.1 		-0.1137 		0.6218
v 1.1 		-0.1548 		0.6218
v 1.1 		-0.1646 		0.4938
v 1.1 		-0.1652 		0.4903
v 1.1 		-0.1671 		0.4794
v 1.1 		-0.192 		0.6217
v 1.1 		-0.255 		0.6218
v 1.1 		-0.2373 		0.6024
v 1.1 		-0.1145 		0.6217
v 1.1 		-0.1534 		0.6217
v 1.1 		-0.1648 		0.4928
v 1.1 		-0.165 		0.4916
v 1.1 		-0.1667 		0.4814
v 1.1 		-0.1966 		0.5878
v 1.1 		-0.1931 		0.6214
v 1.1 		-0.2538 		0.6217
v 1.1 		-0.2377 		0.6043
v 1.1 		-0.1153 		0.6215
v 1.1 		-0.1522 		0.6215
v 1.1 		-0.1664 		0.4834
v 1.1 		-0.1941 		0.6209
v 1.1 		-0.2526 		0.6215
v 1.1 		-0.2382 		0.6062
v 1.1 		-0.1161 		0.6213
v 1.1 		-0.151 		0.6211
v 1.1 		-0.1968 		0.5891
v 1.1 		-0.195 		0.6201
v 1.1 		-0.2514 		0.6213
v 1.1 		-0.2387 		0.6079
v 1.1 		-0.1168 		0.6209
v 1.1 		-0.1499 		0.6205
v 1.1 		-0.1958 		0.6192
v 1.1 		-0.2393 		0.6095
v 1.1 		-0.1174 		0.6205
v 1.1 		-0.1489 		0.6198
v 1.1 		-0.1472 		0.5883
v 1.1 		-0.1966 		0.618
v 1.1 		-0.2398 		0.6109
v 1.1 		-0.1181 		0.6202
v 1.1 		-0.1479 		0.6189
v 1.1 		-0.1187 		0.6196
v 1.1 		-0.1471 		0.6179
v 1.1 		-0.1973 		0.6167
v 1.1 		-0.1193 		0.6189
v 1.1 		-0.1464 		0.6167
v 1.1 		-0.1979 		0.6152
v 1.1 		-0.1199 		0.6181
v 1.1 		-0.1458 		0.6152
v 1.1 		-0.1983 		0.6136
v 1.1 		-0.1454 		0.6134
v 1.1 		-0.1986 		0.6117
v 1.1 		-0.1452 		0.6113
v 1.1 		-0.1988 		0.6096
v 1.1 		-0.1224 		0.6135
v 1.1 		-0.1451 		0.609
v 1.1 		-0.1989 		0.6074
v 1.1 		-0.1989 		0.6056
v 1.1 		-0.123 		0.612
v 1.1 		-0.1988 		0.6038
v 1.1 		-0.1236 		0.6103
v 1.1 		-0.1987 		0.602
v 1.1 		-0.1242 		0.6085
v 1.1 		-0.1986 		0.6002
v 1.1 		-0.1248 		0.6064
v 1.1 		-0.1984 		0.5985
v 1.1 		-0.1254 		0.6042
v 1.1 		-0.2474 		0.6198
v 1.1 		-0.1261 		0.6017
v 1.1 		-0.1982 		0.5968
v 1.1 		-0.1267 		0.5989
v 1.1 		-0.1979 		0.5951
v 1.1 		-0.1273 		0.596
v 1.1 		-0.1976 		0.5935
v 1.1 		-0.128 		0.5928
v 1.1 		-0.2465 		0.6193
v 1.1 		-0.1287 		0.5894
v 1.1 		-0.1973 		0.592
v 1.1 		-0.1451 		0.6069
v 1.1 		-0.1971 		0.5905
v 1.1 		-0.1452 		0.6049
v 1.1 		-0.1453 		0.6028
v 1.1 		-0.2456 		0.6187
v 1.1 		-0.1455 		0.6007
v 1.1 		-0.2448 		0.618
v 1.1 		-0.244 		0.6173
v 1.1 		-0.2432 		0.6164
v 1.1 		-0.2424 		0.6155
v 1.1 		-0.1465 		0.5924
v 1.1 		-0.2417 		0.6144
v 1.1 		-0.1468 		0.5903
v 1.1 		-0.241 		0.6133
v 1.1 		-0.2404 		0.6122
v 1.25 		-0.1129 		0.6218
v 1.25 		-0.1079 		0.6218
v 1.25 		-0.1079 		0.6456
v 1.25 		-0.1617 		0.6456
v 1.25 		-0.1617 		0.6218
v 1.25 		-0.1457 		0.5986
v 1.25 		-0.146 		0.5965
v 1.25 		-0.1462 		0.5944
v 1.25 		-0.1475 		0.5863
v 1.25 		-0.1479 		0.5842
v 1.25 		-0.1645 		0.4946
v 1.25 		-0.1655 		0.4889
v 1.25 		-0.1657 		0.4872
v 1.25 		-0.166 		0.4854
v 1.25 		-0.1675 		0.4772
v 1.25 		-0.1679 		0.475
v 1.25 		-0.1682 		0.4728
v 1.25 		-0.1686 		0.4705
v 1.25 		-0.1689 		0.4683
v 1.25 		-0.1693 		0.466
v 1.25 		-0.1696 		0.4638
v 1.25 		-0.17 		0.4615
v 1.25 		-0.1703 		0.4592
v 1.25 		-0.1706 		0.457
v 1.25 		-0.1709 		0.4549
v 1.25 		-0.1711 		0.453
v 1.25 		-0.1714 		0.4511
v 1.25 		-0.1716 		0.4493
v 1.25 		-0.172 		0.4532
v 1.25 		-0.1725 		0.4572
v 1.25 		-0.1731 		0.4614
v 1.25 		-0.1737 		0.4657
v 1.25 		-0.1743 		0.4703
v 1.25 		-0.1751 		0.475
v 1.25 		-0.1758 		0.4797
v 1.25 		-0.1766 		0.4844
v 1.25 		-0.1774 		0.4892
v 1.25 		-0.1783 		0.4939
v 1.25 		-0.1792 		0.4986
v 1.25 		-0.1802 		0.5033
v 1.25 		-0.1908 		0.6218
v 1.25 		-0.1804 		0.6218
v 1.25 		-0.1804 		0.6456
v 1.25 		-0.2563 		0.6456
v 1.25 		-0.2563 		0.6218
v 1.25 		-0.2503 		0.6209
v 1.25 		-0.2493 		0.6205
v 1.25 		-0.2483 		0.6202
v 1.25 		-0.2368 		0.6003
v 1.25 		-0.1966 		0.4066
v 1.25 		-0.1643 		0.4066
v 1.25 		-0.1218 		0.6149
v 1.25 		-0.1211 		0.616
v 1.25 		-0.1205 		0.6172
v 1.25 		-0.1137 		0.6218
v 1.25 		-0.1548 		0.6218
v 1.25 		-0.1646 		0.4938
v 1.25 		-0.1652 		0.4903
v 1.25 		-0.1671 		0.4794
v 1.25 		-0.192 		0.6217
v 1.25 		-0.255 		0.6218
v 1.25 		-0.2373 		0.6024
v 1.25 		-0.1145 		0.6217
v 1.25 		-0.1534 		0.6217
v 1.25 		-0.1648 		0.4928
v 1.25 		-0.165 		0.4916
v 1.25 		-0.1667 		0.4814
v 1.25 		-0.1966 		0.5878
v 1.25 		-0.1931 		0.6214
v 1.25 		-0.2538 		0.6217
v 1.25 		-0.2377 		0.6043
v 1.25 		-0.1153 		0.6215
v 1.25 		-0.1522 		0.6215
v 1.25 		-0.1664 		0.4834
v 1.25 		-0.1941 		0.6209
v 1.25 		-0.2526 		0.6215
v 1.25 		-0.2382 		0.6062
v 1.25 		-0.1161 		0.6213
v 1.25 		-0.151 		0.6211
v 1.25 		-0.1968 		0.5891
v 1.25 		-0.195 		0.6201
v 1.25 		-0.2514 		0.6213
v 1.25 		-0.2387 		0.6079
v 1.25 		-0.1168 		0.6209
v 1.25 		-0.1499 		0.6205
v 1.25 		-0.1958 		0.6192
v 1.25 		-0.2393 		0.6095
v 1.25 		-0.1174 		0.6205
v 1.25 		-0.1489 		0.6198
v 1.25 		-0.1472 		0.5883
v 1.25 		-0.1966 		0.618
v 1.25 		-0.2398 		0.6109
v 1.25 		-0.1181 		0.6202
v 1.25 		-0.1479 		0.6189
v 1.25 		-0.1187 		0.6196
v 1.25 		-0.1471 		0.6179
v 1.25 		-0.1973 		0.6167
v 1.25 		-0.1193 		0.6189
v 1.25 		-0.1464 		0.6167
v 1.25 		-0.1979 		0.6152
v 1.25 		-0.1199 		0.6181
v 1.25 		-0.1458 		0.6152
v 1.25 		-0.1983 		0.6136
v 1.25 		-0.1454 		0.6134
v 1.25 		-0.1986 		0.6117
v 1.25 		-0.1452 		0.6113
v 1.25 		-0.1988 		0.6096
v 1.25 		-0.1224 		0.6135
v 1.25 		-0.1451 		0.609
v 1.25 		-0.1989 		0.6074
v 1.25 		-0.1989 		0.6056
v 1.25 		-0.123 		0.612
v 1.25 		-0.1988 		0.6038
v 1.25 		-0.1236 		0.6103
v 1.25 		-0.1987 		0.602
v 1.25 		-0.1242 		0.6085
v 1.25 		-0.1986 		0.6002
v 1.25 		-0.1248 		0.6064
v 1.25 		-0.1984 		0.5985
v 1.25 		-0.1254 		0.6042
v 1.25 		-0.2474 		0.6198
v 1.25 		-0.1261 		0.6017
v 1.25 		-0.1982 		0.5968
v 1.25 		-0.1267 		0.5989
v 1.25 		-0.1979 		0.5951
v 1.25 		-0.1273 		0.596
v 1.25 		-0.1976 		0.5935
v 1.25 		-0.128 		0.5928
v 1.25 		-0.2465 		0.6193
v 1.25 		-0.1287 		0.5894
v 1.25 		-0.1973 		0.592
v 1.25 		-0.1451 		0.6069
v 1.25 		-0.1971 		0.5905
v 1.25 		-0.1452 		0.6049
v 1.25 		-0.1453 		0.6028
v 1.25 		-0.2456 		0.6187
v 1.25 		-0.1455 		0.6007
v 1.25 		-0.2448 		0.618
v 1.25 		-0.244 		0.6173
v 1.25 		-0.2432 		0.6164
v 1.25 		-0.2424 		0.6155
v 1.25 		-0.1465 		0.5924
v 1.25 		-0.2417 		0.6144
v 1.25 		-0.1468 		0.5903
v 1.25 		-0.241 		0.6133
v 1.25 		-0.2404 		0.6122
v 1.1 		-0.0867 		0.7152
v 1.1 		-0.0868 		0.7179
v 1.1 		-0.0867 		0.7206
v 1.1 		-0.0864 		0.7101
v 1.1 		-0.0866 		0.7126
v 1.1 		-0.0857 		0.7055
v 1.1 		-0.0861 		0.7077
v 1.1 		-0.0846 		0.7014
v 1.1 		-0.0852 		0.7034
v 1.1 		-0.0833 		0.6979
v 1.1 		-0.084 		0.6996
v 1.1 		-0.0817 		0.6948
v 1.1 		-0.0825 		0.6963
v 1.1 		-0.0798 		0.6922
v 1.1 		-0.0808 		0.6935
v 1.1 		-0.0777 		0.6901
v 1.1 		-0.0788 		0.6911
v 1.1 		-0.0755 		0.6884
v 1.1 		-0.0766 		0.6892
v 1.1 		-0.073 		0.6871
v 1.1 		-0.0742 		0.6877
v 1.1 		-0.0704 		0.6862
v 1.1 		-0.0717 		0.6866
v 1.1 		-0.0676 		0.6858
v 1.1 		-0.069 		0.686
v 1.1 		-0.0647 		0.6858
v 1.1 		-0.0661 		0.6858
v 1.1 		-0.062 		0.6862
v 1.1 		-0.0634 		0.686
v 1.1 		-0.0593 		0.6871
v 1.1 		-0.0607 		0.6866
v 1.1 		-0.0568 		0.6884
v 1.1 		-0.058 		0.6877
v 1.1 		-0.0545 		0.6901
v 1.1 		-0.0556 		0.6892
v 1.1 		-0.0523 		0.6922
v 1.1 		-0.0534 		0.6911
v 1.1 		-0.0504 		0.6948
v 1.1 		-0.0513 		0.6935
v 1.1 		-0.0488 		0.6979
v 1.1 		-0.0496 		0.6963
v 1.1 		-0.0474 		0.7014
v 1.1 		-0.048 		0.6996
v 1.1 		-0.0462 		0.7055
v 1.1 		-0.0467 		0.7034
v 1.1 		-0.0454 		0.7101
v 1.1 		-0.0458 		0.7077
v 1.1 		-0.045 		0.7152
v 1.1 		-0.0452 		0.7126
v 1.1 		-0.045 		0.7206
v 1.1 		-0.045 		0.7179
v 1.1 		-0.0454 		0.7257
v 1.1 		-0.0452 		0.7232
v 1.1 		-0.0462 		0.7302
v 1.1 		-0.0458 		0.728
v 1.1 		-0.0474 		0.7343
v 1.1 		-0.0467 		0.7323
v 1.1 		-0.0488 		0.7379
v 1.1 		-0.048 		0.7362
v 1.1 		-0.0504 		0.7409
v 1.1 		-0.0496 		0.7395
v 1.1 		-0.0523 		0.7435
v 1.1 		-0.0513 		0.7423
v 1.1 		-0.0545 		0.7457
v 1.1 		-0.0534 		0.7446
v 1.1 		-0.0568 		0.7474
v 1.1 		-0.0556 		0.7466
v 1.1 		-0.0593 		0.7487
v 1.1 		-0.058 		0.7481
v 1.1 		-0.062 		0.7495
v 1.1 		-0.0607 		0.7491
v 1.1 		-0.0647 		0.7499
v 1.1 		-0.0634 		0.7498
v 1.1 		-0.0676 		0.7499
v 1.1 		-0.0661 		0.75
v 1.1 		-0.0704 		0.7495
v 1.1 		-0.069 		0.7498
v 1.1 		-0.073 		0.7487
v 1.1 		-0.0717 		0.7491
v 1.1 		-0.0755 		0.7474
v 1.1 		-0.0742 		0.7481
v 1.1 		-0.0777 		0.7457
v 1.1 		-0.0766 		0.7466
v 1.1 		-0.0798 		0.7435
v 1.1 		-0.0788 		0.7446
v 1.1 		-0.0817 		0.7409
v 1.1 		-0.0808 		0.7423
v 1.1 		-0.0833 		0.7379
v 1.1 		-0.0825 		0.7395
v 1.1 		-0.0846 		0.7343
v 1.1 		-0.084 		0.7362
v 1.1 		-0.0857 		0.7302
v 1.1 		-0.0852 		0.7323
v 1.1 		-0.0864 		0.7257
v 1.1 		-0.0861 		0.728
v 1.1 		-0.0866 		0.7232
v 1.25 		-0.0867 		0.7206
v 1.25 		-0.0868 		0.7179
v 1.25 		-0.0867 		0.7152
v 1.25 		-0.0866 		0.7126
v 1.25 		-0.0864 		0.7101
v 1.25 		-0.0861 		0.7077
v 1.25 		-0.0857 		0.7055
v 1.25 		-0.0852 		0.7034
v 1.25 		-0.0846 		0.7014
v 1.25 		-0.084 		0.6996
v 1.25 		-0.0833 		0.6979
v 1.25 		-0.0825 		0.6963
v 1.25 		-0.0817 		0.6948
v 1.25 		-0.0808 		0.6935
v 1.25 		-0.0798 		0.6922
v 1.25 		-0.0788 		0.6911
v 1.25 		-0.0777 		0.6901
v 1.25 		-0.0766 		0.6892
v 1.25 		-0.0755 		0.6884
v 1.25 		-0.0742 		0.6877
v 1.25 		-0.073 		0.6871
v 1.25 		-0.0717 		0.6866
v 1.25 		-0.0704 		0.6862
v 1.25 		-0.069 		0.686
v 1.25 		-0.0676 		0.6858
v 1.25 		-0.0661 		0.6858
v 1.25 		-0.0647 		0.6858
v 1.25 		-0.0634 		0.686
v 1.25 		-0.062 		0.6862
v 1.25 		-0.0607 		0.6866
v 1.25 		-0.0593 		0.6871
v 1.25 		-0.058 		0.6877
v 1.25 		-0.0568 		0.6884
v 1.25 		-0.0556 		0.6892
v 1.25 		-0.0545 		0.6901
v 1.25 		-0.0534 		0.6911
v 1.25 		-0.0523 		0.6922
v 1.25 		-0.0513 		0.6935
v 1.25 		-0.0504 		0.6948
v 1.25 		-0.0496 		0.6963
v 1.25 		-0.0488 		0.6979
v 1.25 		-0.048 		0.6996
v 1.25 		-0.0474 		0.7014
v 1.25 		-0.0467 		0.7034
v 1.25 		-0.0462 		0.7055
v 1.25 		-0.0458 		0.7077
v 1.25 		-0.0454 		0.7101
v 1.25 		-0.0452 		0.7126
v 1.25 		-0.045 		0.7152
v 1.25 		-0.045 		0.7179
v 1.25 		-0.045 		0.7206
v 1.25 		-0.0452 		0.7232
v 1.25 		-0.0454 		0.7257
v 1.25 		-0.0458 		0.728
v 1.25 		-0.0462 		0.7302
v 1.25 		-0.0467 		0.7323
v 1.25 		-0.0474 		0.7343
v 1.25 		-0.048 		0.7362
v 1.25 		-0.0488 		0.7379
v 1.25 		-0.0496 		0.7395
v 1.25 		-0.0504 		0.7409
v 1.25 		-0.0513 		0.7423
v 1.25 		-0.0523 		0.7435
v 1.25 		-0.0534 		0.7446
v 1.25 		-0.0545 		0.7457
v 1.25 		-0.0556 		0.7466
v 1.25 		-0.0568 		0.7474
v 1.25 		-0.058 		0.7481
v 1.25 		-0.0593 		0.7487
v 1.25 		-0.0607 		0.7491
v 1.25 		-0.062 		0.7495
v 1.25 		-0.0634 		0.7498
v 1.25 		-0.0647 		0.7499
v 1.25 		-0.0661 		0.75
v 1.25 		-0.0676 		0.7499
v 1.25 		-0.069 		0.7498
v 1.25 		-0.0704 		0.7495
v 1.25 		-0.0717 		0.7491
v 1.25 		-0.073 		0.7487
v 1.25 		-0.0742 		0.7481
v 1.25 		-0.0755 		0.7474
v 1.25 		-0.0766 		0.7466
v 1.25 		-0.0777 		0.7457
v 1.25 		-0.0788 		0.7446
v 1.25 		-0.0798 		0.7435
v 1.25 		-0.0808 		0.7423
v 1.25 		-0.0817 		0.7409
v 1.25 		-0.0825 		0.7395
v 1.25 		-0.0833 		0.7379
v 1.25 		-0.084 		0.7362
v 1.25 		-0.0846 		0.7343
v 1.25 		-0.0852 		0.7323
v 1.25 		-0.0857 		0.7302
v 1.25 		-0.0861 		0.728
v 1.25 		-0.0864 		0.7257
v 1.25 		-0.0866 		0.7232
v 1.1 		-0.1037 		0.4066
v 1.1 		-0.1037 		0.4304
v 1.1 		-0.1009 		0.4304
v 1.1 		-0.0258 		0.4304
v 1.1 		-0.0258 		0.4066
v 1.1 		-0.1037 		0.6218
v 1.1 		-0.1037 		0.6456
v 1.1 		-0.0462 		0.6456
v 1.1 		-0.1 		0.4304
v 1.1 		-0.0288 		0.4304
v 1.1 		-0.1009 		0.6218
v 1.1 		-0.099 		0.4305
v 1.1 		-0.0297 		0.4304
v 1.1 		-0.1 		0.6218
v 1.1 		-0.0981 		0.4306
v 1.1 		-0.0306 		0.4305
v 1.1 		-0.0991 		0.6217
v 1.1 		-0.0971 		0.4308
v 1.1 		-0.0315 		0.4306
v 1.1 		-0.0981 		0.6216
v 1.1 		-0.0961 		0.431
v 1.1 		-0.0325 		0.4308
v 1.1 		-0.0972 		0.6214
v 1.1 		-0.095 		0.4313
v 1.1 		-0.0335 		0.431
v 1.1 		-0.0962 		0.6212
v 1.1 		-0.0941 		0.4317
v 1.1 		-0.0346 		0.4313
v 1.1 		-0.0952 		0.6209
v 1.1 		-0.0931 		0.4322
v 1.1 		-0.0356 		0.4317
v 1.1 		-0.0942 		0.6205
v 1.1 		-0.0922 		0.4328
v 1.1 		-0.0365 		0.4322
v 1.1 		-0.0933 		0.62
v 1.1 		-0.0913 		0.4335
v 1.1 		-0.0375 		0.4328
v 1.1 		-0.0923 		0.6194
v 1.1 		-0.0904 		0.4343
v 1.1 		-0.0384 		0.4335
v 1.1 		-0.0914 		0.6187
v 1.1 		-0.0896 		0.4352
v 1.1 		-0.0393 		0.4343
v 1.1 		-0.0905 		0.6179
v 1.1 		-0.0887 		0.4363
v 1.1 		-0.0402 		0.4352
v 1.1 		-0.0896 		0.617
v 1.1 		-0.0879 		0.4376
v 1.1 		-0.0411 		0.4363
v 1.1 		-0.0887 		0.616
v 1.1 		-0.0872 		0.439
v 1.1 		-0.0419 		0.4376
v 1.1 		-0.0879 		0.6148
v 1.1 		-0.0872 		0.6135
v 1.1 		-0.0864 		0.4405
v 1.1 		-0.0864 		0.612
v 1.1 		-0.0858 		0.4421
v 1.1 		-0.0858 		0.6104
v 1.1 		-0.0852 		0.4439
v 1.1 		-0.0852 		0.6087
v 1.1 		-0.0846 		0.4459
v 1.1 		-0.0846 		0.6068
v 1.1 		-0.0842 		0.4481
v 1.1 		-0.0462 		0.4593
v 1.1 		-0.0839 		0.4506
v 1.1 		-0.0462 		0.4562
v 1.1 		-0.0836 		0.4533
v 1.1 		-0.046 		0.4533
v 1.1 		-0.0835 		0.4562
v 1.1 		-0.0458 		0.4506
v 1.1 		-0.0834 		0.4593
v 1.1 		-0.0455 		0.4481
v 1.1 		-0.0426 		0.439
v 1.1 		-0.0451 		0.4459
v 1.1 		-0.0434 		0.4405
v 1.1 		-0.0446 		0.4439
v 1.1 		-0.044 		0.4421
v 1.1 		-0.0842 		0.6048
v 1.1 		-0.0839 		0.6026
v 1.1 		-0.0834 		0.5945
v 1.1 		-0.0836 		0.6001
v 1.1 		-0.0835 		0.5974
v 1.25 		-0.1009 		0.4304
v 1.25 		-0.1037 		0.4304
v 1.25 		-0.1037 		0.4066
v 1.25 		-0.0258 		0.4066
v 1.25 		-0.0258 		0.4304
v 1.25 		-0.0462 		0.6456
v 1.25 		-0.1037 		0.6456
v 1.25 		-0.1037 		0.6218
v 1.25 		-0.1 		0.4304
v 1.25 		-0.0288 		0.4304
v 1.25 		-0.1009 		0.6218
v 1.25 		-0.099 		0.4305
v 1.25 		-0.0297 		0.4304
v 1.25 		-0.1 		0.6218
v 1.25 		-0.0981 		0.4306
v 1.25 		-0.0306 		0.4305
v 1.25 		-0.0991 		0.6217
v 1.25 		-0.0971 		0.4308
v 1.25 		-0.0315 		0.4306
v 1.25 		-0.0981 		0.6216
v 1.25 		-0.0961 		0.431
v 1.25 		-0.0325 		0.4308
v 1.25 		-0.0972 		0.6214
v 1.25 		-0.095 		0.4313
v 1.25 		-0.0335 		0.431
v 1.25 		-0.0962 		0.6212
v 1.25 		-0.0941 		0.4317
v 1.25 		-0.0346 		0.4313
v 1.25 		-0.0952 		0.6209
v 1.25 		-0.0931 		0.4322
v 1.25 		-0.0356 		0.4317
v 1.25 		-0.0942 		0.6205
v 1.25 		-0.0922 		0.4328
v 1.25 		-0.0365 		0.4322
v 1.25 		-0.0933 		0.62
v 1.25 		-0.0913 		0.4335
v 1.25 		-0.0375 		0.4328
v 1.25 		-0.0923 		0.6194
v 1.25 		-0.0904 		0.4343
v 1.25 		-0.0384 		0.4335
v 1.25 		-0.0914 		0.6187
v 1.25 		-0.0896 		0.4352
v 1.25 		-0.0393 		0.4343
v 1.25 		-0.0905 		0.6179
v 1.25 		-0.0887 		0.4363
v 1.25 		-0.0402 		0.4352
v 1.25 		-0.0896 		0.617
v 1.25 		-0.0879 		0.4376
v 1.25 		-0.0411 		0.4363
v 1.25 		-0.0887 		0.616
v 1.25 		-0.0872 		0.439
v 1.25 		-0.0419 		0.4376
v 1.25 		-0.0879 		0.6148
v 1.25 		-0.0872 		0.6135
v 1.25 		-0.0864 		0.4405
v 1.25 		-0.0864 		0.612
v 1.25 		-0.0858 		0.4421
v 1.25 		-0.0858 		0.6104
v 1.25 		-0.0852 		0.4439
v 1.25 		-0.0852 		0.6087
v 1.25 		-0.0846 		0.4459
v 1.25 		-0.0846 		0.6068
v 1.25 		-0.0842 		0.4481
v 1.25 		-0.0462 		0.4593
v 1.25 		-0.0839 		0.4506
v 1.25 		-0.0462 		0.4562
v 1.25 		-0.0836 		0.4533
v 1.25 		-0.046 		0.4533
v 1.25 		-0.0835 		0.4562
v 1.25 		-0.0458 		0.4506
v 1.25 		-0.0834 		0.4593
v 1.25 		-0.0455 		0.4481
v 1.25 		-0.0426 		0.439
v 1.25 		-0.0451 		0.4459
v 1.25 		-0.0434 		0.4405
v 1.25 		-0.0446 		0.4439
v 1.25 		-0.044 		0.4421
v 1.25 		-0.0842 		0.6048
v 1.25 		-0.0839 		0.6026
v 1.25 		-0.0834 		0.5945
v 1.25 		-0.0836 		0.6001
v 1.25 		-0.0835 		0.5974
v 1.1 		0.1165 		0.5468
v 1.1 		0.1169 		0.537
v 1.1 		0.117 		0.5267
v 1.1 		0.1151 		0.5651
v 1.1 		0.1159 		0.5562
v 1.1 		0.1126 		0.5817
v 1.1 		0.114 		0.5736
v 1.1 		0.1093 		0.5964
v 1.1 		0.111 		0.5893
v 1.1 		0.1051 		0.6094
v 1.1 		0.1073 		0.6031
v 1.1 		0.1001 		0.6205
v 1.1 		0.1027 		0.6152
v 1.1 		0.0942 		0.63
v 1.1 		0.0972 		0.6255
v 1.1 		0.0876 		0.6377
v 1.1 		0.091 		0.634
v 1.1 		0.0802 		0.6437
v 1.1 		0.084 		0.6409
v 1.1 		0.0721 		0.648
v 1.1 		0.0762 		0.646
v 1.1 		0.0633 		0.6505
v 1.1 		0.0678 		0.6495
v 1.1 		0.0537 		0.6514
v 1.1 		0.0586 		0.6512
v 1.1 		0.0344 		0.648
v 1.1 		0.0436 		0.6505
v 1.1 		0.0185 		0.6377
v 1.1 		0.026 		0.6437
v 1.1 		0.006 		0.6205
v 1.1 		0.0118 		0.63
v 1.1 		-0.0029 		0.5964
v 1.1 		0.0011 		0.6094
v 1.1 		-0.0083 		0.5651
v 1.1 		-0.0061 		0.5817
v 1.1 		-0.0101 		0.5267
v 1.1 		-0.0096 		0.5468
v 1.1 		0.028 		0.5346
v 1.1 		0.028 		0.5267
v 1.1 		0.028 		0.519
v 1.1 		-0.0096 		0.5068
v 1.1 		-0.01 		0.5166
v 1.1 		-0.0082 		0.4885
v 1.1 		-0.009 		0.4974
v 1.1 		-0.0058 		0.4718
v 1.1 		-0.0071 		0.4799
v 1.1 		-0.0025 		0.4571
v 1.1 		-0.0043 		0.4642
v 1.1 		0.0017 		0.4441
v 1.1 		-0.0005 		0.4504
v 1.1 		0.0067 		0.4329
v 1.1 		0.0041 		0.4383
v 1.1 		0.0126 		0.4235
v 1.1 		0.0095 		0.428
v 1.1 		0.0192 		0.4158
v 1.1 		0.0158 		0.4195
v 1.1 		0.0266 		0.4098
v 1.1 		0.0228 		0.4126
v 1.1 		0.0348 		0.4055
v 1.1 		0.0306 		0.4075
v 1.1 		0.0436 		0.403
v 1.1 		0.0391 		0.404
v 1.1 		0.053 		0.4021
v 1.1 		0.0482 		0.4023
v 1.1 		0.0724 		0.4055
v 1.1 		0.0631 		0.403
v 1.1 		0.0883 		0.4158
v 1.1 		0.0808 		0.4098
v 1.1 		0.1008 		0.4329
v 1.1 		0.095 		0.4235
v 1.1 		0.1098 		0.4571
v 1.1 		0.1058 		0.4441
v 1.1 		0.1152 		0.4883
v 1.1 		0.113 		0.4718
v 1.1 		0.1166 		0.5066
v 1.1 		0.0281 		0.5421
v 1.1 		0.0281 		0.5115
v 1.1 		0.0283 		0.5044
v 1.1 		0.0283 		0.5493
v 1.1 		0.0285 		0.4976
v 1.1 		0.0285 		0.5562
v 1.1 		0.0289 		0.4911
v 1.1 		0.0289 		0.5627
v 1.1 		0.0292 		0.485
v 1.1 		0.0292 		0.5688
v 1.1 		0.0297 		0.479
v 1.1 		0.0297 		0.5747
v 1.1 		0.0304 		0.4735
v 1.1 		0.0303 		0.5801
v 1.1 		0.031 		0.4682
v 1.1 		0.0309 		0.5853
v 1.1 		0.0318 		0.4633
v 1.1 		0.0317 		0.5901
v 1.1 		0.0327 		0.4587
v 1.1 		0.0325 		0.5946
v 1.1 		0.0336 		0.4545
v 1.1 		0.0335 		0.5987
v 1.1 		0.0347 		0.4506
v 1.1 		0.0345 		0.6025
v 1.1 		0.0359 		0.447
v 1.1 		0.0357 		0.606
v 1.1 		0.0372 		0.4438
v 1.1 		0.0386 		0.4409
v 1.1 		0.0369 		0.6091
v 1.1 		0.0383 		0.612
v 1.1 		0.04 		0.4384
v 1.1 		0.0398 		0.6145
v 1.1 		0.0416 		0.4362
v 1.1 		0.0414 		0.6167
v 1.1 		0.0433 		0.4343
v 1.1 		0.0431 		0.6186
v 1.1 		0.0451 		0.4328
v 1.1 		0.0449 		0.6201
v 1.1 		0.047 		0.4316
v 1.1 		0.0469 		0.6213
v 1.1 		0.0491 		0.4307
v 1.1 		0.0489 		0.6221
v 1.1 		0.0513 		0.4302
v 1.1 		0.0511 		0.6226
v 1.1 		0.0536 		0.4301
v 1.1 		0.0534 		0.6228
v 1.1 		0.0559 		0.4302
v 1.1 		0.0557 		0.6226
v 1.1 		0.058 		0.4307
v 1.1 		0.0579 		0.6221
v 1.1 		0.0601 		0.4316
v 1.1 		0.0599 		0.6213
v 1.1 		0.062 		0.4328
v 1.1 		0.0638 		0.4343
v 1.1 		0.0618 		0.6201
v 1.1 		0.0655 		0.4362
v 1.1 		0.0637 		0.6186
v 1.1 		0.0671 		0.4384
v 1.1 		0.0654 		0.6167
v 1.1 		0.0685 		0.4409
v 1.1 		0.0669 		0.6145
v 1.1 		0.0699 		0.4438
v 1.1 		0.0684 		0.612
v 1.1 		0.0697 		0.6091
v 1.1 		0.0711 		0.447
v 1.1 		0.071 		0.606
v 1.1 		0.0723 		0.4506
v 1.1 		0.0722 		0.6025
v 1.1 		0.0733 		0.4545
v 1.1 		0.0733 		0.5987
v 1.1 		0.0743 		0.4587
v 1.1 		0.0752 		0.4633
v 1.1 		0.0743 		0.5946
v 1.1 		0.076 		0.4682
v 1.1 		0.0751 		0.5901
v 1.1 		0.0767 		0.4735
v 1.1 		0.0759 		0.5853
v 1.1 		0.0772 		0.479
v 1.1 		0.0766 		0.5801
v 1.1 		0.0777 		0.485
v 1.1 		0.0772 		0.5747
v 1.1 		0.0781 		0.4911
v 1.1 		0.0777 		0.5688
v 1.1 		0.0785 		0.4976
v 1.1 		0.0781 		0.5627
v 1.1 		0.0788 		0.5044
v 1.1 		0.0785 		0.5562
v 1.1 		0.079 		0.5115
v 1.1 		0.0788 		0.5493
v 1.1 		0.0791 		0.519
v 1.1 		0.079 		0.5421
v 1.1 		0.0791 		0.5267
v 1.1 		0.0791 		0.5346
v 1.25 		0.117 		0.5267
v 1.25 		0.1169 		0.537
v 1.25 		0.1165 		0.5468
v 1.25 		0.1159 		0.5562
v 1.25 		0.1151 		0.5651
v 1.25 		0.114 		0.5736
v 1.25 		0.1126 		0.5817
v 1.25 		0.111 		0.5893
v 1.25 		0.1093 		0.5964
v 1.25 		0.1073 		0.6031
v 1.25 		0.1051 		0.6094
v 1.25 		0.1027 		0.6152
v 1.25 		0.1001 		0.6205
v 1.25 		0.0972 		0.6255
v 1.25 		0.0942 		0.63
v 1.25 		0.091 		0.634
v 1.25 		0.0876 		0.6377
v 1.25 		0.084 		0.6409
v 1.25 		0.0802 		0.6437
v 1.25 		0.0762 		0.646
v 1.25 		0.0721 		0.648
v 1.25 		0.0678 		0.6495
v 1.25 		0.0633 		0.6505
v 1.25 		0.0586 		0.6512
v 1.25 		0.0537 		0.6514
v 1.25 		0.0436 		0.6505
v 1.25 		0.0344 		0.648
v 1.25 		0.026 		0.6437
v 1.25 		0.0185 		0.6377
v 1.25 		0.0118 		0.63
v 1.25 		0.006 		0.6205
v 1.25 		0.0011 		0.6094
v 1.25 		-0.0029 		0.5964
v 1.25 		-0.0061 		0.5817
v 1.25 		-0.0083 		0.5651
v 1.25 		-0.0096 		0.5468
v 1.25 		-0.0101 		0.5267
v 1.25 		0.028 		0.5267
v 1.25 		0.028 		0.5346
v 1.25 		0.028 		0.519
v 1.25 		-0.01 		0.5166
v 1.25 		-0.0096 		0.5068
v 1.25 		-0.009 		0.4974
v 1.25 		-0.0082 		0.4885
v 1.25 		-0.0071 		0.4799
v 1.25 		-0.0058 		0.4718
v 1.25 		-0.0043 		0.4642
v 1.25 		-0.0025 		0.4571
v 1.25 		-0.0005 		0.4504
v 1.25 		0.0017 		0.4441
v 1.25 		0.0041 		0.4383
v 1.25 		0.0067 		0.4329
v 1.25 		0.0095 		0.428
v 1.25 		0.0126 		0.4235
v 1.25 		0.0158 		0.4195
v 1.25 		0.0192 		0.4158
v 1.25 		0.0228 		0.4126
v 1.25 		0.0266 		0.4098
v 1.25 		0.0306 		0.4075
v 1.25 		0.0348 		0.4055
v 1.25 		0.0391 		0.404
v 1.25 		0.0436 		0.403
v 1.25 		0.0482 		0.4023
v 1.25 		0.053 		0.4021
v 1.25 		0.0631 		0.403
v 1.25 		0.0724 		0.4055
v 1.25 		0.0808 		0.4098
v 1.25 		0.0883 		0.4158
v 1.25 		0.095 		0.4235
v 1.25 		0.1008 		0.4329
v 1.25 		0.1058 		0.4441
v 1.25 		0.1098 		0.4571
v 1.25 		0.113 		0.4718
v 1.25 		0.1152 		0.4883
v 1.25 		0.1166 		0.5066
v 1.25 		0.0281 		0.5421
v 1.25 		0.0281 		0.5115
v 1.25 		0.0283 		0.5044
v 1.25 		0.0283 		0.5493
v 1.25 		0.0285 		0.4976
v 1.25 		0.0285 		0.5562
v 1.25 		0.0289 		0.4911
v 1.25 		0.0289 		0.5627
v 1.25 		0.0292 		0.485
v 1.25 		0.0292 		0.5688
v 1.25 		0.0297 		0.479
v 1.25 		0.0297 		0.5747
v 1.25 		0.0304 		0.4735
v 1.25 		0.0303 		0.5801
v 1.25 		0.031 		0.4682
v 1.25 		0.0309 		0.5853
v 1.25 		0.0318 		0.4633
v 1.25 		0.0317 		0.5901
v 1.25 		0.0327 		0.4587
v 1.25 		0.0325 		0.5946
v 1.25 		0.0336 		0.4545
v 1.25 		0.0335 		0.5987
v 1.25 		0.0347 		0.4506
v 1.25 		0.0345 		0.6025
v 1.25 		0.0359 		0.447
v 1.25 		0.0357 		0.606
v 1.25 		0.0372 		0.4438
v 1.25 		0.0386 		0.4409
v 1.25 		0.0369 		0.6091
v 1.25 		0.0383 		0.612
v 1.25 		0.04 		0.4384
v 1.25 		0.0398 		0.6145
v 1.25 		0.0416 		0.4362
v 1.25 		0.0414 		0.6167
v 1.25 		0.0433 		0.4343
v 1.25 		0.0431 		0.6186
v 1.25 		0.0451 		0.4328
v 1.25 		0.0449 		0.6201
v 1.25 		0.047 		0.4316
v 1.25 		0.0469 		0.6213
v 1.25 		0.0491 		0.4307
v 1.25 		0.0489 		0.6221
v 1.25 		0.0513 		0.4302
v 1.25 		0.0511 		0.6226
v 1.25 		0.0536 		0.4301
v 1.25 		0.0534 		0.6228
v 1.25 		0.0559 		0.4302
v 1.25 		0.0557 		0.6226
v 1.25 		0.058 		0.4307
v 1.25 		0.0579 		0.6221
v 1.25 		0.0601 		0.4316
v 1.25 		0.0599 		0.6213
v 1.25 		0.062 		0.4328
v 1.25 		0.0638 		0.4343
v 1.25 		0.0618 		0.6201
v 1.25 		0.0655 		0.4362
v 1.25 		0.0637 		0.6186
v 1.25 		0.0671 		0.4384
v 1.25 		0.0654 		0.6167
v 1.25 		0.0685 		0.4409
v 1.25 		0.0669 		0.6145
v 1.25 		0.0699 		0.4438
v 1.25 		0.0684 		0.612
v 1.25 		0.0697 		0.6091
v 1.25 		0.0711 		0.447
v 1.25 		0.071 		0.606
v 1.25 		0.0723 		0.4506
v 1.25 		0.0722 		0.6025
v 1.25 		0.0733 		0.4545
v 1.25 		0.0733 		0.5987
v 1.25 		0.0743 		0.4587
v 1.25 		0.0752 		0.4633
v 1.25 		0.0743 		0.5946
v 1.25 		0.076 		0.4682
v 1.25 		0.0751 		0.5901
v 1.25 		0.0767 		0.4735
v 1.25 		0.0759 		0.5853
v 1.25 		0.0772 		0.479
v 1.25 		0.0766 		0.5801
v 1.25 		0.0777 		0.485
v 1.25 		0.0772 		0.5747
v 1.25 		0.0781 		0.4911
v 1.25 		0.0777 		0.5688
v 1.25 		0.0785 		0.4976
v 1.25 		0.0781 		0.5627
v 1.25 		0.0788 		0.5044
v 1.25 		0.0785 		0.5562
v 1.25 		0.079 		0.5115
v 1.25 		0.0788 		0.5493
v 1.25 		0.0791 		0.519
v 1.25 		0.079 		0.5421
v 1.25 		0.0791 		0.5267
v 1.25 		0.0791 		0.5346
# 1876 vertices

g group_0_15277357

usemtl color_15277357
s 0

f 1 	2 	3
f 4 	5 	6
f 7 	8 	9
f 10 	11 	7
f 12 	13 	14
f 1 	3 	15
f 16 	4 	6
f 7 	9 	17
f 18 	10 	7
f 19 	12 	14
f 1 	15 	20
f 21 	16 	6
f 7 	17 	22
f 23 	18 	7
f 1 	20 	24
f 25 	21 	6
f 7 	22 	26
f 27 	23 	7
f 1 	24 	28
f 29 	25 	6
f 7 	26 	30
f 31 	27 	7
f 1 	28 	32
f 33 	29 	6
f 7 	30 	34
f 35 	31 	7
f 6 	1 	32
f 36 	33 	6
f 7 	34 	37
f 38 	35 	7
f 6 	32 	39
f 40 	36 	6
f 7 	37 	41
f 42 	38 	7
f 6 	39 	43
f 44 	40 	6
f 7 	41 	45
f 46 	42 	7
f 6 	43 	47
f 48 	44 	6
f 7 	45 	49
f 50 	46 	7
f 6 	47 	51
f 52 	48 	6
f 7 	49 	53
f 54 	50 	7
f 6 	51 	55
f 56 	52 	6
f 7 	53 	57
f 58 	54 	7
f 6 	55 	59
f 60 	56 	6
f 7 	57 	61
f 62 	58 	7
f 6 	59 	63
f 64 	60 	6
f 62 	7 	61
f 6 	63 	65
f 66 	64 	6
f 62 	61 	67
f 66 	6 	65
f 62 	67 	68
f 69 	66 	65
f 62 	68 	70
f 71 	69 	65
f 62 	70 	72
f 71 	65 	19
f 62 	72 	73
f 74 	71 	19
f 62 	73 	75
f 74 	19 	14
f 62 	75 	76
f 77 	74 	14
f 62 	76 	78
f 79 	77 	14
f 62 	78 	80
f 79 	14 	81
f 62 	80 	82
f 79 	81 	83
f 62 	82 	84
f 79 	83 	85
f 62 	84 	86
f 87 	79 	85
f 88 	62 	86
f 87 	85 	89
f 90 	88 	86
f 87 	89 	91
f 92 	90 	86
f 87 	91 	93
f 94 	92 	86
f 87 	93 	95
f 96 	94 	86
f 97 	87 	95
f 98 	96 	86
f 99 	97 	95
f 95 	98 	86
f 100 	99 	95
f 95 	86 	101
f 102 	100 	95
f 95 	101 	102
f 103 	104 	105
f 106 	107 	108
f 109 	110 	111
f 111 	112 	113
f 114 	115 	116
f 117 	103 	105
f 106 	108 	118
f 119 	109 	111
f 111 	113 	120
f 114 	116 	121
f 122 	117 	105
f 106 	118 	123
f 124 	119 	111
f 111 	120 	125
f 126 	122 	105
f 106 	123 	127
f 128 	124 	111
f 111 	125 	129
f 130 	126 	105
f 106 	127 	131
f 132 	128 	111
f 111 	129 	133
f 134 	130 	105
f 106 	131 	135
f 136 	132 	111
f 111 	133 	137
f 134 	105 	106
f 106 	135 	138
f 139 	136 	111
f 111 	137 	140
f 141 	134 	106
f 106 	138 	142
f 143 	139 	111
f 111 	140 	144
f 145 	141 	106
f 106 	142 	146
f 147 	143 	111
f 111 	144 	148
f 149 	145 	106
f 106 	146 	150
f 151 	147 	111
f 111 	148 	152
f 153 	149 	106
f 106 	150 	154
f 155 	151 	111
f 111 	152 	156
f 157 	153 	106
f 106 	154 	158
f 159 	155 	111
f 111 	156 	160
f 161 	157 	106
f 106 	158 	162
f 163 	159 	111
f 111 	160 	164
f 165 	161 	106
f 106 	162 	166
f 163 	111 	164
f 167 	165 	106
f 106 	166 	168
f 169 	163 	164
f 167 	106 	168
f 170 	169 	164
f 167 	168 	171
f 172 	170 	164
f 167 	171 	173
f 174 	172 	164
f 121 	167 	173
f 175 	174 	164
f 121 	173 	176
f 177 	175 	164
f 114 	121 	176
f 178 	177 	164
f 114 	176 	179
f 180 	178 	164
f 114 	179 	181
f 182 	180 	164
f 183 	114 	181
f 184 	182 	164
f 185 	183 	181
f 186 	184 	164
f 187 	185 	181
f 188 	186 	164
f 187 	181 	189
f 188 	164 	190
f 191 	187 	189
f 188 	190 	192
f 193 	191 	189
f 188 	192 	194
f 195 	193 	189
f 188 	194 	196
f 197 	195 	189
f 188 	196 	198
f 197 	189 	199
f 188 	198 	200
f 197 	199 	201
f 188 	200 	197
f 197 	201 	202
f 203 	188 	197
f 197 	202 	204
f 204 	203 	197
f 1 	6 	105
f 6 	106 	105
f 6 	5 	106
f 5 	107 	106
f 5 	4 	107
f 4 	108 	107
f 4 	16 	108
f 16 	118 	108
f 16 	21 	118
f 21 	123 	118
f 21 	25 	123
f 25 	127 	123
f 25 	29 	127
f 29 	131 	127
f 29 	33 	131
f 33 	135 	131
f 33 	36 	135
f 36 	138 	135
f 36 	40 	138
f 40 	142 	138
f 40 	44 	142
f 44 	146 	142
f 44 	48 	146
f 48 	150 	146
f 48 	52 	150
f 52 	154 	150
f 52 	56 	154
f 56 	158 	154
f 56 	60 	158
f 60 	162 	158
f 60 	64 	162
f 64 	166 	162
f 64 	66 	166
f 66 	168 	166
f 66 	69 	168
f 69 	171 	168
f 69 	71 	171
f 71 	173 	171
f 71 	74 	173
f 74 	176 	173
f 74 	77 	176
f 77 	179 	176
f 77 	79 	179
f 79 	181 	179
f 79 	87 	181
f 87 	189 	181
f 87 	97 	189
f 97 	199 	189
f 97 	99 	199
f 99 	201 	199
f 99 	100 	201
f 100 	202 	201
f 100 	102 	202
f 102 	204 	202
f 102 	101 	204
f 101 	203 	204
f 101 	86 	203
f 86 	188 	203
f 86 	84 	188
f 84 	186 	188
f 84 	82 	186
f 82 	184 	186
f 82 	80 	184
f 80 	182 	184
f 80 	78 	182
f 78 	180 	182
f 78 	76 	180
f 76 	178 	180
f 76 	75 	178
f 75 	177 	178
f 75 	73 	177
f 73 	175 	177
f 73 	72 	175
f 72 	174 	175
f 72 	70 	174
f 70 	172 	174
f 70 	68 	172
f 68 	170 	172
f 68 	67 	170
f 67 	169 	170
f 67 	61 	169
f 61 	163 	169
f 61 	57 	163
f 57 	159 	163
f 57 	53 	159
f 53 	155 	159
f 53 	49 	155
f 49 	151 	155
f 49 	45 	151
f 45 	147 	151
f 45 	41 	147
f 41 	143 	147
f 41 	37 	143
f 37 	139 	143
f 37 	34 	139
f 34 	136 	139
f 34 	30 	136
f 30 	132 	136
f 30 	26 	132
f 26 	128 	132
f 26 	22 	128
f 22 	124 	128
f 22 	17 	124
f 17 	119 	124
f 17 	9 	119
f 9 	109 	119
f 9 	8 	109
f 8 	110 	109
f 8 	7 	110
f 7 	111 	110
f 7 	11 	111
f 11 	112 	111
f 11 	10 	112
f 10 	113 	112
f 10 	18 	113
f 18 	120 	113
f 18 	23 	120
f 23 	125 	120
f 23 	27 	125
f 27 	129 	125
f 27 	31 	129
f 31 	133 	129
f 31 	35 	133
f 35 	137 	133
f 35 	38 	137
f 38 	140 	137
f 38 	42 	140
f 42 	144 	140
f 42 	46 	144
f 46 	148 	144
f 46 	50 	148
f 50 	152 	148
f 50 	54 	152
f 54 	156 	152
f 54 	58 	156
f 58 	160 	156
f 58 	62 	160
f 62 	164 	160
f 62 	88 	164
f 88 	190 	164
f 88 	90 	190
f 90 	192 	190
f 90 	92 	192
f 92 	194 	192
f 92 	94 	194
f 94 	196 	194
f 94 	96 	196
f 96 	198 	196
f 96 	98 	198
f 98 	200 	198
f 98 	95 	200
f 95 	197 	200
f 95 	93 	197
f 93 	195 	197
f 93 	91 	195
f 91 	193 	195
f 91 	89 	193
f 89 	191 	193
f 89 	85 	191
f 85 	187 	191
f 85 	83 	187
f 83 	185 	187
f 83 	81 	185
f 81 	183 	185
f 81 	14 	183
f 14 	114 	183
f 14 	13 	114
f 13 	115 	114
f 13 	12 	115
f 12 	116 	115
f 12 	19 	116
f 19 	121 	116
f 19 	65 	121
f 65 	167 	121
f 65 	63 	167
f 63 	165 	167
f 63 	59 	165
f 59 	161 	165
f 59 	55 	161
f 55 	157 	161
f 55 	51 	157
f 51 	153 	157
f 51 	47 	153
f 47 	149 	153
f 47 	43 	149
f 43 	145 	149
f 43 	39 	145
f 39 	141 	145
f 39 	32 	141
f 32 	134 	141
f 32 	28 	134
f 28 	130 	134
f 28 	24 	130
f 24 	126 	130
f 24 	20 	126
f 20 	122 	126
f 20 	15 	122
f 15 	117 	122
f 15 	3 	117
f 3 	103 	117
f 3 	2 	103
f 2 	104 	103
f 2 	1 	104
f 1 	105 	104
f 205 	206 	207
f 208 	209 	205
f 210 	211 	212
f 205 	207 	213
f 214 	208 	205
f 215 	210 	212
f 205 	213 	216
f 217 	214 	205
f 218 	215 	212
f 205 	216 	219
f 220 	217 	205
f 221 	218 	212
f 205 	219 	222
f 223 	220 	205
f 224 	221 	212
f 205 	222 	225
f 226 	223 	205
f 227 	224 	212
f 205 	225 	228
f 229 	226 	205
f 230 	227 	212
f 205 	228 	231
f 232 	229 	205
f 233 	230 	212
f 205 	231 	234
f 235 	232 	205
f 236 	233 	212
f 205 	234 	237
f 238 	235 	205
f 239 	236 	212
f 205 	237 	240
f 241 	238 	205
f 242 	239 	212
f 205 	240 	243
f 244 	241 	205
f 245 	242 	212
f 205 	243 	246
f 247 	244 	205
f 248 	245 	212
f 205 	246 	249
f 250 	247 	205
f 251 	248 	212
f 205 	249 	252
f 253 	250 	205
f 254 	251 	212
f 205 	252 	255
f 256 	253 	205
f 257 	254 	212
f 256 	205 	255
f 258 	257 	212
f 256 	255 	259
f 260 	258 	212
f 256 	259 	261
f 262 	260 	212
f 256 	261 	263
f 264 	262 	212
f 256 	263 	265
f 266 	264 	212
f 256 	265 	267
f 268 	266 	212
f 256 	267 	269
f 268 	212 	270
f 256 	269 	271
f 268 	270 	272
f 256 	271 	273
f 274 	268 	272
f 256 	273 	275
f 274 	272 	276
f 277 	256 	275
f 274 	276 	278
f 279 	277 	275
f 274 	278 	280
f 281 	279 	275
f 282 	274 	280
f 283 	281 	275
f 284 	282 	280
f 285 	283 	275
f 286 	284 	280
f 280 	285 	275
f 275 	286 	280
f 287 	288 	289
f 289 	290 	291
f 292 	293 	294
f 295 	287 	289
f 289 	291 	296
f 292 	294 	297
f 298 	295 	289
f 289 	296 	299
f 292 	297 	300
f 301 	298 	289
f 289 	299 	302
f 292 	300 	303
f 304 	301 	289
f 289 	302 	305
f 292 	303 	306
f 307 	304 	289
f 289 	305 	308
f 292 	306 	309
f 310 	307 	289
f 289 	308 	311
f 292 	309 	312
f 313 	310 	289
f 289 	311 	314
f 292 	312 	315
f 316 	313 	289
f 289 	314 	317
f 292 	315 	318
f 319 	316 	289
f 289 	317 	320
f 292 	318 	321
f 322 	319 	289
f 289 	320 	323
f 292 	321 	324
f 325 	322 	289
f 289 	323 	326
f 292 	324 	327
f 328 	325 	289
f 289 	326 	329
f 292 	327 	330
f 331 	328 	289
f 289 	329 	332
f 292 	330 	333
f 334 	331 	289
f 289 	332 	335
f 292 	333 	336
f 337 	334 	289
f 289 	335 	338
f 292 	336 	339
f 337 	289 	338
f 292 	339 	340
f 341 	337 	338
f 292 	340 	342
f 343 	341 	338
f 292 	342 	344
f 345 	343 	338
f 292 	344 	346
f 347 	345 	338
f 292 	346 	348
f 349 	347 	338
f 292 	348 	350
f 351 	349 	338
f 352 	292 	350
f 353 	351 	338
f 354 	352 	350
f 355 	353 	338
f 354 	350 	356
f 357 	355 	338
f 358 	354 	356
f 357 	338 	359
f 360 	358 	356
f 357 	359 	361
f 362 	360 	356
f 357 	361 	363
f 362 	356 	364
f 357 	363 	365
f 362 	364 	366
f 357 	365 	367
f 362 	366 	368
f 357 	367 	362
f 362 	368 	357
f 206 	205 	288
f 205 	289 	288
f 205 	209 	289
f 209 	290 	289
f 209 	208 	290
f 208 	291 	290
f 208 	214 	291
f 214 	296 	291
f 214 	217 	296
f 217 	299 	296
f 217 	220 	299
f 220 	302 	299
f 220 	223 	302
f 223 	305 	302
f 223 	226 	305
f 226 	308 	305
f 226 	229 	308
f 229 	311 	308
f 229 	232 	311
f 232 	314 	311
f 232 	235 	314
f 235 	317 	314
f 235 	238 	317
f 238 	320 	317
f 238 	241 	320
f 241 	323 	320
f 241 	244 	323
f 244 	326 	323
f 244 	247 	326
f 247 	329 	326
f 247 	250 	329
f 250 	332 	329
f 250 	253 	332
f 253 	335 	332
f 253 	256 	335
f 256 	338 	335
f 256 	277 	338
f 277 	359 	338
f 277 	279 	359
f 279 	361 	359
f 279 	281 	361
f 281 	363 	361
f 281 	283 	363
f 283 	365 	363
f 283 	285 	365
f 285 	367 	365
f 285 	280 	367
f 280 	362 	367
f 280 	278 	362
f 278 	360 	362
f 278 	276 	360
f 276 	358 	360
f 276 	272 	358
f 272 	354 	358
f 272 	270 	354
f 270 	352 	354
f 270 	212 	352
f 212 	292 	352
f 212 	211 	292
f 211 	293 	292
f 211 	210 	293
f 210 	294 	293
f 210 	215 	294
f 215 	297 	294
f 215 	218 	297
f 218 	300 	297
f 218 	221 	300
f 221 	303 	300
f 221 	224 	303
f 224 	306 	303
f 224 	227 	306
f 227 	309 	306
f 227 	230 	309
f 230 	312 	309
f 230 	233 	312
f 233 	315 	312
f 233 	236 	315
f 236 	318 	315
f 236 	239 	318
f 239 	321 	318
f 239 	242 	321
f 242 	324 	321
f 242 	245 	324
f 245 	327 	324
f 245 	248 	327
f 248 	330 	327
f 248 	251 	330
f 251 	333 	330
f 251 	254 	333
f 254 	336 	333
f 254 	257 	336
f 257 	339 	336
f 257 	258 	339
f 258 	340 	339
f 258 	260 	340
f 260 	342 	340
f 260 	262 	342
f 262 	344 	342
f 262 	264 	344
f 264 	346 	344
f 264 	266 	346
f 266 	348 	346
f 266 	268 	348
f 268 	350 	348
f 268 	274 	350
f 274 	356 	350
f 274 	282 	356
f 282 	364 	356
f 282 	284 	364
f 284 	366 	364
f 284 	286 	366
f 286 	368 	366
f 286 	275 	368
f 275 	357 	368
f 275 	273 	357
f 273 	355 	357
f 273 	271 	355
f 271 	353 	355
f 271 	269 	353
f 269 	351 	353
f 269 	267 	351
f 267 	349 	351
f 267 	265 	349
f 265 	347 	349
f 265 	263 	347
f 263 	345 	347
f 263 	261 	345
f 261 	343 	345
f 261 	259 	343
f 259 	341 	343
f 259 	255 	341
f 255 	337 	341
f 255 	252 	337
f 252 	334 	337
f 252 	249 	334
f 249 	331 	334
f 249 	246 	331
f 246 	328 	331
f 246 	243 	328
f 243 	325 	328
f 243 	240 	325
f 240 	322 	325
f 240 	237 	322
f 237 	319 	322
f 237 	234 	319
f 234 	316 	319
f 234 	231 	316
f 231 	313 	316
f 231 	228 	313
f 228 	310 	313
f 228 	225 	310
f 225 	307 	310
f 225 	222 	307
f 222 	304 	307
f 222 	219 	304
f 219 	301 	304
f 219 	216 	301
f 216 	298 	301
f 216 	213 	298
f 213 	295 	298
f 213 	207 	295
f 207 	287 	295
f 207 	206 	287
f 206 	288 	287
f 369 	370 	371
f 372 	373 	369
f 374 	375 	372
f 376 	377 	374
f 378 	379 	376
f 380 	381 	378
f 382 	383 	380
f 383 	382 	384
f 385 	386 	383
f 387 	388 	385
f 389 	390 	387
f 391 	392 	389
f 393 	394 	391
f 395 	396 	393
f 397 	398 	395
f 399 	400 	397
f 401 	402 	399
f 403 	404 	401
f 405 	406 	403
f 407 	408 	405
f 409 	410 	407
f 411 	412 	409
f 413 	414 	411
f 415 	416 	413
f 417 	418 	415
f 419 	420 	417
f 421 	422 	419
f 423 	424 	421
f 425 	426 	423
f 427 	428 	425
f 429 	430 	427
f 431 	432 	429
f 433 	434 	435
f 436 	437 	433
f 438 	439 	440
f 441 	442 	438
f 443 	444 	441
f 445 	446 	443
f 447 	448 	445
f 449 	450 	447
f 451 	452 	449
f 453 	454 	451
f 455 	456 	453
f 457 	458 	455
f 459 	460 	457
f 461 	462 	459
f 463 	464 	461
f 465 	466 	463
f 467 	468 	465
f 469 	470 	467
f 471 	472 	469
f 473 	474 	471
f 475 	476 	473
f 477 	478 	475
f 479 	480 	477
f 481 	482 	479
f 483 	484 	481
f 485 	486 	483
f 487 	488 	485
f 489 	490 	487
f 491 	492 	489
f 493 	494 	491
f 495 	496 	493
f 497 	498 	495
f 499 	500 	497
f 372 	369 	371
f 376 	374 	372
f 380 	378 	376
f 501 	382 	380
f 383 	384 	502
f 387 	385 	383
f 391 	389 	387
f 395 	393 	391
f 399 	397 	395
f 403 	401 	399
f 407 	405 	403
f 411 	409 	407
f 415 	413 	411
f 419 	417 	415
f 423 	421 	419
f 427 	425 	423
f 431 	429 	427
f 503 	436 	433
f 441 	438 	440
f 445 	443 	441
f 449 	447 	445
f 453 	451 	449
f 457 	455 	453
f 461 	459 	457
f 465 	463 	461
f 469 	467 	465
f 473 	471 	469
f 477 	475 	473
f 481 	479 	477
f 485 	483 	481
f 489 	487 	485
f 493 	491 	489
f 497 	495 	493
f 504 	499 	497
f 376 	372 	371
f 501 	380 	376
f 383 	502 	505
f 391 	387 	383
f 399 	395 	391
f 407 	403 	399
f 415 	411 	407
f 423 	419 	415
f 431 	427 	423
f 506 	503 	433
f 445 	441 	440
f 453 	449 	445
f 461 	457 	453
f 469 	465 	461
f 477 	473 	469
f 485 	481 	477
f 493 	489 	485
f 504 	497 	493
f 507 	501 	376
f 383 	505 	508
f 399 	391 	383
f 415 	407 	399
f 431 	423 	415
f 506 	433 	435
f 445 	440 	509
f 461 	453 	445
f 477 	469 	461
f 493 	485 	477
f 510 	504 	493
f 511 	507 	376
f 383 	508 	512
f 415 	399 	383
f 513 	506 	435
f 445 	509 	514
f 477 	461 	445
f 510 	493 	477
f 515 	511 	376
f 383 	512 	516
f 517 	513 	435
f 518 	510 	477
f 519 	515 	376
f 383 	516 	520
f 521 	517 	435
f 522 	518 	477
f 523 	519 	376
f 383 	520 	524
f 525 	521 	435
f 526 	522 	477
f 527 	523 	376
f 383 	524 	528
f 529 	525 	435
f 530 	526 	477
f 531 	527 	376
f 415 	383 	528
f 532 	529 	435
f 533 	530 	477
f 534 	531 	376
f 415 	528 	535
f 536 	532 	435
f 537 	533 	477
f 538 	534 	376
f 415 	535 	539
f 540 	536 	435
f 541 	537 	477
f 542 	538 	376
f 415 	539 	543
f 544 	540 	435
f 545 	541 	477
f 546 	542 	376
f 415 	543 	547
f 548 	544 	435
f 549 	545 	477
f 550 	546 	376
f 415 	547 	551
f 552 	548 	435
f 553 	549 	477
f 554 	550 	376
f 415 	551 	555
f 552 	435 	431
f 556 	553 	477
f 557 	554 	376
f 415 	555 	558
f 559 	552 	431
f 560 	556 	477
f 557 	376 	371
f 415 	558 	561
f 562 	559 	431
f 563 	560 	477
f 564 	557 	371
f 415 	561 	565
f 566 	562 	431
f 567 	563 	477
f 568 	564 	371
f 415 	565 	569
f 570 	566 	431
f 571 	567 	477
f 572 	568 	371
f 415 	569 	573
f 574 	570 	431
f 575 	571 	477
f 576 	572 	371
f 415 	573 	577
f 578 	574 	431
f 579 	575 	477
f 580 	576 	371
f 415 	577 	581
f 582 	578 	431
f 583 	579 	477
f 584 	580 	371
f 415 	581 	585
f 586 	582 	431
f 587 	583 	477
f 588 	584 	371
f 415 	585 	589
f 514 	586 	431
f 590 	587 	477
f 591 	588 	371
f 415 	589 	592
f 445 	514 	431
f 593 	590 	477
f 594 	591 	371
f 431 	415 	592
f 595 	593 	477
f 596 	594 	371
f 431 	592 	597
f 595 	477 	445
f 431 	597 	598
f 599 	595 	445
f 431 	598 	600
f 601 	599 	445
f 431 	600 	602
f 603 	601 	445
f 431 	602 	604
f 605 	603 	445
f 431 	604 	606
f 607 	605 	445
f 431 	606 	608
f 609 	607 	445
f 431 	608 	610
f 611 	609 	445
f 431 	610 	612
f 613 	611 	445
f 431 	612 	614
f 615 	613 	445
f 431 	614 	616
f 617 	615 	445
f 445 	431 	616
f 618 	617 	445
f 445 	616 	596
f 619 	618 	445
f 445 	596 	371
f 620 	619 	445
f 445 	371 	621
f 622 	620 	445
f 445 	621 	623
f 624 	622 	445
f 445 	623 	625
f 626 	624 	445
f 445 	625 	627
f 628 	626 	445
f 445 	627 	629
f 630 	628 	445
f 445 	629 	630
f 631 	632 	633
f 633 	634 	635
f 635 	636 	637
f 637 	638 	639
f 639 	640 	641
f 641 	642 	643
f 643 	644 	645
f 646 	645 	644
f 644 	647 	648
f 648 	649 	650
f 650 	651 	652
f 652 	653 	654
f 654 	655 	656
f 656 	657 	658
f 658 	659 	660
f 660 	661 	662
f 662 	663 	664
f 664 	665 	666
f 666 	667 	668
f 668 	669 	670
f 670 	671 	672
f 672 	673 	674
f 674 	675 	676
f 676 	677 	678
f 678 	679 	680
f 680 	681 	682
f 682 	683 	684
f 684 	685 	686
f 686 	687 	688
f 688 	689 	690
f 690 	691 	692
f 692 	693 	694
f 695 	696 	697
f 697 	698 	699
f 700 	701 	702
f 702 	703 	704
f 704 	705 	706
f 706 	707 	708
f 708 	709 	710
f 710 	711 	712
f 712 	713 	714
f 714 	715 	716
f 716 	717 	718
f 718 	719 	720
f 720 	721 	722
f 722 	723 	724
f 724 	725 	726
f 726 	727 	728
f 728 	729 	730
f 730 	731 	732
f 732 	733 	734
f 734 	735 	736
f 736 	737 	738
f 738 	739 	740
f 740 	741 	742
f 742 	743 	744
f 744 	745 	746
f 746 	747 	748
f 748 	749 	750
f 750 	751 	752
f 752 	753 	754
f 754 	755 	756
f 756 	757 	758
f 758 	759 	760
f 760 	761 	762
f 631 	633 	635
f 635 	637 	639
f 639 	641 	643
f 643 	645 	763
f 764 	646 	644
f 644 	648 	650
f 650 	652 	654
f 654 	656 	658
f 658 	660 	662
f 662 	664 	666
f 666 	668 	670
f 670 	672 	674
f 674 	676 	678
f 678 	680 	682
f 682 	684 	686
f 686 	688 	690
f 690 	692 	694
f 697 	699 	765
f 700 	702 	704
f 704 	706 	708
f 708 	710 	712
f 712 	714 	716
f 716 	718 	720
f 720 	722 	724
f 724 	726 	728
f 728 	730 	732
f 732 	734 	736
f 736 	738 	740
f 740 	742 	744
f 744 	746 	748
f 748 	750 	752
f 752 	754 	756
f 756 	758 	760
f 760 	762 	766
f 631 	635 	639
f 639 	643 	763
f 767 	764 	644
f 644 	650 	654
f 654 	658 	662
f 662 	666 	670
f 670 	674 	678
f 678 	682 	686
f 686 	690 	694
f 697 	765 	768
f 700 	704 	708
f 708 	712 	716
f 716 	720 	724
f 724 	728 	732
f 732 	736 	740
f 740 	744 	748
f 748 	752 	756
f 756 	760 	766
f 639 	763 	769
f 770 	767 	644
f 644 	654 	662
f 662 	670 	678
f 678 	686 	694
f 695 	697 	768
f 771 	700 	708
f 708 	716 	724
f 724 	732 	740
f 740 	748 	756
f 756 	766 	772
f 639 	769 	773
f 774 	770 	644
f 644 	662 	678
f 695 	768 	775
f 776 	771 	708
f 708 	724 	740
f 740 	756 	772
f 639 	773 	777
f 778 	774 	644
f 695 	775 	779
f 740 	772 	780
f 639 	777 	781
f 782 	778 	644
f 695 	779 	783
f 740 	780 	784
f 639 	781 	785
f 786 	782 	644
f 695 	783 	787
f 740 	784 	788
f 639 	785 	789
f 790 	786 	644
f 695 	787 	791
f 740 	788 	792
f 639 	789 	793
f 790 	644 	678
f 695 	791 	794
f 740 	792 	795
f 639 	793 	796
f 797 	790 	678
f 695 	794 	798
f 740 	795 	799
f 639 	796 	800
f 801 	797 	678
f 695 	798 	802
f 740 	799 	803
f 639 	800 	804
f 805 	801 	678
f 695 	802 	806
f 740 	803 	807
f 639 	804 	808
f 809 	805 	678
f 695 	806 	810
f 740 	807 	811
f 639 	808 	812
f 813 	809 	678
f 695 	810 	814
f 740 	811 	815
f 639 	812 	816
f 817 	813 	678
f 694 	695 	814
f 740 	815 	818
f 639 	816 	819
f 820 	817 	678
f 694 	814 	821
f 740 	818 	822
f 631 	639 	819
f 823 	820 	678
f 694 	821 	824
f 740 	822 	825
f 631 	819 	826
f 827 	823 	678
f 694 	824 	828
f 740 	825 	829
f 631 	826 	830
f 831 	827 	678
f 694 	828 	832
f 740 	829 	833
f 631 	830 	834
f 835 	831 	678
f 694 	832 	836
f 740 	833 	837
f 631 	834 	838
f 839 	835 	678
f 694 	836 	840
f 740 	837 	841
f 631 	838 	842
f 843 	839 	678
f 694 	840 	844
f 740 	841 	845
f 631 	842 	846
f 847 	843 	678
f 694 	844 	848
f 740 	845 	849
f 631 	846 	850
f 851 	847 	678
f 694 	848 	776
f 740 	849 	852
f 631 	850 	853
f 854 	851 	678
f 694 	776 	708
f 740 	852 	855
f 631 	853 	856
f 854 	678 	694
f 740 	855 	857
f 631 	856 	858
f 859 	854 	694
f 708 	740 	857
f 860 	859 	694
f 708 	857 	861
f 862 	860 	694
f 708 	861 	863
f 864 	862 	694
f 708 	863 	865
f 866 	864 	694
f 708 	865 	867
f 868 	866 	694
f 708 	867 	869
f 870 	868 	694
f 708 	869 	871
f 872 	870 	694
f 708 	871 	873
f 874 	872 	694
f 708 	873 	875
f 876 	874 	694
f 708 	875 	877
f 878 	876 	694
f 708 	877 	879
f 878 	694 	708
f 708 	879 	880
f 858 	878 	708
f 708 	880 	881
f 631 	858 	708
f 708 	881 	882
f 883 	631 	708
f 708 	882 	884
f 885 	883 	708
f 708 	884 	886
f 887 	885 	708
f 708 	886 	888
f 889 	887 	708
f 708 	888 	890
f 891 	889 	708
f 708 	890 	892
f 892 	891 	708
f 595 	599 	857
f 599 	861 	857
f 599 	601 	861
f 601 	863 	861
f 601 	603 	863
f 603 	865 	863
f 603 	605 	865
f 605 	867 	865
f 605 	607 	867
f 607 	869 	867
f 607 	609 	869
f 609 	871 	869
f 609 	611 	871
f 611 	873 	871
f 611 	613 	873
f 613 	875 	873
f 613 	615 	875
f 615 	877 	875
f 615 	617 	877
f 617 	879 	877
f 617 	618 	879
f 618 	880 	879
f 618 	619 	880
f 619 	881 	880
f 619 	620 	881
f 620 	882 	881
f 620 	622 	882
f 622 	884 	882
f 622 	624 	884
f 624 	886 	884
f 624 	626 	886
f 626 	888 	886
f 626 	628 	888
f 628 	890 	888
f 628 	630 	890
f 630 	892 	890
f 630 	629 	892
f 629 	891 	892
f 629 	627 	891
f 627 	889 	891
f 627 	625 	889
f 625 	887 	889
f 625 	623 	887
f 623 	885 	887
f 623 	621 	885
f 621 	883 	885
f 621 	371 	883
f 371 	631 	883
f 371 	370 	631
f 370 	632 	631
f 370 	369 	632
f 369 	633 	632
f 369 	373 	633
f 373 	634 	633
f 373 	372 	634
f 372 	635 	634
f 372 	375 	635
f 375 	636 	635
f 375 	374 	636
f 374 	637 	636
f 374 	377 	637
f 377 	638 	637
f 377 	376 	638
f 376 	639 	638
f 376 	379 	639
f 379 	640 	639
f 379 	378 	640
f 378 	641 	640
f 378 	381 	641
f 381 	642 	641
f 381 	380 	642
f 380 	643 	642
f 380 	383 	643
f 383 	644 	643
f 383 	386 	644
f 386 	647 	644
f 386 	385 	647
f 385 	648 	647
f 385 	388 	648
f 388 	649 	648
f 388 	387 	649
f 387 	650 	649
f 387 	390 	650
f 390 	651 	650
f 390 	389 	651
f 389 	652 	651
f 389 	392 	652
f 392 	653 	652
f 392 	391 	653
f 391 	654 	653
f 391 	394 	654
f 394 	655 	654
f 394 	393 	655
f 393 	656 	655
f 393 	396 	656
f 396 	657 	656
f 396 	395 	657
f 395 	658 	657
f 395 	398 	658
f 398 	659 	658
f 398 	397 	659
f 397 	660 	659
f 397 	400 	660
f 400 	661 	660
f 400 	399 	661
f 399 	662 	661
f 399 	402 	662
f 402 	663 	662
f 402 	401 	663
f 401 	664 	663
f 401 	404 	664
f 404 	665 	664
f 404 	403 	665
f 403 	666 	665
f 403 	406 	666
f 406 	667 	666
f 406 	405 	667
f 405 	668 	667
f 405 	408 	668
f 408 	669 	668
f 408 	407 	669
f 407 	670 	669
f 407 	410 	670
f 410 	671 	670
f 410 	409 	671
f 409 	672 	671
f 409 	412 	672
f 412 	673 	672
f 412 	411 	673
f 411 	674 	673
f 411 	414 	674
f 414 	675 	674
f 414 	413 	675
f 413 	676 	675
f 413 	416 	676
f 416 	677 	676
f 416 	415 	677
f 415 	678 	677
f 415 	418 	678
f 418 	679 	678
f 418 	417 	679
f 417 	680 	679
f 417 	420 	680
f 420 	681 	680
f 420 	419 	681
f 419 	682 	681
f 419 	422 	682
f 422 	683 	682
f 422 	421 	683
f 421 	684 	683
f 421 	424 	684
f 424 	685 	684
f 424 	423 	685
f 423 	686 	685
f 423 	426 	686
f 426 	687 	686
f 426 	425 	687
f 425 	688 	687
f 425 	428 	688
f 428 	689 	688
f 428 	427 	689
f 427 	690 	689
f 427 	430 	690
f 430 	691 	690
f 430 	429 	691
f 429 	692 	691
f 429 	432 	692
f 432 	693 	692
f 432 	431 	693
f 431 	694 	693
f 431 	435 	694
f 435 	695 	694
f 435 	434 	695
f 434 	696 	695
f 434 	433 	696
f 433 	697 	696
f 433 	437 	697
f 437 	698 	697
f 437 	436 	698
f 436 	699 	698
f 436 	503 	699
f 503 	765 	699
f 503 	506 	765
f 506 	768 	765
f 506 	513 	768
f 513 	775 	768
f 513 	517 	775
f 517 	779 	775
f 517 	521 	779
f 521 	783 	779
f 521 	525 	783
f 525 	787 	783
f 525 	529 	787
f 529 	791 	787
f 529 	532 	791
f 532 	794 	791
f 532 	536 	794
f 536 	798 	794
f 536 	540 	798
f 540 	802 	798
f 540 	544 	802
f 544 	806 	802
f 544 	548 	806
f 548 	810 	806
f 548 	552 	810
f 552 	814 	810
f 552 	559 	814
f 559 	821 	814
f 559 	562 	821
f 562 	824 	821
f 562 	566 	824
f 566 	828 	824
f 566 	570 	828
f 570 	832 	828
f 570 	574 	832
f 574 	836 	832
f 574 	578 	836
f 578 	840 	836
f 578 	582 	840
f 582 	844 	840
f 582 	586 	844
f 586 	848 	844
f 586 	514 	848
f 514 	776 	848
f 514 	509 	776
f 509 	771 	776
f 509 	440 	771
f 440 	700 	771
f 440 	439 	700
f 439 	701 	700
f 439 	438 	701
f 438 	702 	701
f 438 	442 	702
f 442 	703 	702
f 442 	441 	703
f 441 	704 	703
f 441 	444 	704
f 444 	705 	704
f 444 	443 	705
f 443 	706 	705
f 443 	446 	706
f 446 	707 	706
f 446 	445 	707
f 445 	708 	707
f 445 	448 	708
f 448 	709 	708
f 448 	447 	709
f 447 	710 	709
f 447 	450 	710
f 450 	711 	710
f 450 	449 	711
f 449 	712 	711
f 449 	452 	712
f 452 	713 	712
f 452 	451 	713
f 451 	714 	713
f 451 	454 	714
f 454 	715 	714
f 454 	453 	715
f 453 	716 	715
f 453 	456 	716
f 456 	717 	716
f 456 	455 	717
f 455 	718 	717
f 455 	458 	718
f 458 	719 	718
f 458 	457 	719
f 457 	720 	719
f 457 	460 	720
f 460 	721 	720
f 460 	459 	721
f 459 	722 	721
f 459 	462 	722
f 462 	723 	722
f 462 	461 	723
f 461 	724 	723
f 461 	464 	724
f 464 	725 	724
f 464 	463 	725
f 463 	726 	725
f 463 	466 	726
f 466 	727 	726
f 466 	465 	727
f 465 	728 	727
f 465 	468 	728
f 468 	729 	728
f 468 	467 	729
f 467 	730 	729
f 467 	470 	730
f 470 	731 	730
f 470 	469 	731
f 469 	732 	731
f 469 	472 	732
f 472 	733 	732
f 472 	471 	733
f 471 	734 	733
f 471 	474 	734
f 474 	735 	734
f 474 	473 	735
f 473 	736 	735
f 473 	476 	736
f 476 	737 	736
f 476 	475 	737
f 475 	738 	737
f 475 	478 	738
f 478 	739 	738
f 478 	477 	739
f 477 	740 	739
f 477 	480 	740
f 480 	741 	740
f 480 	479 	741
f 479 	742 	741
f 479 	482 	742
f 482 	743 	742
f 482 	481 	743
f 481 	744 	743
f 481 	484 	744
f 484 	745 	744
f 484 	483 	745
f 483 	746 	745
f 483 	486 	746
f 486 	747 	746
f 486 	485 	747
f 485 	748 	747
f 485 	488 	748
f 488 	749 	748
f 488 	487 	749
f 487 	750 	749
f 487 	490 	750
f 490 	751 	750
f 490 	489 	751
f 489 	752 	751
f 489 	492 	752
f 492 	753 	752
f 492 	491 	753
f 491 	754 	753
f 491 	494 	754
f 494 	755 	754
f 494 	493 	755
f 493 	756 	755
f 493 	496 	756
f 496 	757 	756
f 496 	495 	757
f 495 	758 	757
f 495 	498 	758
f 498 	759 	758
f 498 	497 	759
f 497 	760 	759
f 497 	500 	760
f 500 	761 	760
f 500 	499 	761
f 499 	762 	761
f 499 	504 	762
f 504 	766 	762
f 504 	510 	766
f 510 	772 	766
f 510 	518 	772
f 518 	780 	772
f 518 	522 	780
f 522 	784 	780
f 522 	526 	784
f 526 	788 	784
f 526 	530 	788
f 530 	792 	788
f 530 	533 	792
f 533 	795 	792
f 533 	537 	795
f 537 	799 	795
f 537 	541 	799
f 541 	803 	799
f 541 	545 	803
f 545 	807 	803
f 545 	549 	807
f 549 	811 	807
f 549 	553 	811
f 553 	815 	811
f 553 	556 	815
f 556 	818 	815
f 556 	560 	818
f 560 	822 	818
f 560 	563 	822
f 563 	825 	822
f 563 	567 	825
f 567 	829 	825
f 567 	571 	829
f 571 	833 	829
f 571 	575 	833
f 575 	837 	833
f 575 	579 	837
f 579 	841 	837
f 579 	583 	841
f 583 	845 	841
f 583 	587 	845
f 587 	849 	845
f 587 	590 	849
f 590 	852 	849
f 590 	593 	852
f 593 	855 	852
f 593 	595 	855
f 595 	857 	855
f 501 	507 	763
f 507 	769 	763
f 507 	511 	769
f 511 	773 	769
f 511 	515 	773
f 515 	777 	773
f 515 	519 	777
f 519 	781 	777
f 519 	523 	781
f 523 	785 	781
f 523 	527 	785
f 527 	789 	785
f 527 	531 	789
f 531 	793 	789
f 531 	534 	793
f 534 	796 	793
f 534 	538 	796
f 538 	800 	796
f 538 	542 	800
f 542 	804 	800
f 542 	546 	804
f 546 	808 	804
f 546 	550 	808
f 550 	812 	808
f 550 	554 	812
f 554 	816 	812
f 554 	557 	816
f 557 	819 	816
f 557 	564 	819
f 564 	826 	819
f 564 	568 	826
f 568 	830 	826
f 568 	572 	830
f 572 	834 	830
f 572 	576 	834
f 576 	838 	834
f 576 	580 	838
f 580 	842 	838
f 580 	584 	842
f 584 	846 	842
f 584 	588 	846
f 588 	850 	846
f 588 	591 	850
f 591 	853 	850
f 591 	594 	853
f 594 	856 	853
f 594 	596 	856
f 596 	858 	856
f 596 	616 	858
f 616 	878 	858
f 616 	614 	878
f 614 	876 	878
f 614 	612 	876
f 612 	874 	876
f 612 	610 	874
f 610 	872 	874
f 610 	608 	872
f 608 	870 	872
f 608 	606 	870
f 606 	868 	870
f 606 	604 	868
f 604 	866 	868
f 604 	602 	866
f 602 	864 	866
f 602 	600 	864
f 600 	862 	864
f 600 	598 	862
f 598 	860 	862
f 598 	597 	860
f 597 	859 	860
f 597 	592 	859
f 592 	854 	859
f 592 	589 	854
f 589 	851 	854
f 589 	585 	851
f 585 	847 	851
f 585 	581 	847
f 581 	843 	847
f 581 	577 	843
f 577 	839 	843
f 577 	573 	839
f 573 	835 	839
f 573 	569 	835
f 569 	831 	835
f 569 	565 	831
f 565 	827 	831
f 565 	561 	827
f 561 	823 	827
f 561 	558 	823
f 558 	820 	823
f 558 	555 	820
f 555 	817 	820
f 555 	551 	817
f 551 	813 	817
f 551 	547 	813
f 547 	809 	813
f 547 	543 	809
f 543 	805 	809
f 543 	539 	805
f 539 	801 	805
f 539 	535 	801
f 535 	797 	801
f 535 	528 	797
f 528 	790 	797
f 528 	524 	790
f 524 	786 	790
f 524 	520 	786
f 520 	782 	786
f 520 	516 	782
f 516 	778 	782
f 516 	512 	778
f 512 	774 	778
f 512 	508 	774
f 508 	770 	774
f 508 	505 	770
f 505 	767 	770
f 505 	502 	767
f 502 	764 	767
f 502 	384 	764
f 384 	646 	764
f 384 	382 	646
f 382 	645 	646
f 382 	501 	645
f 501 	763 	645
f 893 	894 	895
f 896 	897 	893
f 898 	899 	900
f 901 	902 	903
f 904 	905 	906
f 907 	908 	909
f 910 	911 	912
f 913 	914 	910
f 915 	916 	913
f 917 	918 	915
f 919 	920 	917
f 921 	922 	919
f 923 	924 	921
f 925 	926 	923
f 927 	928 	925
f 929 	930 	927
f 931 	932 	929
f 933 	934 	935
f 936 	937 	933
f 938 	939 	940
f 941 	942 	943
f 944 	945 	946
f 893 	895 	947
f 948 	896 	893
f 949 	901 	903
f 904 	906 	950
f 907 	909 	951
f 910 	912 	907
f 915 	913 	910
f 919 	917 	915
f 923 	921 	919
f 927 	925 	923
f 931 	929 	927
f 933 	935 	952
f 953 	936 	933
f 941 	943 	954
f 893 	947 	955
f 956 	948 	893
f 957 	949 	903
f 904 	950 	958
f 907 	951 	959
f 915 	910 	907
f 927 	923 	919
f 960 	931 	927
f 933 	952 	961
f 962 	953 	933
f 941 	954 	963
f 893 	955 	964
f 965 	956 	893
f 958 	957 	903
f 966 	904 	958
f 915 	907 	959
f 960 	927 	919
f 933 	961 	967
f 968 	962 	933
f 941 	963 	969
f 893 	964 	970
f 971 	965 	893
f 966 	958 	903
f 915 	959 	966
f 972 	960 	919
f 933 	967 	973
f 974 	968 	933
f 941 	969 	975
f 893 	970 	976
f 977 	971 	893
f 915 	966 	903
f 933 	973 	978
f 940 	974 	933
f 941 	975 	979
f 893 	976 	980
f 981 	977 	893
f 915 	903 	982
f 933 	978 	983
f 938 	940 	933
f 941 	979 	984
f 893 	980 	985
f 986 	981 	893
f 919 	915 	982
f 938 	933 	983
f 893 	985 	987
f 988 	986 	893
f 938 	983 	989
f 893 	987 	990
f 991 	988 	893
f 938 	989 	992
f 893 	990 	993
f 994 	991 	893
f 938 	992 	995
f 893 	993 	944
f 996 	994 	893
f 938 	995 	997
f 893 	944 	946
f 998 	996 	893
f 938 	997 	999
f 893 	946 	1000
f 1001 	998 	893
f 938 	999 	1002
f 1001 	893 	1000
f 938 	1002 	1003
f 1001 	1000 	1004
f 938 	1003 	1005
f 1001 	1004 	1006
f 938 	1005 	1007
f 1001 	1006 	1008
f 938 	1007 	1009
f 1001 	1008 	1010
f 938 	1009 	1011
f 1001 	1010 	1012
f 1013 	938 	1011
f 1001 	1012 	1014
f 1013 	1011 	1015
f 1001 	1014 	1016
f 1013 	1015 	1017
f 1001 	1016 	1018
f 1013 	1017 	1019
f 1001 	1018 	1020
f 1021 	1013 	1019
f 1001 	1020 	1022
f 1021 	1019 	1023
f 1024 	1001 	1022
f 1021 	1023 	1025
f 1026 	1024 	1022
f 1021 	1025 	972
f 1027 	1026 	1022
f 1028 	1021 	972
f 1029 	1027 	1022
f 1030 	1028 	972
f 1029 	1022 	941
f 1031 	1030 	972
f 900 	1029 	941
f 1032 	1031 	972
f 898 	900 	941
f 1033 	1032 	972
f 1034 	898 	941
f 1035 	1033 	972
f 1036 	1034 	941
f 1037 	1035 	972
f 982 	1036 	941
f 1038 	1037 	972
f 919 	982 	941
f 984 	1038 	972
f 919 	941 	984
f 984 	972 	919
f 1039 	1040 	1041
f 1041 	1042 	1043
f 1044 	1045 	1046
f 1047 	1048 	1049
f 1050 	1051 	1052
f 1053 	1054 	1055
f 1056 	1057 	1058
f 1058 	1059 	1060
f 1060 	1061 	1062
f 1062 	1063 	1064
f 1064 	1065 	1066
f 1066 	1067 	1068
f 1068 	1069 	1070
f 1070 	1071 	1072
f 1072 	1073 	1074
f 1074 	1075 	1076
f 1076 	1077 	1078
f 1079 	1080 	1081
f 1081 	1082 	1083
f 1084 	1085 	1086
f 1087 	1088 	1089
f 1090 	1091 	1092
f 1093 	1039 	1041
f 1041 	1043 	1094
f 1047 	1049 	1095
f 1096 	1050 	1052
f 1097 	1053 	1055
f 1055 	1056 	1058
f 1058 	1060 	1062
f 1062 	1064 	1066
f 1066 	1068 	1070
f 1070 	1072 	1074
f 1074 	1076 	1078
f 1098 	1079 	1081
f 1081 	1083 	1099
f 1100 	1087 	1089
f 1101 	1093 	1041
f 1041 	1094 	1102
f 1047 	1095 	1103
f 1104 	1096 	1052
f 1105 	1097 	1055
f 1055 	1058 	1062
f 1066 	1070 	1074
f 1074 	1078 	1106
f 1107 	1098 	1081
f 1081 	1099 	1108
f 1109 	1100 	1089
f 1110 	1101 	1041
f 1041 	1102 	1111
f 1047 	1103 	1104
f 1104 	1052 	1112
f 1105 	1055 	1062
f 1066 	1074 	1106
f 1113 	1107 	1081
f 1081 	1108 	1114
f 1115 	1109 	1089
f 1116 	1110 	1041
f 1041 	1111 	1117
f 1047 	1104 	1112
f 1112 	1105 	1062
f 1066 	1106 	1118
f 1119 	1113 	1081
f 1081 	1114 	1120
f 1121 	1115 	1089
f 1122 	1116 	1041
f 1041 	1117 	1123
f 1047 	1112 	1062
f 1124 	1119 	1081
f 1081 	1120 	1084
f 1125 	1121 	1089
f 1126 	1122 	1041
f 1041 	1123 	1127
f 1128 	1047 	1062
f 1129 	1124 	1081
f 1081 	1084 	1086
f 1130 	1125 	1089
f 1131 	1126 	1041
f 1041 	1127 	1132
f 1128 	1062 	1066
f 1129 	1081 	1086
f 1133 	1131 	1041
f 1041 	1132 	1134
f 1135 	1129 	1086
f 1136 	1133 	1041
f 1041 	1134 	1137
f 1138 	1135 	1086
f 1139 	1136 	1041
f 1041 	1137 	1140
f 1141 	1138 	1086
f 1092 	1139 	1041
f 1041 	1140 	1142
f 1143 	1141 	1086
f 1090 	1092 	1041
f 1041 	1142 	1144
f 1145 	1143 	1086
f 1146 	1090 	1041
f 1041 	1144 	1147
f 1148 	1145 	1086
f 1146 	1041 	1147
f 1149 	1148 	1086
f 1150 	1146 	1147
f 1151 	1149 	1086
f 1152 	1150 	1147
f 1153 	1151 	1086
f 1154 	1152 	1147
f 1155 	1153 	1086
f 1156 	1154 	1147
f 1157 	1155 	1086
f 1158 	1156 	1147
f 1157 	1086 	1159
f 1160 	1158 	1147
f 1161 	1157 	1159
f 1162 	1160 	1147
f 1163 	1161 	1159
f 1164 	1162 	1147
f 1165 	1163 	1159
f 1166 	1164 	1147
f 1165 	1159 	1167
f 1168 	1166 	1147
f 1169 	1165 	1167
f 1168 	1147 	1170
f 1171 	1169 	1167
f 1168 	1170 	1172
f 1118 	1171 	1167
f 1168 	1172 	1173
f 1118 	1167 	1174
f 1168 	1173 	1175
f 1118 	1174 	1176
f 1089 	1168 	1175
f 1118 	1176 	1177
f 1089 	1175 	1044
f 1118 	1177 	1178
f 1089 	1044 	1046
f 1118 	1178 	1179
f 1089 	1046 	1180
f 1118 	1179 	1181
f 1089 	1180 	1182
f 1118 	1181 	1183
f 1089 	1182 	1128
f 1118 	1183 	1184
f 1089 	1128 	1066
f 1118 	1184 	1130
f 1130 	1089 	1066
f 1066 	1118 	1130
f 893 	897 	1041
f 897 	1042 	1041
f 897 	896 	1042
f 896 	1043 	1042
f 896 	948 	1043
f 948 	1094 	1043
f 948 	956 	1094
f 956 	1102 	1094
f 956 	965 	1102
f 965 	1111 	1102
f 965 	971 	1111
f 971 	1117 	1111
f 971 	977 	1117
f 977 	1123 	1117
f 977 	981 	1123
f 981 	1127 	1123
f 981 	986 	1127
f 986 	1132 	1127
f 986 	988 	1132
f 988 	1134 	1132
f 988 	991 	1134
f 991 	1137 	1134
f 991 	994 	1137
f 994 	1140 	1137
f 994 	996 	1140
f 996 	1142 	1140
f 996 	998 	1142
f 998 	1144 	1142
f 998 	1001 	1144
f 1001 	1147 	1144
f 1001 	1024 	1147
f 1024 	1170 	1147
f 1024 	1026 	1170
f 1026 	1172 	1170
f 1026 	1027 	1172
f 1027 	1173 	1172
f 1027 	1029 	1173
f 1029 	1175 	1173
f 1029 	900 	1175
f 900 	1044 	1175
f 900 	899 	1044
f 899 	1045 	1044
f 899 	898 	1045
f 898 	1046 	1045
f 898 	1034 	1046
f 1034 	1180 	1046
f 1034 	1036 	1180
f 1036 	1182 	1180
f 1036 	982 	1182
f 982 	1128 	1182
f 982 	903 	1128
f 903 	1047 	1128
f 903 	902 	1047
f 902 	1048 	1047
f 902 	901 	1048
f 901 	1049 	1048
f 901 	949 	1049
f 949 	1095 	1049
f 949 	957 	1095
f 957 	1103 	1095
f 957 	958 	1103
f 958 	1104 	1103
f 958 	950 	1104
f 950 	1096 	1104
f 950 	906 	1096
f 906 	1050 	1096
f 906 	905 	1050
f 905 	1051 	1050
f 905 	904 	1051
f 904 	1052 	1051
f 904 	966 	1052
f 966 	1112 	1052
f 966 	959 	1112
f 959 	1105 	1112
f 959 	951 	1105
f 951 	1097 	1105
f 951 	909 	1097
f 909 	1053 	1097
f 909 	908 	1053
f 908 	1054 	1053
f 908 	907 	1054
f 907 	1055 	1054
f 907 	912 	1055
f 912 	1056 	1055
f 912 	911 	1056
f 911 	1057 	1056
f 911 	910 	1057
f 910 	1058 	1057
f 910 	914 	1058
f 914 	1059 	1058
f 914 	913 	1059
f 913 	1060 	1059
f 913 	916 	1060
f 916 	1061 	1060
f 916 	915 	1061
f 915 	1062 	1061
f 915 	918 	1062
f 918 	1063 	1062
f 918 	917 	1063
f 917 	1064 	1063
f 917 	920 	1064
f 920 	1065 	1064
f 920 	919 	1065
f 919 	1066 	1065
f 919 	922 	1066
f 922 	1067 	1066
f 922 	921 	1067
f 921 	1068 	1067
f 921 	924 	1068
f 924 	1069 	1068
f 924 	923 	1069
f 923 	1070 	1069
f 923 	926 	1070
f 926 	1071 	1070
f 926 	925 	1071
f 925 	1072 	1071
f 925 	928 	1072
f 928 	1073 	1072
f 928 	927 	1073
f 927 	1074 	1073
f 927 	930 	1074
f 930 	1075 	1074
f 930 	929 	1075
f 929 	1076 	1075
f 929 	932 	1076
f 932 	1077 	1076
f 932 	931 	1077
f 931 	1078 	1077
f 931 	960 	1078
f 960 	1106 	1078
f 960 	972 	1106
f 972 	1118 	1106
f 972 	1025 	1118
f 1025 	1171 	1118
f 1025 	1023 	1171
f 1023 	1169 	1171
f 1023 	1019 	1169
f 1019 	1165 	1169
f 1019 	1017 	1165
f 1017 	1163 	1165
f 1017 	1015 	1163
f 1015 	1161 	1163
f 1015 	1011 	1161
f 1011 	1157 	1161
f 1011 	1009 	1157
f 1009 	1155 	1157
f 1009 	1007 	1155
f 1007 	1153 	1155
f 1007 	1005 	1153
f 1005 	1151 	1153
f 1005 	1003 	1151
f 1003 	1149 	1151
f 1003 	1002 	1149
f 1002 	1148 	1149
f 1002 	999 	1148
f 999 	1145 	1148
f 999 	997 	1145
f 997 	1143 	1145
f 997 	995 	1143
f 995 	1141 	1143
f 995 	992 	1141
f 992 	1138 	1141
f 992 	989 	1138
f 989 	1135 	1138
f 989 	983 	1135
f 983 	1129 	1135
f 983 	978 	1129
f 978 	1124 	1129
f 978 	973 	1124
f 973 	1119 	1124
f 973 	967 	1119
f 967 	1113 	1119
f 967 	961 	1113
f 961 	1107 	1113
f 961 	952 	1107
f 952 	1098 	1107
f 952 	935 	1098
f 935 	1079 	1098
f 935 	934 	1079
f 934 	1080 	1079
f 934 	933 	1080
f 933 	1081 	1080
f 933 	937 	1081
f 937 	1082 	1081
f 937 	936 	1082
f 936 	1083 	1082
f 936 	953 	1083
f 953 	1099 	1083
f 953 	962 	1099
f 962 	1108 	1099
f 962 	968 	1108
f 968 	1114 	1108
f 968 	974 	1114
f 974 	1120 	1114
f 974 	940 	1120
f 940 	1084 	1120
f 940 	939 	1084
f 939 	1085 	1084
f 939 	938 	1085
f 938 	1086 	1085
f 938 	1013 	1086
f 1013 	1159 	1086
f 1013 	1021 	1159
f 1021 	1167 	1159
f 1021 	1028 	1167
f 1028 	1174 	1167
f 1028 	1030 	1174
f 1030 	1176 	1174
f 1030 	1031 	1176
f 1031 	1177 	1176
f 1031 	1032 	1177
f 1032 	1178 	1177
f 1032 	1033 	1178
f 1033 	1179 	1178
f 1033 	1035 	1179
f 1035 	1181 	1179
f 1035 	1037 	1181
f 1037 	1183 	1181
f 1037 	1038 	1183
f 1038 	1184 	1183
f 1038 	984 	1184
f 984 	1130 	1184
f 984 	979 	1130
f 979 	1125 	1130
f 979 	975 	1125
f 975 	1121 	1125
f 975 	969 	1121
f 969 	1115 	1121
f 969 	963 	1115
f 963 	1109 	1115
f 963 	954 	1109
f 954 	1100 	1109
f 954 	943 	1100
f 943 	1087 	1100
f 943 	942 	1087
f 942 	1088 	1087
f 942 	941 	1088
f 941 	1089 	1088
f 941 	1022 	1089
f 1022 	1168 	1089
f 1022 	1020 	1168
f 1020 	1166 	1168
f 1020 	1018 	1166
f 1018 	1164 	1166
f 1018 	1016 	1164
f 1016 	1162 	1164
f 1016 	1014 	1162
f 1014 	1160 	1162
f 1014 	1012 	1160
f 1012 	1158 	1160
f 1012 	1010 	1158
f 1010 	1156 	1158
f 1010 	1008 	1156
f 1008 	1154 	1156
f 1008 	1006 	1154
f 1006 	1152 	1154
f 1006 	1004 	1152
f 1004 	1150 	1152
f 1004 	1000 	1150
f 1000 	1146 	1150
f 1000 	946 	1146
f 946 	1090 	1146
f 946 	945 	1090
f 945 	1091 	1090
f 945 	944 	1091
f 944 	1092 	1091
f 944 	993 	1092
f 993 	1139 	1092
f 993 	990 	1139
f 990 	1136 	1139
f 990 	987 	1136
f 987 	1133 	1136
f 987 	985 	1133
f 985 	1131 	1133
f 985 	980 	1131
f 980 	1126 	1131
f 980 	976 	1126
f 976 	1122 	1126
f 976 	970 	1122
f 970 	1116 	1122
f 970 	964 	1116
f 964 	1110 	1116
f 964 	955 	1110
f 955 	1101 	1110
f 955 	947 	1101
f 947 	1093 	1101
f 947 	895 	1093
f 895 	1039 	1093
f 895 	894 	1039
f 894 	1040 	1039
f 894 	893 	1040
f 893 	1041 	1040
f 1185 	1186 	1187
f 1188 	1189 	1185
f 1190 	1191 	1188
f 1192 	1193 	1190
f 1194 	1195 	1192
f 1196 	1197 	1194
f 1198 	1199 	1196
f 1200 	1201 	1198
f 1202 	1203 	1200
f 1204 	1205 	1202
f 1206 	1207 	1204
f 1208 	1209 	1206
f 1210 	1211 	1208
f 1212 	1213 	1210
f 1214 	1215 	1212
f 1216 	1217 	1214
f 1218 	1219 	1216
f 1220 	1221 	1218
f 1222 	1223 	1220
f 1224 	1225 	1222
f 1226 	1227 	1224
f 1228 	1229 	1226
f 1230 	1231 	1228
f 1232 	1233 	1230
f 1234 	1235 	1232
f 1236 	1237 	1234
f 1238 	1239 	1236
f 1240 	1241 	1238
f 1242 	1243 	1240
f 1244 	1245 	1242
f 1246 	1247 	1244
f 1248 	1249 	1246
f 1250 	1251 	1248
f 1252 	1253 	1250
f 1254 	1255 	1252
f 1256 	1257 	1254
f 1258 	1259 	1256
f 1260 	1261 	1258
f 1262 	1263 	1260
f 1264 	1265 	1262
f 1266 	1267 	1264
f 1268 	1269 	1266
f 1270 	1271 	1268
f 1272 	1273 	1270
f 1274 	1275 	1272
f 1276 	1277 	1274
f 1278 	1279 	1276
f 1187 	1280 	1278
f 1188 	1185 	1187
f 1192 	1190 	1188
f 1196 	1194 	1192
f 1200 	1198 	1196
f 1204 	1202 	1200
f 1208 	1206 	1204
f 1212 	1210 	1208
f 1216 	1214 	1212
f 1220 	1218 	1216
f 1224 	1222 	1220
f 1228 	1226 	1224
f 1232 	1230 	1228
f 1236 	1234 	1232
f 1240 	1238 	1236
f 1244 	1242 	1240
f 1248 	1246 	1244
f 1252 	1250 	1248
f 1256 	1254 	1252
f 1260 	1258 	1256
f 1264 	1262 	1260
f 1268 	1266 	1264
f 1272 	1270 	1268
f 1276 	1274 	1272
f 1187 	1278 	1276
f 1192 	1188 	1187
f 1200 	1196 	1192
f 1208 	1204 	1200
f 1216 	1212 	1208
f 1224 	1220 	1216
f 1232 	1228 	1224
f 1240 	1236 	1232
f 1248 	1244 	1240
f 1256 	1252 	1248
f 1264 	1260 	1256
f 1272 	1268 	1264
f 1187 	1276 	1272
f 1200 	1192 	1187
f 1216 	1208 	1200
f 1232 	1224 	1216
f 1248 	1240 	1232
f 1264 	1256 	1248
f 1187 	1272 	1264
f 1216 	1200 	1187
f 1248 	1232 	1216
f 1187 	1264 	1248
f 1248 	1216 	1187
f 1281 	1282 	1283
f 1283 	1284 	1285
f 1285 	1286 	1287
f 1287 	1288 	1289
f 1289 	1290 	1291
f 1291 	1292 	1293
f 1293 	1294 	1295
f 1295 	1296 	1297
f 1297 	1298 	1299
f 1299 	1300 	1301
f 1301 	1302 	1303
f 1303 	1304 	1305
f 1305 	1306 	1307
f 1307 	1308 	1309
f 1309 	1310 	1311
f 1311 	1312 	1313
f 1313 	1314 	1315
f 1315 	1316 	1317
f 1317 	1318 	1319
f 1319 	1320 	1321
f 1321 	1322 	1323
f 1323 	1324 	1325
f 1325 	1326 	1327
f 1327 	1328 	1329
f 1329 	1330 	1331
f 1331 	1332 	1333
f 1333 	1334 	1335
f 1335 	1336 	1337
f 1337 	1338 	1339
f 1339 	1340 	1341
f 1341 	1342 	1343
f 1343 	1344 	1345
f 1345 	1346 	1347
f 1347 	1348 	1349
f 1349 	1350 	1351
f 1351 	1352 	1353
f 1353 	1354 	1355
f 1355 	1356 	1357
f 1357 	1358 	1359
f 1359 	1360 	1361
f 1361 	1362 	1363
f 1363 	1364 	1365
f 1365 	1366 	1367
f 1367 	1368 	1369
f 1369 	1370 	1371
f 1371 	1372 	1373
f 1373 	1374 	1375
f 1375 	1376 	1281
f 1281 	1283 	1285
f 1285 	1287 	1289
f 1289 	1291 	1293
f 1293 	1295 	1297
f 1297 	1299 	1301
f 1301 	1303 	1305
f 1305 	1307 	1309
f 1309 	1311 	1313
f 1313 	1315 	1317
f 1317 	1319 	1321
f 1321 	1323 	1325
f 1325 	1327 	1329
f 1329 	1331 	1333
f 1333 	1335 	1337
f 1337 	1339 	1341
f 1341 	1343 	1345
f 1345 	1347 	1349
f 1349 	1351 	1353
f 1353 	1355 	1357
f 1357 	1359 	1361
f 1361 	1363 	1365
f 1365 	1367 	1369
f 1369 	1371 	1373
f 1373 	1375 	1281
f 1281 	1285 	1289
f 1289 	1293 	1297
f 1297 	1301 	1305
f 1305 	1309 	1313
f 1313 	1317 	1321
f 1321 	1325 	1329
f 1329 	1333 	1337
f 1337 	1341 	1345
f 1345 	1349 	1353
f 1353 	1357 	1361
f 1361 	1365 	1369
f 1369 	1373 	1281
f 1281 	1289 	1297
f 1297 	1305 	1313
f 1313 	1321 	1329
f 1329 	1337 	1345
f 1345 	1353 	1361
f 1361 	1369 	1281
f 1281 	1297 	1313
f 1313 	1329 	1345
f 1345 	1361 	1281
f 1281 	1313 	1345
f 1185 	1189 	1283
f 1189 	1284 	1283
f 1189 	1188 	1284
f 1188 	1285 	1284
f 1188 	1191 	1285
f 1191 	1286 	1285
f 1191 	1190 	1286
f 1190 	1287 	1286
f 1190 	1193 	1287
f 1193 	1288 	1287
f 1193 	1192 	1288
f 1192 	1289 	1288
f 1192 	1195 	1289
f 1195 	1290 	1289
f 1195 	1194 	1290
f 1194 	1291 	1290
f 1194 	1197 	1291
f 1197 	1292 	1291
f 1197 	1196 	1292
f 1196 	1293 	1292
f 1196 	1199 	1293
f 1199 	1294 	1293
f 1199 	1198 	1294
f 1198 	1295 	1294
f 1198 	1201 	1295
f 1201 	1296 	1295
f 1201 	1200 	1296
f 1200 	1297 	1296
f 1200 	1203 	1297
f 1203 	1298 	1297
f 1203 	1202 	1298
f 1202 	1299 	1298
f 1202 	1205 	1299
f 1205 	1300 	1299
f 1205 	1204 	1300
f 1204 	1301 	1300
f 1204 	1207 	1301
f 1207 	1302 	1301
f 1207 	1206 	1302
f 1206 	1303 	1302
f 1206 	1209 	1303
f 1209 	1304 	1303
f 1209 	1208 	1304
f 1208 	1305 	1304
f 1208 	1211 	1305
f 1211 	1306 	1305
f 1211 	1210 	1306
f 1210 	1307 	1306
f 1210 	1213 	1307
f 1213 	1308 	1307
f 1213 	1212 	1308
f 1212 	1309 	1308
f 1212 	1215 	1309
f 1215 	1310 	1309
f 1215 	1214 	1310
f 1214 	1311 	1310
f 1214 	1217 	1311
f 1217 	1312 	1311
f 1217 	1216 	1312
f 1216 	1313 	1312
f 1216 	1219 	1313
f 1219 	1314 	1313
f 1219 	1218 	1314
f 1218 	1315 	1314
f 1218 	1221 	1315
f 1221 	1316 	1315
f 1221 	1220 	1316
f 1220 	1317 	1316
f 1220 	1223 	1317
f 1223 	1318 	1317
f 1223 	1222 	1318
f 1222 	1319 	1318
f 1222 	1225 	1319
f 1225 	1320 	1319
f 1225 	1224 	1320
f 1224 	1321 	1320
f 1224 	1227 	1321
f 1227 	1322 	1321
f 1227 	1226 	1322
f 1226 	1323 	1322
f 1226 	1229 	1323
f 1229 	1324 	1323
f 1229 	1228 	1324
f 1228 	1325 	1324
f 1228 	1231 	1325
f 1231 	1326 	1325
f 1231 	1230 	1326
f 1230 	1327 	1326
f 1230 	1233 	1327
f 1233 	1328 	1327
f 1233 	1232 	1328
f 1232 	1329 	1328
f 1232 	1235 	1329
f 1235 	1330 	1329
f 1235 	1234 	1330
f 1234 	1331 	1330
f 1234 	1237 	1331
f 1237 	1332 	1331
f 1237 	1236 	1332
f 1236 	1333 	1332
f 1236 	1239 	1333
f 1239 	1334 	1333
f 1239 	1238 	1334
f 1238 	1335 	1334
f 1238 	1241 	1335
f 1241 	1336 	1335
f 1241 	1240 	1336
f 1240 	1337 	1336
f 1240 	1243 	1337
f 1243 	1338 	1337
f 1243 	1242 	1338
f 1242 	1339 	1338
f 1242 	1245 	1339
f 1245 	1340 	1339
f 1245 	1244 	1340
f 1244 	1341 	1340
f 1244 	1247 	1341
f 1247 	1342 	1341
f 1247 	1246 	1342
f 1246 	1343 	1342
f 1246 	1249 	1343
f 1249 	1344 	1343
f 1249 	1248 	1344
f 1248 	1345 	1344
f 1248 	1251 	1345
f 1251 	1346 	1345
f 1251 	1250 	1346
f 1250 	1347 	1346
f 1250 	1253 	1347
f 1253 	1348 	1347
f 1253 	1252 	1348
f 1252 	1349 	1348
f 1252 	1255 	1349
f 1255 	1350 	1349
f 1255 	1254 	1350
f 1254 	1351 	1350
f 1254 	1257 	1351
f 1257 	1352 	1351
f 1257 	1256 	1352
f 1256 	1353 	1352
f 1256 	1259 	1353
f 1259 	1354 	1353
f 1259 	1258 	1354
f 1258 	1355 	1354
f 1258 	1261 	1355
f 1261 	1356 	1355
f 1261 	1260 	1356
f 1260 	1357 	1356
f 1260 	1263 	1357
f 1263 	1358 	1357
f 1263 	1262 	1358
f 1262 	1359 	1358
f 1262 	1265 	1359
f 1265 	1360 	1359
f 1265 	1264 	1360
f 1264 	1361 	1360
f 1264 	1267 	1361
f 1267 	1362 	1361
f 1267 	1266 	1362
f 1266 	1363 	1362
f 1266 	1269 	1363
f 1269 	1364 	1363
f 1269 	1268 	1364
f 1268 	1365 	1364
f 1268 	1271 	1365
f 1271 	1366 	1365
f 1271 	1270 	1366
f 1270 	1367 	1366
f 1270 	1273 	1367
f 1273 	1368 	1367
f 1273 	1272 	1368
f 1272 	1369 	1368
f 1272 	1275 	1369
f 1275 	1370 	1369
f 1275 	1274 	1370
f 1274 	1371 	1370
f 1274 	1277 	1371
f 1277 	1372 	1371
f 1277 	1276 	1372
f 1276 	1373 	1372
f 1276 	1279 	1373
f 1279 	1374 	1373
f 1279 	1278 	1374
f 1278 	1375 	1374
f 1278 	1280 	1375
f 1280 	1376 	1375
f 1280 	1187 	1376
f 1187 	1281 	1376
f 1187 	1186 	1281
f 1186 	1282 	1281
f 1186 	1185 	1282
f 1185 	1283 	1282
f 1377 	1378 	1379
f 1380 	1381 	1377
f 1382 	1383 	1384
f 1377 	1379 	1385
f 1386 	1380 	1377
f 1387 	1382 	1384
f 1377 	1385 	1388
f 1389 	1386 	1377
f 1390 	1387 	1384
f 1377 	1388 	1391
f 1392 	1389 	1377
f 1393 	1390 	1384
f 1377 	1391 	1394
f 1395 	1392 	1377
f 1396 	1393 	1384
f 1377 	1394 	1397
f 1398 	1395 	1377
f 1399 	1396 	1384
f 1377 	1397 	1400
f 1401 	1398 	1377
f 1402 	1399 	1384
f 1377 	1400 	1403
f 1404 	1401 	1377
f 1405 	1402 	1384
f 1377 	1403 	1406
f 1407 	1404 	1377
f 1408 	1405 	1384
f 1377 	1406 	1409
f 1410 	1407 	1377
f 1411 	1408 	1384
f 1377 	1409 	1412
f 1413 	1410 	1377
f 1414 	1411 	1384
f 1377 	1412 	1415
f 1416 	1413 	1377
f 1417 	1414 	1384
f 1377 	1415 	1418
f 1419 	1416 	1377
f 1420 	1417 	1384
f 1377 	1418 	1421
f 1422 	1419 	1377
f 1423 	1420 	1384
f 1377 	1421 	1424
f 1425 	1422 	1377
f 1426 	1423 	1384
f 1377 	1424 	1427
f 1428 	1425 	1377
f 1429 	1426 	1384
f 1428 	1377 	1427
f 1430 	1429 	1384
f 1428 	1427 	1431
f 1432 	1430 	1384
f 1428 	1431 	1433
f 1434 	1432 	1384
f 1428 	1433 	1435
f 1436 	1434 	1384
f 1428 	1435 	1437
f 1438 	1436 	1384
f 1428 	1437 	1439
f 1438 	1384 	1440
f 1428 	1439 	1441
f 1438 	1440 	1442
f 1428 	1441 	1443
f 1438 	1442 	1444
f 1428 	1443 	1445
f 1438 	1444 	1446
f 1428 	1445 	1447
f 1438 	1446 	1448
f 1449 	1428 	1447
f 1438 	1448 	1450
f 1451 	1449 	1447
f 1438 	1450 	1452
f 1453 	1451 	1447
f 1454 	1438 	1452
f 1452 	1453 	1447
f 1455 	1454 	1452
f 1452 	1447 	1456
f 1457 	1455 	1452
f 1452 	1456 	1458
f 1458 	1457 	1452
f 1459 	1460 	1461
f 1461 	1462 	1463
f 1464 	1465 	1466
f 1467 	1459 	1461
f 1461 	1463 	1468
f 1464 	1466 	1469
f 1470 	1467 	1461
f 1461 	1468 	1471
f 1464 	1469 	1472
f 1473 	1470 	1461
f 1461 	1471 	1474
f 1464 	1472 	1475
f 1476 	1473 	1461
f 1461 	1474 	1477
f 1464 	1475 	1478
f 1479 	1476 	1461
f 1461 	1477 	1480
f 1464 	1478 	1481
f 1482 	1479 	1461
f 1461 	1480 	1483
f 1464 	1481 	1484
f 1485 	1482 	1461
f 1461 	1483 	1486
f 1464 	1484 	1487
f 1488 	1485 	1461
f 1461 	1486 	1489
f 1464 	1487 	1490
f 1491 	1488 	1461
f 1461 	1489 	1492
f 1464 	1490 	1493
f 1494 	1491 	1461
f 1461 	1492 	1495
f 1464 	1493 	1496
f 1497 	1494 	1461
f 1461 	1495 	1498
f 1464 	1496 	1499
f 1500 	1497 	1461
f 1461 	1498 	1501
f 1464 	1499 	1502
f 1503 	1500 	1461
f 1461 	1501 	1504
f 1464 	1502 	1505
f 1506 	1503 	1461
f 1461 	1504 	1507
f 1464 	1505 	1508
f 1509 	1506 	1461
f 1461 	1507 	1510
f 1464 	1508 	1511
f 1509 	1461 	1510
f 1464 	1511 	1512
f 1513 	1509 	1510
f 1464 	1512 	1514
f 1515 	1513 	1510
f 1464 	1514 	1516
f 1517 	1515 	1510
f 1464 	1516 	1518
f 1519 	1517 	1510
f 1464 	1518 	1520
f 1521 	1519 	1510
f 1522 	1464 	1520
f 1523 	1521 	1510
f 1524 	1522 	1520
f 1525 	1523 	1510
f 1526 	1524 	1520
f 1527 	1525 	1510
f 1528 	1526 	1520
f 1529 	1527 	1510
f 1530 	1528 	1520
f 1529 	1510 	1531
f 1532 	1530 	1520
f 1529 	1531 	1533
f 1534 	1532 	1520
f 1529 	1533 	1535
f 1534 	1520 	1536
f 1529 	1535 	1534
f 1534 	1536 	1537
f 1538 	1529 	1534
f 1534 	1537 	1539
f 1540 	1538 	1534
f 1534 	1539 	1540
f 1378 	1377 	1460
f 1377 	1461 	1460
f 1377 	1381 	1461
f 1381 	1462 	1461
f 1381 	1380 	1462
f 1380 	1463 	1462
f 1380 	1386 	1463
f 1386 	1468 	1463
f 1386 	1389 	1468
f 1389 	1471 	1468
f 1389 	1392 	1471
f 1392 	1474 	1471
f 1392 	1395 	1474
f 1395 	1477 	1474
f 1395 	1398 	1477
f 1398 	1480 	1477
f 1398 	1401 	1480
f 1401 	1483 	1480
f 1401 	1404 	1483
f 1404 	1486 	1483
f 1404 	1407 	1486
f 1407 	1489 	1486
f 1407 	1410 	1489
f 1410 	1492 	1489
f 1410 	1413 	1492
f 1413 	1495 	1492
f 1413 	1416 	1495
f 1416 	1498 	1495
f 1416 	1419 	1498
f 1419 	1501 	1498
f 1419 	1422 	1501
f 1422 	1504 	1501
f 1422 	1425 	1504
f 1425 	1507 	1504
f 1425 	1428 	1507
f 1428 	1510 	1507
f 1428 	1449 	1510
f 1449 	1531 	1510
f 1449 	1451 	1531
f 1451 	1533 	1531
f 1451 	1453 	1533
f 1453 	1535 	1533
f 1453 	1452 	1535
f 1452 	1534 	1535
f 1452 	1450 	1534
f 1450 	1532 	1534
f 1450 	1448 	1532
f 1448 	1530 	1532
f 1448 	1446 	1530
f 1446 	1528 	1530
f 1446 	1444 	1528
f 1444 	1526 	1528
f 1444 	1442 	1526
f 1442 	1524 	1526
f 1442 	1440 	1524
f 1440 	1522 	1524
f 1440 	1384 	1522
f 1384 	1464 	1522
f 1384 	1383 	1464
f 1383 	1465 	1464
f 1383 	1382 	1465
f 1382 	1466 	1465
f 1382 	1387 	1466
f 1387 	1469 	1466
f 1387 	1390 	1469
f 1390 	1472 	1469
f 1390 	1393 	1472
f 1393 	1475 	1472
f 1393 	1396 	1475
f 1396 	1478 	1475
f 1396 	1399 	1478
f 1399 	1481 	1478
f 1399 	1402 	1481
f 1402 	1484 	1481
f 1402 	1405 	1484
f 1405 	1487 	1484
f 1405 	1408 	1487
f 1408 	1490 	1487
f 1408 	1411 	1490
f 1411 	1493 	1490
f 1411 	1414 	1493
f 1414 	1496 	1493
f 1414 	1417 	1496
f 1417 	1499 	1496
f 1417 	1420 	1499
f 1420 	1502 	1499
f 1420 	1423 	1502
f 1423 	1505 	1502
f 1423 	1426 	1505
f 1426 	1508 	1505
f 1426 	1429 	1508
f 1429 	1511 	1508
f 1429 	1430 	1511
f 1430 	1512 	1511
f 1430 	1432 	1512
f 1432 	1514 	1512
f 1432 	1434 	1514
f 1434 	1516 	1514
f 1434 	1436 	1516
f 1436 	1518 	1516
f 1436 	1438 	1518
f 1438 	1520 	1518
f 1438 	1454 	1520
f 1454 	1536 	1520
f 1454 	1455 	1536
f 1455 	1537 	1536
f 1455 	1457 	1537
f 1457 	1539 	1537
f 1457 	1458 	1539
f 1458 	1540 	1539
f 1458 	1456 	1540
f 1456 	1538 	1540
f 1456 	1447 	1538
f 1447 	1529 	1538
f 1447 	1445 	1529
f 1445 	1527 	1529
f 1445 	1443 	1527
f 1443 	1525 	1527
f 1443 	1441 	1525
f 1441 	1523 	1525
f 1441 	1439 	1523
f 1439 	1521 	1523
f 1439 	1437 	1521
f 1437 	1519 	1521
f 1437 	1435 	1519
f 1435 	1517 	1519
f 1435 	1433 	1517
f 1433 	1515 	1517
f 1433 	1431 	1515
f 1431 	1513 	1515
f 1431 	1427 	1513
f 1427 	1509 	1513
f 1427 	1424 	1509
f 1424 	1506 	1509
f 1424 	1421 	1506
f 1421 	1503 	1506
f 1421 	1418 	1503
f 1418 	1500 	1503
f 1418 	1415 	1500
f 1415 	1497 	1500
f 1415 	1412 	1497
f 1412 	1494 	1497
f 1412 	1409 	1494
f 1409 	1491 	1494
f 1409 	1406 	1491
f 1406 	1488 	1491
f 1406 	1403 	1488
f 1403 	1485 	1488
f 1403 	1400 	1485
f 1400 	1482 	1485
f 1400 	1397 	1482
f 1397 	1479 	1482
f 1397 	1394 	1479
f 1394 	1476 	1479
f 1394 	1391 	1476
f 1391 	1473 	1476
f 1391 	1388 	1473
f 1388 	1470 	1473
f 1388 	1385 	1470
f 1385 	1467 	1470
f 1385 	1379 	1467
f 1379 	1459 	1467
f 1379 	1378 	1459
f 1378 	1460 	1459
f 1541 	1542 	1543
f 1544 	1545 	1541
f 1546 	1547 	1544
f 1548 	1549 	1546
f 1550 	1551 	1548
f 1552 	1553 	1550
f 1554 	1555 	1552
f 1556 	1557 	1554
f 1558 	1559 	1556
f 1560 	1561 	1558
f 1562 	1563 	1560
f 1564 	1565 	1562
f 1566 	1567 	1564
f 1568 	1569 	1566
f 1570 	1571 	1568
f 1572 	1573 	1570
f 1574 	1575 	1572
f 1576 	1577 	1574
f 1578 	1579 	1576
f 1576 	1579 	1580
f 1581 	1582 	1576
f 1583 	1584 	1581
f 1585 	1586 	1583
f 1587 	1588 	1585
f 1589 	1590 	1587
f 1591 	1592 	1589
f 1593 	1594 	1591
f 1595 	1596 	1593
f 1597 	1598 	1595
f 1599 	1600 	1597
f 1601 	1602 	1599
f 1603 	1604 	1601
f 1605 	1606 	1603
f 1607 	1608 	1605
f 1609 	1610 	1607
f 1611 	1612 	1609
f 1613 	1614 	1611
f 1543 	1615 	1613
f 1544 	1541 	1543
f 1548 	1546 	1544
f 1552 	1550 	1548
f 1556 	1554 	1552
f 1560 	1558 	1556
f 1564 	1562 	1560
f 1568 	1566 	1564
f 1572 	1570 	1568
f 1576 	1574 	1572
f 1616 	1578 	1576
f 1576 	1580 	1617
f 1583 	1581 	1576
f 1587 	1585 	1583
f 1591 	1589 	1587
f 1595 	1593 	1591
f 1599 	1597 	1595
f 1603 	1601 	1599
f 1607 	1605 	1603
f 1611 	1609 	1607
f 1543 	1613 	1611
f 1548 	1544 	1543
f 1556 	1552 	1548
f 1564 	1560 	1556
f 1572 	1568 	1564
f 1616 	1576 	1572
f 1576 	1617 	1618
f 1587 	1583 	1576
f 1595 	1591 	1587
f 1603 	1599 	1595
f 1611 	1607 	1603
f 1548 	1543 	1611
f 1564 	1556 	1548
f 1619 	1616 	1572
f 1576 	1618 	1620
f 1595 	1587 	1576
f 1621 	1619 	1572
f 1576 	1620 	1622
f 1603 	1595 	1576
f 1623 	1621 	1572
f 1576 	1622 	1624
f 1625 	1623 	1572
f 1576 	1624 	1626
f 1627 	1625 	1572
f 1576 	1626 	1628
f 1629 	1627 	1572
f 1576 	1628 	1630
f 1631 	1629 	1572
f 1576 	1630 	1632
f 1633 	1631 	1572
f 1576 	1632 	1634
f 1635 	1633 	1572
f 1576 	1634 	1636
f 1637 	1635 	1572
f 1576 	1636 	1638
f 1639 	1637 	1572
f 1576 	1638 	1640
f 1641 	1639 	1572
f 1576 	1640 	1642
f 1641 	1572 	1564
f 1576 	1642 	1643
f 1644 	1641 	1564
f 1603 	1576 	1643
f 1645 	1644 	1564
f 1603 	1643 	1646
f 1647 	1645 	1564
f 1603 	1646 	1648
f 1649 	1647 	1564
f 1603 	1648 	1650
f 1651 	1649 	1564
f 1603 	1650 	1652
f 1653 	1651 	1564
f 1603 	1652 	1654
f 1655 	1653 	1564
f 1603 	1654 	1656
f 1657 	1655 	1564
f 1603 	1656 	1658
f 1659 	1657 	1564
f 1603 	1658 	1660
f 1661 	1659 	1564
f 1603 	1660 	1662
f 1663 	1661 	1564
f 1603 	1662 	1664
f 1665 	1663 	1564
f 1603 	1664 	1666
f 1667 	1665 	1564
f 1603 	1666 	1668
f 1667 	1564 	1548
f 1603 	1668 	1669
f 1670 	1667 	1548
f 1603 	1669 	1671
f 1672 	1670 	1548
f 1603 	1671 	1673
f 1674 	1672 	1548
f 1603 	1673 	1675
f 1676 	1674 	1548
f 1603 	1675 	1677
f 1678 	1676 	1548
f 1611 	1603 	1677
f 1679 	1678 	1548
f 1611 	1677 	1680
f 1681 	1679 	1548
f 1611 	1680 	1682
f 1683 	1681 	1548
f 1611 	1682 	1684
f 1685 	1683 	1548
f 1611 	1684 	1686
f 1685 	1548 	1611
f 1611 	1686 	1687
f 1688 	1685 	1611
f 1611 	1687 	1689
f 1690 	1688 	1611
f 1611 	1689 	1691
f 1692 	1690 	1611
f 1611 	1691 	1693
f 1694 	1692 	1611
f 1611 	1693 	1695
f 1696 	1694 	1611
f 1611 	1695 	1697
f 1698 	1696 	1611
f 1611 	1697 	1699
f 1700 	1698 	1611
f 1611 	1699 	1701
f 1702 	1700 	1611
f 1611 	1701 	1703
f 1704 	1702 	1611
f 1611 	1703 	1705
f 1706 	1704 	1611
f 1611 	1705 	1707
f 1708 	1706 	1611
f 1611 	1707 	1708
f 1709 	1710 	1711
f 1711 	1712 	1713
f 1713 	1714 	1715
f 1715 	1716 	1717
f 1717 	1718 	1719
f 1719 	1720 	1721
f 1721 	1722 	1723
f 1723 	1724 	1725
f 1725 	1726 	1727
f 1727 	1728 	1729
f 1729 	1730 	1731
f 1731 	1732 	1733
f 1733 	1734 	1735
f 1735 	1736 	1737
f 1737 	1738 	1739
f 1739 	1740 	1741
f 1741 	1742 	1743
f 1743 	1744 	1745
f 1745 	1746 	1747
f 1748 	1746 	1745
f 1745 	1749 	1750
f 1750 	1751 	1752
f 1752 	1753 	1754
f 1754 	1755 	1756
f 1756 	1757 	1758
f 1758 	1759 	1760
f 1760 	1761 	1762
f 1762 	1763 	1764
f 1764 	1765 	1766
f 1766 	1767 	1768
f 1768 	1769 	1770
f 1770 	1771 	1772
f 1772 	1773 	1774
f 1774 	1775 	1776
f 1776 	1777 	1778
f 1778 	1779 	1780
f 1780 	1781 	1782
f 1782 	1783 	1709
f 1709 	1711 	1713
f 1713 	1715 	1717
f 1717 	1719 	1721
f 1721 	1723 	1725
f 1725 	1727 	1729
f 1729 	1731 	1733
f 1733 	1735 	1737
f 1737 	1739 	1741
f 1741 	1743 	1745
f 1745 	1747 	1784
f 1785 	1748 	1745
f 1745 	1750 	1752
f 1752 	1754 	1756
f 1756 	1758 	1760
f 1760 	1762 	1764
f 1764 	1766 	1768
f 1768 	1770 	1772
f 1772 	1774 	1776
f 1776 	1778 	1780
f 1780 	1782 	1709
f 1709 	1713 	1717
f 1717 	1721 	1725
f 1725 	1729 	1733
f 1733 	1737 	1741
f 1741 	1745 	1784
f 1786 	1785 	1745
f 1745 	1752 	1756
f 1756 	1760 	1764
f 1764 	1768 	1772
f 1772 	1776 	1780
f 1780 	1709 	1717
f 1717 	1725 	1733
f 1741 	1784 	1787
f 1788 	1786 	1745
f 1745 	1756 	1764
f 1741 	1787 	1789
f 1790 	1788 	1745
f 1745 	1764 	1772
f 1741 	1789 	1791
f 1792 	1790 	1745
f 1741 	1791 	1793
f 1794 	1792 	1745
f 1741 	1793 	1795
f 1796 	1794 	1745
f 1741 	1795 	1797
f 1798 	1796 	1745
f 1741 	1797 	1799
f 1800 	1798 	1745
f 1741 	1799 	1801
f 1802 	1800 	1745
f 1741 	1801 	1803
f 1804 	1802 	1745
f 1741 	1803 	1805
f 1806 	1804 	1745
f 1741 	1805 	1807
f 1808 	1806 	1745
f 1741 	1807 	1809
f 1810 	1808 	1745
f 1733 	1741 	1809
f 1811 	1810 	1745
f 1733 	1809 	1812
f 1811 	1745 	1772
f 1733 	1812 	1813
f 1814 	1811 	1772
f 1733 	1813 	1815
f 1816 	1814 	1772
f 1733 	1815 	1817
f 1818 	1816 	1772
f 1733 	1817 	1819
f 1820 	1818 	1772
f 1733 	1819 	1821
f 1822 	1820 	1772
f 1733 	1821 	1823
f 1824 	1822 	1772
f 1733 	1823 	1825
f 1826 	1824 	1772
f 1733 	1825 	1827
f 1828 	1826 	1772
f 1733 	1827 	1829
f 1830 	1828 	1772
f 1733 	1829 	1831
f 1832 	1830 	1772
f 1733 	1831 	1833
f 1834 	1832 	1772
f 1733 	1833 	1835
f 1836 	1834 	1772
f 1717 	1733 	1835
f 1837 	1836 	1772
f 1717 	1835 	1838
f 1839 	1837 	1772
f 1717 	1838 	1840
f 1841 	1839 	1772
f 1717 	1840 	1842
f 1843 	1841 	1772
f 1717 	1842 	1844
f 1845 	1843 	1772
f 1717 	1844 	1846
f 1845 	1772 	1780
f 1717 	1846 	1847
f 1848 	1845 	1780
f 1717 	1847 	1849
f 1850 	1848 	1780
f 1717 	1849 	1851
f 1852 	1850 	1780
f 1717 	1851 	1853
f 1854 	1852 	1780
f 1780 	1717 	1853
f 1855 	1854 	1780
f 1780 	1853 	1856
f 1857 	1855 	1780
f 1780 	1856 	1858
f 1859 	1857 	1780
f 1780 	1858 	1860
f 1861 	1859 	1780
f 1780 	1860 	1862
f 1863 	1861 	1780
f 1780 	1862 	1864
f 1865 	1863 	1780
f 1780 	1864 	1866
f 1867 	1865 	1780
f 1780 	1866 	1868
f 1869 	1867 	1780
f 1780 	1868 	1870
f 1871 	1869 	1780
f 1780 	1870 	1872
f 1873 	1871 	1780
f 1780 	1872 	1874
f 1875 	1873 	1780
f 1780 	1874 	1876
f 1876 	1875 	1780
f 1542 	1541 	1710
f 1541 	1711 	1710
f 1541 	1545 	1711
f 1545 	1712 	1711
f 1545 	1544 	1712
f 1544 	1713 	1712
f 1544 	1547 	1713
f 1547 	1714 	1713
f 1547 	1546 	1714
f 1546 	1715 	1714
f 1546 	1549 	1715
f 1549 	1716 	1715
f 1549 	1548 	1716
f 1548 	1717 	1716
f 1548 	1551 	1717
f 1551 	1718 	1717
f 1551 	1550 	1718
f 1550 	1719 	1718
f 1550 	1553 	1719
f 1553 	1720 	1719
f 1553 	1552 	1720
f 1552 	1721 	1720
f 1552 	1555 	1721
f 1555 	1722 	1721
f 1555 	1554 	1722
f 1554 	1723 	1722
f 1554 	1557 	1723
f 1557 	1724 	1723
f 1557 	1556 	1724
f 1556 	1725 	1724
f 1556 	1559 	1725
f 1559 	1726 	1725
f 1559 	1558 	1726
f 1558 	1727 	1726
f 1558 	1561 	1727
f 1561 	1728 	1727
f 1561 	1560 	1728
f 1560 	1729 	1728
f 1560 	1563 	1729
f 1563 	1730 	1729
f 1563 	1562 	1730
f 1562 	1731 	1730
f 1562 	1565 	1731
f 1565 	1732 	1731
f 1565 	1564 	1732
f 1564 	1733 	1732
f 1564 	1567 	1733
f 1567 	1734 	1733
f 1567 	1566 	1734
f 1566 	1735 	1734
f 1566 	1569 	1735
f 1569 	1736 	1735
f 1569 	1568 	1736
f 1568 	1737 	1736
f 1568 	1571 	1737
f 1571 	1738 	1737
f 1571 	1570 	1738
f 1570 	1739 	1738
f 1570 	1573 	1739
f 1573 	1740 	1739
f 1573 	1572 	1740
f 1572 	1741 	1740
f 1572 	1575 	1741
f 1575 	1742 	1741
f 1575 	1574 	1742
f 1574 	1743 	1742
f 1574 	1577 	1743
f 1577 	1744 	1743
f 1577 	1576 	1744
f 1576 	1745 	1744
f 1576 	1582 	1745
f 1582 	1749 	1745
f 1582 	1581 	1749
f 1581 	1750 	1749
f 1581 	1584 	1750
f 1584 	1751 	1750
f 1584 	1583 	1751
f 1583 	1752 	1751
f 1583 	1586 	1752
f 1586 	1753 	1752
f 1586 	1585 	1753
f 1585 	1754 	1753
f 1585 	1588 	1754
f 1588 	1755 	1754
f 1588 	1587 	1755
f 1587 	1756 	1755
f 1587 	1590 	1756
f 1590 	1757 	1756
f 1590 	1589 	1757
f 1589 	1758 	1757
f 1589 	1592 	1758
f 1592 	1759 	1758
f 1592 	1591 	1759
f 1591 	1760 	1759
f 1591 	1594 	1760
f 1594 	1761 	1760
f 1594 	1593 	1761
f 1593 	1762 	1761
f 1593 	1596 	1762
f 1596 	1763 	1762
f 1596 	1595 	1763
f 1595 	1764 	1763
f 1595 	1598 	1764
f 1598 	1765 	1764
f 1598 	1597 	1765
f 1597 	1766 	1765
f 1597 	1600 	1766
f 1600 	1767 	1766
f 1600 	1599 	1767
f 1599 	1768 	1767
f 1599 	1602 	1768
f 1602 	1769 	1768
f 1602 	1601 	1769
f 1601 	1770 	1769
f 1601 	1604 	1770
f 1604 	1771 	1770
f 1604 	1603 	1771
f 1603 	1772 	1771
f 1603 	1606 	1772
f 1606 	1773 	1772
f 1606 	1605 	1773
f 1605 	1774 	1773
f 1605 	1608 	1774
f 1608 	1775 	1774
f 1608 	1607 	1775
f 1607 	1776 	1775
f 1607 	1610 	1776
f 1610 	1777 	1776
f 1610 	1609 	1777
f 1609 	1778 	1777
f 1609 	1612 	1778
f 1612 	1779 	1778
f 1612 	1611 	1779
f 1611 	1780 	1779
f 1611 	1614 	1780
f 1614 	1781 	1780
f 1614 	1613 	1781
f 1613 	1782 	1781
f 1613 	1615 	1782
f 1615 	1783 	1782
f 1615 	1543 	1783
f 1543 	1709 	1783
f 1543 	1542 	1709
f 1542 	1710 	1709
f 1578 	1616 	1747
f 1616 	1784 	1747
f 1616 	1619 	1784
f 1619 	1787 	1784
f 1619 	1621 	1787
f 1621 	1789 	1787
f 1621 	1623 	1789
f 1623 	1791 	1789
f 1623 	1625 	1791
f 1625 	1793 	1791
f 1625 	1627 	1793
f 1627 	1795 	1793
f 1627 	1629 	1795
f 1629 	1797 	1795
f 1629 	1631 	1797
f 1631 	1799 	1797
f 1631 	1633 	1799
f 1633 	1801 	1799
f 1633 	1635 	1801
f 1635 	1803 	1801
f 1635 	1637 	1803
f 1637 	1805 	1803
f 1637 	1639 	1805
f 1639 	1807 	1805
f 1639 	1641 	1807
f 1641 	1809 	1807
f 1641 	1644 	1809
f 1644 	1812 	1809
f 1644 	1645 	1812
f 1645 	1813 	1812
f 1645 	1647 	1813
f 1647 	1815 	1813
f 1647 	1649 	1815
f 1649 	1817 	1815
f 1649 	1651 	1817
f 1651 	1819 	1817
f 1651 	1653 	1819
f 1653 	1821 	1819
f 1653 	1655 	1821
f 1655 	1823 	1821
f 1655 	1657 	1823
f 1657 	1825 	1823
f 1657 	1659 	1825
f 1659 	1827 	1825
f 1659 	1661 	1827
f 1661 	1829 	1827
f 1661 	1663 	1829
f 1663 	1831 	1829
f 1663 	1665 	1831
f 1665 	1833 	1831
f 1665 	1667 	1833
f 1667 	1835 	1833
f 1667 	1670 	1835
f 1670 	1838 	1835
f 1670 	1672 	1838
f 1672 	1840 	1838
f 1672 	1674 	1840
f 1674 	1842 	1840
f 1674 	1676 	1842
f 1676 	1844 	1842
f 1676 	1678 	1844
f 1678 	1846 	1844
f 1678 	1679 	1846
f 1679 	1847 	1846
f 1679 	1681 	1847
f 1681 	1849 	1847
f 1681 	1683 	1849
f 1683 	1851 	1849
f 1683 	1685 	1851
f 1685 	1853 	1851
f 1685 	1688 	1853
f 1688 	1856 	1853
f 1688 	1690 	1856
f 1690 	1858 	1856
f 1690 	1692 	1858
f 1692 	1860 	1858
f 1692 	1694 	1860
f 1694 	1862 	1860
f 1694 	1696 	1862
f 1696 	1864 	1862
f 1696 	1698 	1864
f 1698 	1866 	1864
f 1698 	1700 	1866
f 1700 	1868 	1866
f 1700 	1702 	1868
f 1702 	1870 	1868
f 1702 	1704 	1870
f 1704 	1872 	1870
f 1704 	1706 	1872
f 1706 	1874 	1872
f 1706 	1708 	1874
f 1708 	1876 	1874
f 1708 	1707 	1876
f 1707 	1875 	1876
f 1707 	1705 	1875
f 1705 	1873 	1875
f 1705 	1703 	1873
f 1703 	1871 	1873
f 1703 	1701 	1871
f 1701 	1869 	1871
f 1701 	1699 	1869
f 1699 	1867 	1869
f 1699 	1697 	1867
f 1697 	1865 	1867
f 1697 	1695 	1865
f 1695 	1863 	1865
f 1695 	1693 	1863
f 1693 	1861 	1863
f 1693 	1691 	1861
f 1691 	1859 	1861
f 1691 	1689 	1859
f 1689 	1857 	1859
f 1689 	1687 	1857
f 1687 	1855 	1857
f 1687 	1686 	1855
f 1686 	1854 	1855
f 1686 	1684 	1854
f 1684 	1852 	1854
f 1684 	1682 	1852
f 1682 	1850 	1852
f 1682 	1680 	1850
f 1680 	1848 	1850
f 1680 	1677 	1848
f 1677 	1845 	1848
f 1677 	1675 	1845
f 1675 	1843 	1845
f 1675 	1673 	1843
f 1673 	1841 	1843
f 1673 	1671 	1841
f 1671 	1839 	1841
f 1671 	1669 	1839
f 1669 	1837 	1839
f 1669 	1668 	1837
f 1668 	1836 	1837
f 1668 	1666 	1836
f 1666 	1834 	1836
f 1666 	1664 	1834
f 1664 	1832 	1834
f 1664 	1662 	1832
f 1662 	1830 	1832
f 1662 	1660 	1830
f 1660 	1828 	1830
f 1660 	1658 	1828
f 1658 	1826 	1828
f 1658 	1656 	1826
f 1656 	1824 	1826
f 1656 	1654 	1824
f 1654 	1822 	1824
f 1654 	1652 	1822
f 1652 	1820 	1822
f 1652 	1650 	1820
f 1650 	1818 	1820
f 1650 	1648 	1818
f 1648 	1816 	1818
f 1648 	1646 	1816
f 1646 	1814 	1816
f 1646 	1643 	1814
f 1643 	1811 	1814
f 1643 	1642 	1811
f 1642 	1810 	1811
f 1642 	1640 	1810
f 1640 	1808 	1810
f 1640 	1638 	1808
f 1638 	1806 	1808
f 1638 	1636 	1806
f 1636 	1804 	1806
f 1636 	1634 	1804
f 1634 	1802 	1804
f 1634 	1632 	1802
f 1632 	1800 	1802
f 1632 	1630 	1800
f 1630 	1798 	1800
f 1630 	1628 	1798
f 1628 	1796 	1798
f 1628 	1626 	1796
f 1626 	1794 	1796
f 1626 	1624 	1794
f 1624 	1792 	1794
f 1624 	1622 	1792
f 1622 	1790 	1792
f 1622 	1620 	1790
f 1620 	1788 	1790
f 1620 	1618 	1788
f 1618 	1786 	1788
f 1618 	1617 	1786
f 1617 	1785 	1786
f 1617 	1580 	1785
f 1580 	1748 	1785
f 1580 	1579 	1748
f 1579 	1746 	1748
f 1579 	1578 	1746
f 1578 	1747 	1746
# 3732 faces

 #end of obj_0

o obj_1
v 1.1 		-0.8558 		-0.1427
v 1.1 		-1 		-0.1427
v 1.1 		-1 		-0.1189
v 1.1 		-0.8685 		-0.0431
v 1.1 		-0.8558 		-0.0431
v 1.1 		-0.9154 		0.1756
v 1.1 		-0.9154 		0.1522
v 1.1 		-0.9258 		0.1522
v 1.1 		-1 		0.1522
v 1.1 		-1 		0.1756
v 1.1 		-0.9839 		0.1505
v 1.1 		-0.9847 		0.1509
v 1.1 		-0.9854 		0.1513
v 1.1 		-0.9898 		-0.1189
v 1.1 		-0.8725 		-0.0769
v 1.1 		-0.9266 		0.1521
v 1.1 		-0.9898 		0.1522
v 1.1 		-0.9889 		-0.1189
v 1.1 		-0.8733 		-0.0829
v 1.1 		-0.9274 		0.152
v 1.1 		-0.9889 		0.1521
v 1.1 		-0.988 		-0.1188
v 1.1 		-0.8743 		-0.0885
v 1.1 		-0.9283 		0.1519
v 1.1 		-0.988 		0.152
v 1.1 		-0.9871 		-0.1187
v 1.1 		-0.8753 		-0.0936
v 1.1 		-0.9291 		0.1516
v 1.1 		-0.9871 		0.1519
v 1.1 		-0.9862 		-0.1185
v 1.1 		-0.8765 		-0.0981
v 1.1 		-0.9299 		0.1513
v 1.1 		-0.9862 		0.1516
v 1.1 		-0.9854 		-0.1183
v 1.1 		-0.8779 		-0.1022
v 1.1 		-0.9307 		0.1509
v 1.1 		-0.9847 		-0.118
v 1.1 		-0.8794 		-0.1058
v 1.1 		-0.9315 		0.1505
v 1.1 		-0.9839 		-0.1176
v 1.1 		-0.8811 		-0.1087
v 1.1 		-0.9322 		0.1501
v 1.1 		-0.9832 		0.15
v 1.1 		-0.9832 		-0.1171
v 1.1 		-0.883 		-0.1111
v 1.1 		-0.9328 		0.1495
v 1.1 		-0.9825 		0.1495
v 1.1 		-0.9825 		-0.1165
v 1.1 		-0.8852 		-0.113
v 1.1 		-0.9335 		0.1489
v 1.1 		-0.9819 		0.1488
v 1.1 		-0.9819 		-0.1158
v 1.1 		-0.8875 		-0.1143
v 1.1 		-0.9341 		0.1482
v 1.1 		-0.9813 		0.148
v 1.1 		-0.9813 		-0.115
v 1.1 		-0.89 		-0.1151
v 1.1 		-0.9808 		-0.1141
v 1.1 		-0.8928 		-0.1154
v 1.1 		-0.9346 		0.1474
v 1.1 		-0.9802 		-0.113
v 1.1 		-0.9383 		-0.1154
v 1.1 		-0.9352 		0.1463
v 1.1 		-0.9797 		-0.1117
v 1.1 		-0.9357 		0.1452
v 1.1 		-0.9792 		-0.1103
v 1.1 		-0.9362 		0.1438
v 1.1 		-0.9788 		-0.1088
v 1.1 		-0.9366 		0.1424
v 1.1 		-0.9785 		-0.1072
v 1.1 		-0.937 		0.1408
v 1.1 		-0.9781 		-0.1054
v 1.1 		-0.9374 		0.139
v 1.1 		-0.9778 		-0.1034
v 1.1 		-0.9377 		0.1372
v 1.1 		-0.9379 		0.1352
v 1.1 		-0.9776 		-0.1012
v 1.1 		-0.9381 		0.1329
v 1.1 		-0.9773 		-0.0987
v 1.1 		-0.9382 		0.1304
v 1.1 		-0.9772 		-0.096
v 1.1 		-0.9383 		0.1278
v 1.1 		-0.9771 		-0.0931
v 1.1 		-0.9383 		0.1249
v 1.1 		-0.9771 		-0.09
v 1.1 		-0.9808 		0.147
v 1.1 		-0.9771 		0.123
v 1.1 		-0.9802 		0.1459
v 1.1 		-0.9771 		0.1261
v 1.1 		-0.9797 		0.1447
v 1.1 		-0.9772 		0.1289
v 1.1 		-0.9792 		0.1433
v 1.1 		-0.9773 		0.1316
v 1.1 		-0.9788 		0.1418
v 1.1 		-0.9776 		0.1341
v 1.1 		-0.9785 		0.1401
v 1.1 		-0.9778 		0.1363
v 1.1 		-0.9781 		0.1384
v 1.25 		-1 		-0.1189
v 1.25 		-1 		-0.1427
v 1.25 		-0.8558 		-0.1427
v 1.25 		-0.8558 		-0.0431
v 1.25 		-0.8685 		-0.0431
v 1.25 		-0.9258 		0.1522
v 1.25 		-0.9154 		0.1522
v 1.25 		-0.9154 		0.1756
v 1.25 		-1 		0.1756
v 1.25 		-1 		0.1522
v 1.25 		-0.9854 		0.1513
v 1.25 		-0.9847 		0.1509
v 1.25 		-0.9839 		0.1505
v 1.25 		-0.9898 		-0.1189
v 1.25 		-0.8725 		-0.0769
v 1.25 		-0.9266 		0.1521
v 1.25 		-0.9898 		0.1522
v 1.25 		-0.9889 		-0.1189
v 1.25 		-0.8733 		-0.0829
v 1.25 		-0.9274 		0.152
v 1.25 		-0.9889 		0.1521
v 1.25 		-0.988 		-0.1188
v 1.25 		-0.8743 		-0.0885
v 1.25 		-0.9283 		0.1519
v 1.25 		-0.988 		0.152
v 1.25 		-0.9871 		-0.1187
v 1.25 		-0.8753 		-0.0936
v 1.25 		-0.9291 		0.1516
v 1.25 		-0.9871 		0.1519
v 1.25 		-0.9862 		-0.1185
v 1.25 		-0.8765 		-0.0981
v 1.25 		-0.9299 		0.1513
v 1.25 		-0.9862 		0.1516
v 1.25 		-0.9854 		-0.1183
v 1.25 		-0.8779 		-0.1022
v 1.25 		-0.9307 		0.1509
v 1.25 		-0.9847 		-0.118
v 1.25 		-0.8794 		-0.1058
v 1.25 		-0.9315 		0.1505
v 1.25 		-0.9839 		-0.1176
v 1.25 		-0.8811 		-0.1087
v 1.25 		-0.9322 		0.1501
v 1.25 		-0.9832 		0.15
v 1.25 		-0.9832 		-0.1171
v 1.25 		-0.883 		-0.1111
v 1.25 		-0.9328 		0.1495
v 1.25 		-0.9825 		0.1495
v 1.25 		-0.9825 		-0.1165
v 1.25 		-0.8852 		-0.113
v 1.25 		-0.9335 		0.1489
v 1.25 		-0.9819 		0.1488
v 1.25 		-0.9819 		-0.1158
v 1.25 		-0.8875 		-0.1143
v 1.25 		-0.9341 		0.1482
v 1.25 		-0.9813 		0.148
v 1.25 		-0.9813 		-0.115
v 1.25 		-0.89 		-0.1151
v 1.25 		-0.9808 		-0.1141
v 1.25 		-0.8928 		-0.1154
v 1.25 		-0.9346 		0.1474
v 1.25 		-0.9802 		-0.113
v 1.25 		-0.9383 		-0.1154
v 1.25 		-0.9352 		0.1463
v 1.25 		-0.9797 		-0.1117
v 1.25 		-0.9357 		0.1452
v 1.25 		-0.9792 		-0.1103
v 1.25 		-0.9362 		0.1438
v 1.25 		-0.9788 		-0.1088
v 1.25 		-0.9366 		0.1424
v 1.25 		-0.9785 		-0.1072
v 1.25 		-0.937 		0.1408
v 1.25 		-0.9781 		-0.1054
v 1.25 		-0.9374 		0.139
v 1.25 		-0.9778 		-0.1034
v 1.25 		-0.9377 		0.1372
v 1.25 		-0.9379 		0.1352
v 1.25 		-0.9776 		-0.1012
v 1.25 		-0.9381 		0.1329
v 1.25 		-0.9773 		-0.0987
v 1.25 		-0.9382 		0.1304
v 1.25 		-0.9772 		-0.096
v 1.25 		-0.9383 		0.1278
v 1.25 		-0.9771 		-0.0931
v 1.25 		-0.9383 		0.1249
v 1.25 		-0.9771 		-0.09
v 1.25 		-0.9808 		0.147
v 1.25 		-0.9771 		0.123
v 1.25 		-0.9802 		0.1459
v 1.25 		-0.9771 		0.1261
v 1.25 		-0.9797 		0.1447
v 1.25 		-0.9772 		0.1289
v 1.25 		-0.9792 		0.1433
v 1.25 		-0.9773 		0.1316
v 1.25 		-0.9788 		0.1418
v 1.25 		-0.9776 		0.1341
v 1.25 		-0.9785 		0.1401
v 1.25 		-0.9778 		0.1363
v 1.25 		-0.9781 		0.1384
v 1.1 		-0.8256 		0.1658
v 1.1 		-0.8257 		0.1686
v 1.1 		-0.8256 		0.1713
v 1.1 		-0.8253 		0.1608
v 1.1 		-0.8255 		0.1632
v 1.1 		-0.8246 		0.1562
v 1.1 		-0.825 		0.1584
v 1.1 		-0.8235 		0.1521
v 1.1 		-0.8241 		0.1541
v 1.1 		-0.8222 		0.1486
v 1.1 		-0.8229 		0.1503
v 1.1 		-0.8206 		0.1455
v 1.1 		-0.8214 		0.147
v 1.1 		-0.8187 		0.1429
v 1.1 		-0.8197 		0.1442
v 1.1 		-0.8166 		0.1408
v 1.1 		-0.8177 		0.1418
v 1.1 		-0.8143 		0.1391
v 1.1 		-0.8155 		0.1399
v 1.1 		-0.8119 		0.1378
v 1.1 		-0.8131 		0.1384
v 1.1 		-0.8093 		0.1369
v 1.1 		-0.8106 		0.1373
v 1.1 		-0.8065 		0.1365
v 1.1 		-0.8079 		0.1367
v 1.1 		-0.8036 		0.1365
v 1.1 		-0.805 		0.1364
v 1.1 		-0.8009 		0.1369
v 1.1 		-0.8022 		0.1367
v 1.1 		-0.7982 		0.1378
v 1.1 		-0.7995 		0.1373
v 1.1 		-0.7957 		0.1391
v 1.1 		-0.7969 		0.1384
v 1.1 		-0.7934 		0.1408
v 1.1 		-0.7945 		0.1399
v 1.1 		-0.7912 		0.1429
v 1.1 		-0.7923 		0.1418
v 1.1 		-0.7893 		0.1455
v 1.1 		-0.7902 		0.1442
v 1.1 		-0.7877 		0.1486
v 1.1 		-0.7885 		0.147
v 1.1 		-0.7863 		0.1521
v 1.1 		-0.7869 		0.1503
v 1.1 		-0.7851 		0.1562
v 1.1 		-0.7856 		0.1541
v 1.1 		-0.7843 		0.1608
v 1.1 		-0.7847 		0.1584
v 1.1 		-0.7839 		0.1658
v 1.1 		-0.7841 		0.1632
v 1.1 		-0.7839 		0.1713
v 1.1 		-0.7839 		0.1686
v 1.1 		-0.7843 		0.1764
v 1.1 		-0.7841 		0.1739
v 1.1 		-0.7851 		0.1809
v 1.1 		-0.7847 		0.1787
v 1.1 		-0.7863 		0.185
v 1.1 		-0.7856 		0.183
v 1.1 		-0.7877 		0.1886
v 1.1 		-0.7869 		0.1868
v 1.1 		-0.7893 		0.1916
v 1.1 		-0.7885 		0.1902
v 1.1 		-0.7912 		0.1942
v 1.1 		-0.7902 		0.193
v 1.1 		-0.7934 		0.1964
v 1.1 		-0.7923 		0.1953
v 1.1 		-0.7957 		0.1981
v 1.1 		-0.7945 		0.1973
v 1.1 		-0.7982 		0.1994
v 1.1 		-0.7969 		0.1988
v 1.1 		-0.8009 		0.2002
v 1.1 		-0.7995 		0.1998
v 1.1 		-0.8036 		0.2006
v 1.1 		-0.8022 		0.2005
v 1.1 		-0.8065 		0.2006
v 1.1 		-0.805 		0.2007
v 1.1 		-0.8093 		0.2002
v 1.1 		-0.8079 		0.2005
v 1.1 		-0.8119 		0.1994
v 1.1 		-0.8106 		0.1998
v 1.1 		-0.8143 		0.1981
v 1.1 		-0.8131 		0.1988
v 1.1 		-0.8166 		0.1964
v 1.1 		-0.8155 		0.1973
v 1.1 		-0.8187 		0.1942
v 1.1 		-0.8177 		0.1953
v 1.1 		-0.8206 		0.1916
v 1.1 		-0.8197 		0.193
v 1.1 		-0.8222 		0.1886
v 1.1 		-0.8214 		0.1902
v 1.1 		-0.8235 		0.185
v 1.1 		-0.8229 		0.1868
v 1.1 		-0.8246 		0.1809
v 1.1 		-0.8241 		0.183
v 1.1 		-0.8253 		0.1764
v 1.1 		-0.825 		0.1787
v 1.1 		-0.8255 		0.1739
v 1.25 		-0.8256 		0.1713
v 1.25 		-0.8257 		0.1686
v 1.25 		-0.8256 		0.1658
v 1.25 		-0.8255 		0.1632
v 1.25 		-0.8253 		0.1608
v 1.25 		-0.825 		0.1584
v 1.25 		-0.8246 		0.1562
v 1.25 		-0.8241 		0.1541
v 1.25 		-0.8235 		0.1521
v 1.25 		-0.8229 		0.1503
v 1.25 		-0.8222 		0.1486
v 1.25 		-0.8214 		0.147
v 1.25 		-0.8206 		0.1455
v 1.25 		-0.8197 		0.1442
v 1.25 		-0.8187 		0.1429
v 1.25 		-0.8177 		0.1418
v 1.25 		-0.8166 		0.1408
v 1.25 		-0.8155 		0.1399
v 1.25 		-0.8143 		0.1391
v 1.25 		-0.8131 		0.1384
v 1.25 		-0.8119 		0.1378
v 1.25 		-0.8106 		0.1373
v 1.25 		-0.8093 		0.1369
v 1.25 		-0.8079 		0.1367
v 1.25 		-0.8065 		0.1365
v 1.25 		-0.805 		0.1364
v 1.25 		-0.8036 		0.1365
v 1.25 		-0.8022 		0.1367
v 1.25 		-0.8009 		0.1369
v 1.25 		-0.7995 		0.1373
v 1.25 		-0.7982 		0.1378
v 1.25 		-0.7969 		0.1384
v 1.25 		-0.7957 		0.1391
v 1.25 		-0.7945 		0.1399
v 1.25 		-0.7934 		0.1408
v 1.25 		-0.7923 		0.1418
v 1.25 		-0.7912 		0.1429
v 1.25 		-0.7902 		0.1442
v 1.25 		-0.7893 		0.1455
v 1.25 		-0.7885 		0.147
v 1.25 		-0.7877 		0.1486
v 1.25 		-0.7869 		0.1503
v 1.25 		-0.7863 		0.1521
v 1.25 		-0.7856 		0.1541
v 1.25 		-0.7851 		0.1562
v 1.25 		-0.7847 		0.1584
v 1.25 		-0.7843 		0.1608
v 1.25 		-0.7841 		0.1632
v 1.25 		-0.7839 		0.1658
v 1.25 		-0.7839 		0.1686
v 1.25 		-0.7839 		0.1713
v 1.25 		-0.7841 		0.1739
v 1.25 		-0.7843 		0.1764
v 1.25 		-0.7847 		0.1787
v 1.25 		-0.7851 		0.1809
v 1.25 		-0.7856 		0.183
v 1.25 		-0.7863 		0.185
v 1.25 		-0.7869 		0.1868
v 1.25 		-0.7877 		0.1886
v 1.25 		-0.7885 		0.1902
v 1.25 		-0.7893 		0.1916
v 1.25 		-0.7902 		0.193
v 1.25 		-0.7912 		0.1942
v 1.25 		-0.7923 		0.1953
v 1.25 		-0.7934 		0.1964
v 1.25 		-0.7945 		0.1973
v 1.25 		-0.7957 		0.1981
v 1.25 		-0.7969 		0.1988
v 1.25 		-0.7982 		0.1994
v 1.25 		-0.7995 		0.1998
v 1.25 		-0.8009 		0.2002
v 1.25 		-0.8022 		0.2005
v 1.25 		-0.8036 		0.2006
v 1.25 		-0.805 		0.2007
v 1.25 		-0.8065 		0.2006
v 1.25 		-0.8079 		0.2005
v 1.25 		-0.8093 		0.2002
v 1.25 		-0.8106 		0.1998
v 1.25 		-0.8119 		0.1994
v 1.25 		-0.8131 		0.1988
v 1.25 		-0.8143 		0.1981
v 1.25 		-0.8155 		0.1973
v 1.25 		-0.8166 		0.1964
v 1.25 		-0.8177 		0.1953
v 1.25 		-0.8187 		0.1942
v 1.25 		-0.8197 		0.193
v 1.25 		-0.8206 		0.1916
v 1.25 		-0.8214 		0.1902
v 1.25 		-0.8222 		0.1886
v 1.25 		-0.8229 		0.1868
v 1.25 		-0.8235 		0.185
v 1.25 		-0.8241 		0.183
v 1.25 		-0.8246 		0.1809
v 1.25 		-0.825 		0.1787
v 1.25 		-0.8253 		0.1764
v 1.25 		-0.8255 		0.1739
v 1.1 		-0.8426 		-0.1427
v 1.1 		-0.8426 		-0.1189
v 1.1 		-0.8398 		-0.1189
v 1.1 		-0.7647 		-0.1189
v 1.1 		-0.7647 		-0.1427
v 1.1 		-0.8426 		0.0725
v 1.1 		-0.8426 		0.0963
v 1.1 		-0.7851 		0.0963
v 1.1 		-0.8389 		-0.1189
v 1.1 		-0.7677 		-0.1189
v 1.1 		-0.8398 		0.0725
v 1.1 		-0.8379 		-0.1188
v 1.1 		-0.7686 		-0.1189
v 1.1 		-0.8389 		0.0725
v 1.1 		-0.837 		-0.1187
v 1.1 		-0.7695 		-0.1188
v 1.1 		-0.838 		0.0724
v 1.1 		-0.836 		-0.1185
v 1.1 		-0.7704 		-0.1187
v 1.1 		-0.837 		0.0723
v 1.1 		-0.835 		-0.1183
v 1.1 		-0.7714 		-0.1185
v 1.1 		-0.8361 		0.0721
v 1.1 		-0.8339 		-0.118
v 1.1 		-0.7724 		-0.1183
v 1.1 		-0.8351 		0.0718
v 1.1 		-0.833 		-0.1176
v 1.1 		-0.7735 		-0.118
v 1.1 		-0.8341 		0.0716
v 1.1 		-0.832 		-0.1171
v 1.1 		-0.7745 		-0.1176
v 1.1 		-0.8331 		0.0712
v 1.1 		-0.8311 		-0.1165
v 1.1 		-0.7754 		-0.1171
v 1.1 		-0.8322 		0.0707
v 1.1 		-0.8302 		-0.1158
v 1.1 		-0.7764 		-0.1165
v 1.1 		-0.8312 		0.0701
v 1.1 		-0.8293 		-0.115
v 1.1 		-0.7773 		-0.1158
v 1.1 		-0.8303 		0.0694
v 1.1 		-0.8285 		-0.1141
v 1.1 		-0.7782 		-0.115
v 1.1 		-0.8294 		0.0686
v 1.1 		-0.8276 		-0.113
v 1.1 		-0.7791 		-0.1141
v 1.1 		-0.8285 		0.0677
v 1.1 		-0.8268 		-0.1117
v 1.1 		-0.78 		-0.113
v 1.1 		-0.8276 		0.0667
v 1.1 		-0.8261 		-0.1103
v 1.1 		-0.7808 		-0.1117
v 1.1 		-0.8268 		0.0655
v 1.1 		-0.8261 		0.0642
v 1.1 		-0.8253 		-0.1088
v 1.1 		-0.8253 		0.0627
v 1.1 		-0.8247 		-0.1072
v 1.1 		-0.8247 		0.0611
v 1.1 		-0.8241 		-0.1054
v 1.1 		-0.8241 		0.0593
v 1.1 		-0.8235 		-0.1034
v 1.1 		-0.8235 		0.0575
v 1.1 		-0.8231 		-0.1012
v 1.1 		-0.7851 		-0.09
v 1.1 		-0.8227 		-0.0987
v 1.1 		-0.7851 		-0.0931
v 1.1 		-0.8225 		-0.096
v 1.1 		-0.7849 		-0.096
v 1.1 		-0.8224 		-0.0931
v 1.1 		-0.7847 		-0.0987
v 1.1 		-0.8223 		-0.09
v 1.1 		-0.7844 		-0.1012
v 1.1 		-0.7815 		-0.1103
v 1.1 		-0.784 		-0.1034
v 1.1 		-0.7823 		-0.1088
v 1.1 		-0.7835 		-0.1054
v 1.1 		-0.7829 		-0.1072
v 1.1 		-0.8231 		0.0555
v 1.1 		-0.8227 		0.0532
v 1.1 		-0.8223 		0.0452
v 1.1 		-0.8225 		0.0508
v 1.1 		-0.8224 		0.0481
v 1.25 		-0.8398 		-0.1189
v 1.25 		-0.8426 		-0.1189
v 1.25 		-0.8426 		-0.1427
v 1.25 		-0.7647 		-0.1427
v 1.25 		-0.7647 		-0.1189
v 1.25 		-0.7851 		0.0963
v 1.25 		-0.8426 		0.0963
v 1.25 		-0.8426 		0.0725
v 1.25 		-0.8389 		-0.1189
v 1.25 		-0.7677 		-0.1189
v 1.25 		-0.8398 		0.0725
v 1.25 		-0.8379 		-0.1188
v 1.25 		-0.7686 		-0.1189
v 1.25 		-0.8389 		0.0725
v 1.25 		-0.837 		-0.1187
v 1.25 		-0.7695 		-0.1188
v 1.25 		-0.838 		0.0724
v 1.25 		-0.836 		-0.1185
v 1.25 		-0.7704 		-0.1187
v 1.25 		-0.837 		0.0723
v 1.25 		-0.835 		-0.1183
v 1.25 		-0.7714 		-0.1185
v 1.25 		-0.8361 		0.0721
v 1.25 		-0.8339 		-0.118
v 1.25 		-0.7724 		-0.1183
v 1.25 		-0.8351 		0.0718
v 1.25 		-0.833 		-0.1176
v 1.25 		-0.7735 		-0.118
v 1.25 		-0.8341 		0.0716
v 1.25 		-0.832 		-0.1171
v 1.25 		-0.7745 		-0.1176
v 1.25 		-0.8331 		0.0712
v 1.25 		-0.8311 		-0.1165
v 1.25 		-0.7754 		-0.1171
v 1.25 		-0.8322 		0.0707
v 1.25 		-0.8302 		-0.1158
v 1.25 		-0.7764 		-0.1165
v 1.25 		-0.8312 		0.0701
v 1.25 		-0.8293 		-0.115
v 1.25 		-0.7773 		-0.1158
v 1.25 		-0.8303 		0.0694
v 1.25 		-0.8285 		-0.1141
v 1.25 		-0.7782 		-0.115
v 1.25 		-0.8294 		0.0686
v 1.25 		-0.8276 		-0.113
v 1.25 		-0.7791 		-0.1141
v 1.25 		-0.8285 		0.0677
v 1.25 		-0.8268 		-0.1117
v 1.25 		-0.78 		-0.113
v 1.25 		-0.8276 		0.0667
v 1.25 		-0.8261 		-0.1103
v 1.25 		-0.7808 		-0.1117
v 1.25 		-0.8268 		0.0655
v 1.25 		-0.8261 		0.0642
v 1.25 		-0.8253 		-0.1088
v 1.25 		-0.8253 		0.0627
v 1.25 		-0.8247 		-0.1072
v 1.25 		-0.8247 		0.0611
v 1.25 		-0.8241 		-0.1054
v 1.25 		-0.8241 		0.0593
v 1.25 		-0.8235 		-0.1034
v 1.25 		-0.8235 		0.0575
v 1.25 		-0.8231 		-0.1012
v 1.25 		-0.7851 		-0.09
v 1.25 		-0.8227 		-0.0987
v 1.25 		-0.7851 		-0.0931
v 1.25 		-0.8225 		-0.096
v 1.25 		-0.7849 		-0.096
v 1.25 		-0.8224 		-0.0931
v 1.25 		-0.7847 		-0.0987
v 1.25 		-0.8223 		-0.09
v 1.25 		-0.7844 		-0.1012
v 1.25 		-0.7815 		-0.1103
v 1.25 		-0.784 		-0.1034
v 1.25 		-0.7823 		-0.1088
v 1.25 		-0.7835 		-0.1054
v 1.25 		-0.7829 		-0.1072
v 1.25 		-0.8231 		0.0555
v 1.25 		-0.8227 		0.0532
v 1.25 		-0.8223 		0.0452
v 1.25 		-0.8225 		0.0508
v 1.25 		-0.8224 		0.0481
v 1.1 		-0.6039 		-0.1189
v 1.1 		-0.6039 		-0.1427
v 1.1 		-0.6578 		-0.1427
v 1.1 		-0.6207 		0.0233
v 1.1 		-0.6206 		0.016
v 1.1 		-0.6206 		-0.0875
v 1.1 		-0.6213 		0.0369
v 1.1 		-0.621 		0.0303
v 1.1 		-0.6226 		0.0492
v 1.1 		-0.6219 		0.0433
v 1.1 		-0.6245 		0.0601
v 1.1 		-0.6235 		0.0549
v 1.1 		-0.6269 		0.0695
v 1.1 		-0.6256 		0.065
v 1.1 		-0.6297 		0.0778
v 1.1 		-0.6282 		0.0738
v 1.1 		-0.6332 		0.0848
v 1.1 		-0.6314 		0.0815
v 1.1 		-0.6372 		0.0905
v 1.1 		-0.6352 		0.0878
v 1.1 		-0.6417 		0.0951
v 1.1 		-0.6394 		0.0929
v 1.1 		-0.6467 		0.0985
v 1.1 		-0.6441 		0.0969
v 1.1 		-0.6521 		0.1008
v 1.1 		-0.6494 		0.0998
v 1.1 		-0.6581 		0.1019
v 1.1 		-0.6551 		0.1015
v 1.1 		-0.6631 		0.102
v 1.1 		-0.6612 		0.1021
v 1.1 		-0.6667 		0.1018
v 1.1 		-0.6649 		0.1019
v 1.1 		-0.6703 		0.1012
v 1.1 		-0.6685 		0.1015
v 1.1 		-0.6738 		0.1004
v 1.1 		-0.6721 		0.1008
v 1.1 		-0.6771 		0.099
v 1.1 		-0.6755 		0.0998
v 1.1 		-0.6804 		0.097
v 1.1 		-0.6788 		0.0981
v 1.1 		-0.6835 		0.0943
v 1.1 		-0.682 		0.0956
v 1.1 		-0.6865 		0.0909
v 1.1 		-0.685 		0.0927
v 1.1 		-0.6894 		0.0868
v 1.1 		-0.6879 		0.0889
v 1.1 		-0.6921 		0.0818
v 1.1 		-0.6908 		0.0844
v 1.1 		-0.6948 		0.0757
v 1.1 		-0.6935 		0.0789
v 1.1 		-0.6973 		0.0683
v 1.1 		-0.696 		0.0721
v 1.1 		-0.7541 		0.0963
v 1.1 		-0.703 		0.0963
v 1.1 		-0.6998 		0.0642
v 1.1 		-0.7527 		0.0725
v 1.1 		-0.7541 		0.0725
v 1.1 		-0.7456 		0.0709
v 1.1 		-0.7467 		0.0712
v 1.1 		-0.7478 		0.0716
v 1.1 		-0.7555 		-0.1427
v 1.1 		-0.7555 		-0.1189
v 1.1 		-0.7551 		-0.1189
v 1.1 		-0.6806 		-0.1189
v 1.1 		-0.6806 		-0.1427
v 1.1 		-0.6053 		-0.1189
v 1.1 		-0.7514 		0.0724
v 1.1 		-0.7538 		-0.1189
v 1.1 		-0.682 		-0.1189
v 1.1 		-0.6066 		-0.1188
v 1.1 		-0.7501 		0.0722
v 1.1 		-0.7524 		-0.1188
v 1.1 		-0.6833 		-0.1188
v 1.1 		-0.6079 		-0.1187
v 1.1 		-0.6206 		-0.0909
v 1.1 		-0.6986 		0.0642
v 1.1 		-0.7511 		-0.1187
v 1.1 		-0.6846 		-0.1187
v 1.1 		-0.6091 		-0.1185
v 1.1 		-0.6205 		-0.094
v 1.1 		-0.7489 		0.0719
v 1.1 		-0.7498 		-0.1185
v 1.1 		-0.6858 		-0.1185
v 1.1 		-0.6102 		-0.1183
v 1.1 		-0.7486 		-0.1183
v 1.1 		-0.687 		-0.1183
v 1.1 		-0.6113 		-0.118
v 1.1 		-0.7474 		-0.118
v 1.1 		-0.6882 		-0.118
v 1.1 		-0.6123 		-0.1176
v 1.1 		-0.7445 		0.0704
v 1.1 		-0.7463 		-0.1176
v 1.1 		-0.6892 		-0.1176
v 1.1 		-0.6133 		-0.1171
v 1.1 		-0.7436 		0.0698
v 1.1 		-0.7452 		-0.1171
v 1.1 		-0.6903 		-0.1171
v 1.1 		-0.6142 		-0.1164
v 1.1 		-0.7426 		0.0691
v 1.1 		-0.7442 		-0.1164
v 1.1 		-0.6913 		-0.1165
v 1.1 		-0.6151 		-0.1157
v 1.1 		-0.7417 		0.0683
v 1.1 		-0.7432 		-0.1157
v 1.1 		-0.6922 		-0.1158
v 1.1 		-0.6158 		-0.1148
v 1.1 		-0.7409 		0.0674
v 1.1 		-0.7423 		-0.1148
v 1.1 		-0.6931 		-0.115
v 1.1 		-0.6166 		-0.1138
v 1.1 		-0.7401 		0.0662
v 1.1 		-0.7414 		-0.1138
v 1.1 		-0.694 		-0.1141
v 1.1 		-0.6173 		-0.1125
v 1.1 		-0.7395 		0.065
v 1.1 		-0.7406 		-0.1126
v 1.1 		-0.6947 		-0.113
v 1.1 		-0.6179 		-0.1112
v 1.1 		-0.7388 		0.0635
v 1.1 		-0.7399 		-0.1113
v 1.1 		-0.6954 		-0.1117
v 1.1 		-0.6184 		-0.1096
v 1.1 		-0.6578 		0.0038
v 1.1 		-0.7383 		0.062
v 1.1 		-0.7392 		-0.1099
v 1.1 		-0.6579 		0.0085
v 1.1 		-0.7378 		0.0602
v 1.1 		-0.7386 		-0.1082
v 1.1 		-0.658 		0.0131
v 1.1 		-0.7373 		0.0584
v 1.1 		-0.738 		-0.1064
v 1.1 		-0.6581 		0.0174
v 1.1 		-0.7369 		0.0564
v 1.1 		-0.7375 		-0.1045
v 1.1 		-0.6583 		0.0216
v 1.1 		-0.7366 		0.0543
v 1.1 		-0.737 		-0.1023
v 1.1 		-0.6189 		-0.1079
v 1.1 		-0.7363 		0.0519
v 1.1 		-0.7366 		-0.1
v 1.1 		-0.6586 		0.0256
v 1.1 		-0.7361 		0.0492
v 1.1 		-0.7363 		-0.0974
v 1.1 		-0.6589 		0.0295
v 1.1 		-0.736 		0.0464
v 1.1 		-0.7361 		-0.0946
v 1.1 		-0.6593 		0.0331
v 1.1 		-0.7359 		0.0433
v 1.1 		-0.736 		-0.0916
v 1.1 		-0.6597 		0.0365
v 1.1 		-0.7359 		-0.0884
v 1.1 		-0.6603 		0.0398
v 1.1 		-0.696 		-0.1103
v 1.1 		-0.6608 		0.0428
v 1.1 		-0.6966 		-0.1087
v 1.1 		-0.6615 		0.0455
v 1.1 		-0.6971 		-0.107
v 1.1 		-0.6194 		-0.1061
v 1.1 		-0.6975 		-0.1051
v 1.1 		-0.6198 		-0.1042
v 1.1 		-0.6979 		-0.1032
v 1.1 		-0.62 		-0.102
v 1.1 		-0.6982 		-0.101
v 1.1 		-0.6202 		-0.0996
v 1.1 		-0.6984 		-0.0986
v 1.1 		-0.6622 		0.0481
v 1.1 		-0.6986 		-0.096
v 1.1 		-0.6204 		-0.0969
v 1.1 		-0.6987 		-0.0931
v 1.1 		-0.6987 		-0.09
v 1.1 		-0.6987 		-0.0052
v 1.1 		-0.663 		0.0506
v 1.1 		-0.6987 		-0.0007
v 1.1 		-0.6639 		0.0529
v 1.1 		-0.6986 		0.0038
v 1.1 		-0.6649 		0.0549
v 1.1 		-0.6985 		0.0083
v 1.1 		-0.666 		0.0568
v 1.1 		-0.6983 		0.0126
v 1.1 		-0.6672 		0.0585
v 1.1 		-0.698 		0.0169
v 1.1 		-0.6684 		0.06
v 1.1 		-0.6977 		0.0211
v 1.1 		-0.6697 		0.0612
v 1.1 		-0.6973 		0.0252
v 1.1 		-0.6711 		0.0621
v 1.1 		-0.6968 		0.0291
v 1.1 		-0.6726 		0.0629
v 1.1 		-0.6963 		0.0328
v 1.1 		-0.6741 		0.0634
v 1.1 		-0.6758 		0.0637
v 1.1 		-0.6956 		0.0364
v 1.1 		-0.6949 		0.0398
v 1.1 		-0.6776 		0.0638
v 1.1 		-0.6941 		0.043
v 1.1 		-0.6795 		0.0637
v 1.1 		-0.6933 		0.0461
v 1.1 		-0.6814 		0.0632
v 1.1 		-0.6923 		0.0489
v 1.1 		-0.6831 		0.0624
v 1.1 		-0.6913 		0.0516
v 1.1 		-0.6847 		0.0613
v 1.1 		-0.6902 		0.054
v 1.1 		-0.6862 		0.0598
v 1.1 		-0.6889 		0.0561
v 1.1 		-0.6876 		0.0581
v 1.25 		-0.6578 		-0.1427
v 1.25 		-0.6039 		-0.1427
v 1.25 		-0.6039 		-0.1189
v 1.25 		-0.6206 		-0.0875
v 1.25 		-0.6206 		0.016
v 1.25 		-0.6207 		0.0233
v 1.25 		-0.621 		0.0303
v 1.25 		-0.6213 		0.0369
v 1.25 		-0.6219 		0.0433
v 1.25 		-0.6226 		0.0492
v 1.25 		-0.6235 		0.0549
v 1.25 		-0.6245 		0.0601
v 1.25 		-0.6256 		0.065
v 1.25 		-0.6269 		0.0695
v 1.25 		-0.6282 		0.0738
v 1.25 		-0.6297 		0.0778
v 1.25 		-0.6314 		0.0815
v 1.25 		-0.6332 		0.0848
v 1.25 		-0.6352 		0.0878
v 1.25 		-0.6372 		0.0905
v 1.25 		-0.6394 		0.0929
v 1.25 		-0.6417 		0.0951
v 1.25 		-0.6441 		0.0969
v 1.25 		-0.6467 		0.0985
v 1.25 		-0.6494 		0.0998
v 1.25 		-0.6521 		0.1008
v 1.25 		-0.6551 		0.1015
v 1.25 		-0.6581 		0.1019
v 1.25 		-0.6612 		0.1021
v 1.25 		-0.6631 		0.102
v 1.25 		-0.6649 		0.1019
v 1.25 		-0.6667 		0.1018
v 1.25 		-0.6685 		0.1015
v 1.25 		-0.6703 		0.1012
v 1.25 		-0.6721 		0.1008
v 1.25 		-0.6738 		0.1004
v 1.25 		-0.6755 		0.0998
v 1.25 		-0.6771 		0.099
v 1.25 		-0.6788 		0.0981
v 1.25 		-0.6804 		0.097
v 1.25 		-0.682 		0.0956
v 1.25 		-0.6835 		0.0943
v 1.25 		-0.685 		0.0927
v 1.25 		-0.6865 		0.0909
v 1.25 		-0.6879 		0.0889
v 1.25 		-0.6894 		0.0868
v 1.25 		-0.6908 		0.0844
v 1.25 		-0.6921 		0.0818
v 1.25 		-0.6935 		0.0789
v 1.25 		-0.6948 		0.0757
v 1.25 		-0.696 		0.0721
v 1.25 		-0.6973 		0.0683
v 1.25 		-0.6998 		0.0642
v 1.25 		-0.703 		0.0963
v 1.25 		-0.7541 		0.0963
v 1.25 		-0.7541 		0.0725
v 1.25 		-0.7527 		0.0725
v 1.25 		-0.7478 		0.0716
v 1.25 		-0.7467 		0.0712
v 1.25 		-0.7456 		0.0709
v 1.25 		-0.7551 		-0.1189
v 1.25 		-0.7555 		-0.1189
v 1.25 		-0.7555 		-0.1427
v 1.25 		-0.6806 		-0.1427
v 1.25 		-0.6806 		-0.1189
v 1.25 		-0.6053 		-0.1189
v 1.25 		-0.7514 		0.0724
v 1.25 		-0.7538 		-0.1189
v 1.25 		-0.682 		-0.1189
v 1.25 		-0.6066 		-0.1188
v 1.25 		-0.7501 		0.0722
v 1.25 		-0.7524 		-0.1188
v 1.25 		-0.6833 		-0.1188
v 1.25 		-0.6079 		-0.1187
v 1.25 		-0.6206 		-0.0909
v 1.25 		-0.6986 		0.0642
v 1.25 		-0.7511 		-0.1187
v 1.25 		-0.6846 		-0.1187
v 1.25 		-0.6091 		-0.1185
v 1.25 		-0.6205 		-0.094
v 1.25 		-0.7489 		0.0719
v 1.25 		-0.7498 		-0.1185
v 1.25 		-0.6858 		-0.1185
v 1.25 		-0.6102 		-0.1183
v 1.25 		-0.7486 		-0.1183
v 1.25 		-0.687 		-0.1183
v 1.25 		-0.6113 		-0.118
v 1.25 		-0.7474 		-0.118
v 1.25 		-0.6882 		-0.118
v 1.25 		-0.6123 		-0.1176
v 1.25 		-0.7445 		0.0704
v 1.25 		-0.7463 		-0.1176
v 1.25 		-0.6892 		-0.1176
v 1.25 		-0.6133 		-0.1171
v 1.25 		-0.7436 		0.0698
v 1.25 		-0.7452 		-0.1171
v 1.25 		-0.6903 		-0.1171
v 1.25 		-0.6142 		-0.1164
v 1.25 		-0.7426 		0.0691
v 1.25 		-0.7442 		-0.1164
v 1.25 		-0.6913 		-0.1165
v 1.25 		-0.6151 		-0.1157
v 1.25 		-0.7417 		0.0683
v 1.25 		-0.7432 		-0.1157
v 1.25 		-0.6922 		-0.1158
v 1.25 		-0.6158 		-0.1148
v 1.25 		-0.7409 		0.0674
v 1.25 		-0.7423 		-0.1148
v 1.25 		-0.6931 		-0.115
v 1.25 		-0.6166 		-0.1138
v 1.25 		-0.7401 		0.0662
v 1.25 		-0.7414 		-0.1138
v 1.25 		-0.694 		-0.1141
v 1.25 		-0.6173 		-0.1125
v 1.25 		-0.7395 		0.065
v 1.25 		-0.7406 		-0.1126
v 1.25 		-0.6947 		-0.113
v 1.25 		-0.6179 		-0.1112
v 1.25 		-0.7388 		0.0635
v 1.25 		-0.7399 		-0.1113
v 1.25 		-0.6954 		-0.1117
v 1.25 		-0.6184 		-0.1096
v 1.25 		-0.6578 		0.0038
v 1.25 		-0.7383 		0.062
v 1.25 		-0.7392 		-0.1099
v 1.25 		-0.6579 		0.0085
v 1.25 		-0.7378 		0.0602
v 1.25 		-0.7386 		-0.1082
v 1.25 		-0.658 		0.0131
v 1.25 		-0.7373 		0.0584
v 1.25 		-0.738 		-0.1064
v 1.25 		-0.6581 		0.0174
v 1.25 		-0.7369 		0.0564
v 1.25 		-0.7375 		-0.1045
v 1.25 		-0.6583 		0.0216
v 1.25 		-0.7366 		0.0543
v 1.25 		-0.737 		-0.1023
v 1.25 		-0.6189 		-0.1079
v 1.25 		-0.7363 		0.0519
v 1.25 		-0.7366 		-0.1
v 1.25 		-0.6586 		0.0256
v 1.25 		-0.7361 		0.0492
v 1.25 		-0.7363 		-0.0974
v 1.25 		-0.6589 		0.0295
v 1.25 		-0.736 		0.0464
v 1.25 		-0.7361 		-0.0946
v 1.25 		-0.6593 		0.0331
v 1.25 		-0.7359 		0.0433
v 1.25 		-0.736 		-0.0916
v 1.25 		-0.6597 		0.0365
v 1.25 		-0.7359 		-0.0884
v 1.25 		-0.6603 		0.0398
v 1.25 		-0.696 		-0.1103
v 1.25 		-0.6608 		0.0428
v 1.25 		-0.6966 		-0.1087
v 1.25 		-0.6615 		0.0455
v 1.25 		-0.6971 		-0.107
v 1.25 		-0.6194 		-0.1061
v 1.25 		-0.6975 		-0.1051
v 1.25 		-0.6198 		-0.1042
v 1.25 		-0.6979 		-0.1032
v 1.25 		-0.62 		-0.102
v 1.25 		-0.6982 		-0.101
v 1.25 		-0.6202 		-0.0996
v 1.25 		-0.6984 		-0.0986
v 1.25 		-0.6622 		0.0481
v 1.25 		-0.6986 		-0.096
v 1.25 		-0.6204 		-0.0969
v 1.25 		-0.6987 		-0.0931
v 1.25 		-0.6987 		-0.09
v 1.25 		-0.6987 		-0.0052
v 1.25 		-0.663 		0.0506
v 1.25 		-0.6987 		-0.0007
v 1.25 		-0.6639 		0.0529
v 1.25 		-0.6986 		0.0038
v 1.25 		-0.6649 		0.0549
v 1.25 		-0.6985 		0.0083
v 1.25 		-0.666 		0.0568
v 1.25 		-0.6983 		0.0126
v 1.25 		-0.6672 		0.0585
v 1.25 		-0.698 		0.0169
v 1.25 		-0.6684 		0.06
v 1.25 		-0.6977 		0.0211
v 1.25 		-0.6697 		0.0612
v 1.25 		-0.6973 		0.0252
v 1.25 		-0.6711 		0.0621
v 1.25 		-0.6968 		0.0291
v 1.25 		-0.6726 		0.0629
v 1.25 		-0.6963 		0.0328
v 1.25 		-0.6741 		0.0634
v 1.25 		-0.6758 		0.0637
v 1.25 		-0.6956 		0.0364
v 1.25 		-0.6949 		0.0398
v 1.25 		-0.6776 		0.0638
v 1.25 		-0.6941 		0.043
v 1.25 		-0.6795 		0.0637
v 1.25 		-0.6933 		0.0461
v 1.25 		-0.6814 		0.0632
v 1.25 		-0.6923 		0.0489
v 1.25 		-0.6831 		0.0624
v 1.25 		-0.6913 		0.0516
v 1.25 		-0.6847 		0.0613
v 1.25 		-0.6902 		0.054
v 1.25 		-0.6862 		0.0598
v 1.25 		-0.6889 		0.0561
v 1.25 		-0.6876 		0.0581
v 1.1 		-0.4615 		0.0927
v 1.1 		-0.4614 		0.091
v 1.1 		-0.4613 		0.0893
v 1.1 		-0.462 		0.096
v 1.1 		-0.4617 		0.0943
v 1.1 		-0.4628 		0.099
v 1.1 		-0.4623 		0.0976
v 1.1 		-0.4638 		0.1018
v 1.1 		-0.4633 		0.1005
v 1.1 		-0.465 		0.1044
v 1.1 		-0.4644 		0.1031
v 1.1 		-0.4665 		0.1067
v 1.1 		-0.4657 		0.1056
v 1.1 		-0.4682 		0.1087
v 1.1 		-0.4673 		0.1078
v 1.1 		-0.4702 		0.1104
v 1.1 		-0.4692 		0.1096
v 1.1 		-0.4724 		0.1118
v 1.1 		-0.4713 		0.1111
v 1.1 		-0.4748 		0.1128
v 1.1 		-0.4736 		0.1123
v 1.1 		-0.4775 		0.1133
v 1.1 		-0.4761 		0.1131
v 1.1 		-0.4805 		0.1132
v 1.1 		-0.4789 		0.1133
v 1.1 		-0.4834 		0.1127
v 1.1 		-0.482 		0.113
v 1.1 		-0.4862 		0.1115
v 1.1 		-0.4849 		0.1122
v 1.1 		-0.4888 		0.1099
v 1.1 		-0.4875 		0.1107
v 1.1 		-0.4911 		0.1079
v 1.1 		-0.49 		0.1089
v 1.1 		-0.4933 		0.1058
v 1.1 		-0.4922 		0.1069
v 1.1 		-0.4954 		0.1033
v 1.1 		-0.4944 		0.1046
v 1.1 		-0.4973 		0.1006
v 1.1 		-0.4964 		0.102
v 1.1 		-0.499 		0.0978
v 1.1 		-0.4982 		0.0992
v 1.1 		-0.5007 		0.0948
v 1.1 		-0.4999 		0.0963
v 1.1 		-0.5045 		0.0879
v 1.1 		-0.5038 		0.0892
v 1.1 		-0.503 		0.0906
v 1.1 		-0.5083 		0.0916
v 1.1 		-0.5063 		0.0898
v 1.1 		-0.5126 		0.0948
v 1.1 		-0.5104 		0.0932
v 1.1 		-0.5173 		0.0976
v 1.1 		-0.5149 		0.0962
v 1.1 		-0.5225 		0.0999
v 1.1 		-0.5199 		0.0989
v 1.1 		-0.5279 		0.1013
v 1.1 		-0.5252 		0.1007
v 1.1 		-0.5336 		0.1018
v 1.1 		-0.5307 		0.1016
v 1.1 		-0.5495 		0.0993
v 1.1 		-0.5419 		0.1011
v 1.1 		-0.5625 		0.092
v 1.1 		-0.5564 		0.0963
v 1.1 		-0.5723 		0.0799
v 1.1 		-0.5678 		0.0866
v 1.1 		-0.5792 		0.0636
v 1.1 		-0.5761 		0.0722
v 1.1 		-0.5833 		0.0434
v 1.1 		-0.5816 		0.054
v 1.1 		-0.5847 		0.0192
v 1.1 		-0.5843 		0.0318
v 1.1 		-0.5513 		0.0232
v 1.1 		-0.5514 		0.0192
v 1.1 		-0.5513 		0.0153
v 1.1 		-0.5845 		0.0105
v 1.1 		-0.5846 		0.0148
v 1.1 		-0.5839 		0.0023
v 1.1 		-0.5842 		0.0063
v 1.1 		-0.5829 		-0.0052
v 1.1 		-0.5835 		-0.0015
v 1.1 		-0.5815 		-0.0124
v 1.1 		-0.5822 		-0.0089
v 1.1 		-0.5797 		-0.0191
v 1.1 		-0.5806 		-0.0158
v 1.1 		-0.5776 		-0.0251
v 1.1 		-0.5787 		-0.0222
v 1.1 		-0.5754 		-0.0306
v 1.1 		-0.5765 		-0.028
v 1.1 		-0.5728 		-0.0356
v 1.1 		-0.5741 		-0.0332
v 1.1 		-0.5699 		-0.0399
v 1.1 		-0.5714 		-0.0378
v 1.1 		-0.5666 		-0.0438
v 1.1 		-0.5683 		-0.042
v 1.1 		-0.5633 		-0.0471
v 1.1 		-0.565 		-0.0455
v 1.1 		-0.5598 		-0.0496
v 1.1 		-0.5616 		-0.0484
v 1.1 		-0.5629 		-0.053
v 1.1 		-0.5614 		-0.0513
v 1.1 		-0.5659 		-0.0564
v 1.1 		-0.5644 		-0.0547
v 1.1 		-0.5686 		-0.0598
v 1.1 		-0.5673 		-0.0581
v 1.1 		-0.5711 		-0.0633
v 1.1 		-0.5699 		-0.0616
v 1.1 		-0.5734 		-0.067
v 1.1 		-0.5723 		-0.0651
v 1.1 		-0.5755 		-0.0708
v 1.1 		-0.5745 		-0.0688
v 1.1 		-0.5773 		-0.0747
v 1.1 		-0.5764 		-0.0727
v 1.1 		-0.5787 		-0.0787
v 1.1 		-0.578 		-0.0767
v 1.1 		-0.5799 		-0.083
v 1.1 		-0.5794 		-0.0808
v 1.1 		-0.5808 		-0.0872
v 1.1 		-0.5804 		-0.085
v 1.1 		-0.5813 		-0.0917
v 1.1 		-0.5811 		-0.0894
v 1.1 		-0.5815 		-0.0965
v 1.1 		-0.5815 		-0.094
v 1.1 		-0.5813 		-0.1016
v 1.1 		-0.5815 		-0.0991
v 1.1 		-0.5808 		-0.1063
v 1.1 		-0.5811 		-0.104
v 1.1 		-0.5799 		-0.1106
v 1.1 		-0.5804 		-0.1085
v 1.1 		-0.5788 		-0.1147
v 1.1 		-0.5794 		-0.1127
v 1.1 		-0.5775 		-0.1184
v 1.1 		-0.5782 		-0.1166
v 1.1 		-0.5759 		-0.1218
v 1.1 		-0.5767 		-0.1202
v 1.1 		-0.5741 		-0.1249
v 1.1 		-0.575 		-0.1234
v 1.1 		-0.5723 		-0.1277
v 1.1 		-0.5732 		-0.1263
v 1.1 		-0.5702 		-0.1302
v 1.1 		-0.5713 		-0.129
v 1.1 		-0.5681 		-0.1324
v 1.1 		-0.5692 		-0.1313
v 1.1 		-0.5659 		-0.1345
v 1.1 		-0.567 		-0.1335
v 1.1 		-0.5637 		-0.1363
v 1.1 		-0.5648 		-0.1354
v 1.1 		-0.5735 		-0.1389
v 1.1 		-0.5688 		-0.1373
v 1.1 		-0.5817 		-0.1439
v 1.1 		-0.5778 		-0.1411
v 1.1 		-0.5882 		-0.1511
v 1.1 		-0.5852 		-0.1472
v 1.1 		-0.5929 		-0.1608
v 1.1 		-0.5908 		-0.1556
v 1.1 		-0.5957 		-0.173
v 1.1 		-0.5945 		-0.1666
v 1.1 		-0.5967 		-0.1877
v 1.1 		-0.5964 		-0.1801
v 1.1 		-0.5677 		-0.1835
v 1.1 		-0.5678 		-0.187
v 1.1 		-0.5676 		-0.1929
v 1.1 		-0.5951 		-0.2064
v 1.1 		-0.5963 		-0.1974
v 1.1 		-0.5904 		-0.2218
v 1.1 		-0.5931 		-0.2145
v 1.1 		-0.5826 		-0.2339
v 1.1 		-0.5869 		-0.2283
v 1.1 		-0.5715 		-0.2429
v 1.1 		-0.5774 		-0.2388
v 1.1 		-0.5572 		-0.2482
v 1.1 		-0.5648 		-0.246
v 1.1 		-0.5395 		-0.25
v 1.1 		-0.5488 		-0.2496
v 1.1 		-0.5279 		-0.2493
v 1.1 		-0.5336 		-0.2498
v 1.1 		-0.5174 		-0.2473
v 1.1 		-0.5225 		-0.2485
v 1.1 		-0.508 		-0.2439
v 1.1 		-0.5125 		-0.2458
v 1.1 		-0.4996 		-0.2393
v 1.1 		-0.5037 		-0.2417
v 1.1 		-0.4922 		-0.2335
v 1.1 		-0.4957 		-0.2365
v 1.1 		-0.4858 		-0.2265
v 1.1 		-0.4888 		-0.2302
v 1.1 		-0.4804 		-0.2185
v 1.1 		-0.483 		-0.2227
v 1.1 		-0.4761 		-0.2094
v 1.1 		-0.4781 		-0.2141
v 1.1 		-0.4727 		-0.1992
v 1.1 		-0.4743 		-0.2045
v 1.1 		-0.4703 		-0.1879
v 1.1 		-0.4714 		-0.1937
v 1.1 		-0.4688 		-0.1755
v 1.1 		-0.4694 		-0.1818
v 1.1 		-0.4683 		-0.1623
v 1.1 		-0.4685 		-0.169
v 1.1 		-0.4686 		-0.152
v 1.1 		-0.4684 		-0.1571
v 1.1 		-0.4696 		-0.1426
v 1.1 		-0.469 		-0.1472
v 1.1 		-0.4711 		-0.134
v 1.1 		-0.4703 		-0.1382
v 1.1 		-0.4734 		-0.1259
v 1.1 		-0.4722 		-0.1299
v 1.1 		-0.4762 		-0.1188
v 1.1 		-0.4747 		-0.1222
v 1.1 		-0.4798 		-0.1125
v 1.1 		-0.4779 		-0.1155
v 1.1 		-0.484 		-0.1072
v 1.1 		-0.4818 		-0.1097
v 1.1 		-0.4889 		-0.1027
v 1.1 		-0.4864 		-0.1048
v 1.1 		-0.4944 		-0.099
v 1.1 		-0.4916 		-0.1007
v 1.1 		-0.5007 		-0.0963
v 1.1 		-0.4974 		-0.0975
v 1.1 		-0.5077 		-0.0947
v 1.1 		-0.5041 		-0.0954
v 1.1 		-0.5154 		-0.0942
v 1.1 		-0.5114 		-0.0943
v 1.1 		-0.5555 		-0.0715
v 1.1 		-0.5558 		-0.0727
v 1.1 		-0.556 		-0.0739
v 1.1 		-0.5503 		-0.0607
v 1.1 		-0.5508 		-0.0614
v 1.1 		-0.5514 		-0.0622
v 1.1 		-0.5444 		-0.058
v 1.1 		-0.545 		-0.0579
v 1.1 		-0.5456 		-0.0578
v 1.1 		-0.543 		-0.0581
v 1.1 		-0.5437 		-0.0581
v 1.1 		-0.5417 		-0.0582
v 1.1 		-0.5423 		-0.0582
v 1.1 		-0.5403 		-0.0582
v 1.1 		-0.541 		-0.0582
v 1.1 		-0.5383 		-0.0582
v 1.1 		-0.539 		-0.0582
v 1.1 		-0.5396 		-0.0582
v 1.1 		-0.5369 		-0.0582
v 1.1 		-0.5376 		-0.0582
v 1.1 		-0.5346 		-0.0582
v 1.1 		-0.5351 		-0.0582
v 1.1 		-0.5357 		-0.0582
v 1.1 		-0.5336 		-0.0582
v 1.1 		-0.534 		-0.0582
v 1.1 		-0.5255 		-0.0576
v 1.1 		-0.5294 		-0.0581
v 1.1 		-0.5181 		-0.0557
v 1.1 		-0.5217 		-0.0568
v 1.1 		-0.5115 		-0.0524
v 1.1 		-0.5147 		-0.0542
v 1.1 		-0.5056 		-0.0481
v 1.1 		-0.5085 		-0.0504
v 1.1 		-0.5005 		-0.0427
v 1.1 		-0.503 		-0.0455
v 1.1 		-0.496 		-0.0364
v 1.1 		-0.4981 		-0.0397
v 1.1 		-0.4923 		-0.0289
v 1.1 		-0.4941 		-0.0327
v 1.1 		-0.4893 		-0.0207
v 1.1 		-0.4908 		-0.0249
v 1.1 		-0.487 		-0.0116
v 1.1 		-0.4881 		-0.0163
v 1.1 		-0.4853 		-0.0019
v 1.1 		-0.4861 		-0.0069
v 1.1 		-0.4843 		0.0083
v 1.1 		-0.4848 		0.0031
v 1.1 		-0.484 		0.0192
v 1.1 		-0.4841 		0.0137
v 1.1 		-0.4841 		0.0247
v 1.1 		-0.484 		0.022
v 1.1 		-0.4845 		0.0302
v 1.1 		-0.4843 		0.0275
v 1.1 		-0.4851 		0.0356
v 1.1 		-0.4848 		0.0329
v 1.1 		-0.4857 		0.0407
v 1.1 		-0.4854 		0.0381
v 1.1 		-0.4866 		0.0457
v 1.1 		-0.4861 		0.0432
v 1.1 		-0.4875 		0.0507
v 1.1 		-0.487 		0.0482
v 1.1 		-0.4888 		0.0555
v 1.1 		-0.4881 		0.0531
v 1.1 		-0.49 		0.0601
v 1.1 		-0.4894 		0.0578
v 1.1 		-0.4914 		0.0645
v 1.1 		-0.4907 		0.0623
v 1.1 		-0.4929 		0.0686
v 1.1 		-0.4921 		0.0666
v 1.1 		-0.4944 		0.0725
v 1.1 		-0.4936 		0.0706
v 1.1 		-0.496 		0.0761
v 1.1 		-0.4952 		0.0743
v 1.1 		-0.4771 		0.0623
v 1.1 		-0.4787 		0.0622
v 1.1 		-0.4787 		0.0637
v 1.1 		-0.4741 		0.0627
v 1.1 		-0.4755 		0.0625
v 1.1 		-0.4714 		0.0636
v 1.1 		-0.4727 		0.0631
v 1.1 		-0.4692 		0.0649
v 1.1 		-0.4703 		0.0642
v 1.1 		-0.4673 		0.0665
v 1.1 		-0.4682 		0.0656
v 1.1 		-0.4657 		0.0685
v 1.1 		-0.4664 		0.0675
v 1.1 		-0.4643 		0.0708
v 1.1 		-0.465 		0.0696
v 1.1 		-0.4632 		0.0735
v 1.1 		-0.4637 		0.0721
v 1.1 		-0.4624 		0.0764
v 1.1 		-0.4628 		0.0749
v 1.1 		-0.4617 		0.081
v 1.1 		-0.4619 		0.0795
v 1.1 		-0.4622 		0.078
v 1.1 		-0.4614 		0.0843
v 1.1 		-0.4615 		0.0826
v 1.1 		-0.4613 		0.0876
v 1.1 		-0.4613 		0.0859
v 1.1 		-0.5513 		0.0271
v 1.1 		-0.5513 		0.0116
v 1.1 		-0.5675 		-0.1802
v 1.1 		-0.5669 		-0.1982
v 1.1 		-0.5363 		-0.0582
v 1.1 		-0.4788 		0.0651
v 1.1 		-0.5015 		0.0934
v 1.1 		-0.5512 		0.0309
v 1.1 		-0.5511 		0.008
v 1.1 		-0.5659 		-0.203
v 1.1 		-0.5452 		-0.0942
v 1.1 		-0.5461 		-0.0577
v 1.1 		-0.4789 		0.0665
v 1.1 		-0.551 		0.0045
v 1.1 		-0.5645 		-0.2073
v 1.1 		-0.479 		0.0678
v 1.1 		-0.551 		0.0346
v 1.1 		-0.5507 		0.0012
v 1.1 		-0.5673 		-0.1772
v 1.1 		-0.5627 		-0.2111
v 1.1 		-0.5466 		-0.0577
v 1.1 		-0.4792 		0.0691
v 1.1 		-0.5023 		0.092
v 1.1 		-0.5509 		0.0382
v 1.1 		-0.5505 		-0.002
v 1.1 		-0.5669 		-0.1743
v 1.1 		-0.5605 		-0.2143
v 1.1 		-0.547 		-0.0576
v 1.1 		-0.4794 		0.0703
v 1.1 		-0.5507 		0.0417
v 1.1 		-0.5502 		-0.005
v 1.1 		-0.5664 		-0.1717
v 1.1 		-0.5579 		-0.2171
v 1.1 		-0.5473 		-0.0576
v 1.1 		-0.4797 		0.0713
v 1.1 		-0.5503 		0.045
v 1.1 		-0.5498 		-0.0079
v 1.1 		-0.5658 		-0.1694
v 1.1 		-0.5499 		0.0482
v 1.1 		-0.5493 		-0.0107
v 1.1 		-0.5651 		-0.1672
v 1.1 		-0.5548 		-0.2193
v 1.1 		-0.5477 		-0.0576
v 1.1 		-0.4801 		0.0723
v 1.1 		-0.5495 		0.0512
v 1.1 		-0.5488 		-0.0133
v 1.1 		-0.5514 		-0.2211
v 1.1 		-0.4804 		0.0733
v 1.1 		-0.549 		0.0541
v 1.1 		-0.5483 		-0.0157
v 1.1 		-0.5643 		-0.1652
v 1.1 		-0.5477 		-0.2223
v 1.1 		-0.4808 		0.0743
v 1.1 		-0.5484 		0.0568
v 1.1 		-0.5477 		-0.0181
v 1.1 		-0.5634 		-0.1634
v 1.1 		-0.5435 		-0.2231
v 1.1 		-0.4811 		0.0752
v 1.1 		-0.5478 		0.0593
v 1.1 		-0.5469 		-0.0202
v 1.1 		-0.5625 		-0.1618
v 1.1 		-0.539 		-0.2233
v 1.1 		-0.4815 		0.0761
v 1.1 		-0.5471 		0.0617
v 1.1 		-0.5461 		-0.0222
v 1.1 		-0.5616 		-0.1604
v 1.1 		-0.5322 		-0.223
v 1.1 		-0.482 		0.0768
v 1.1 		-0.5464 		0.0639
v 1.1 		-0.5453 		-0.0241
v 1.1 		-0.5605 		-0.1591
v 1.1 		-0.526 		-0.2221
v 1.1 		-0.4825 		0.0774
v 1.1 		-0.5455 		0.0659
v 1.1 		-0.5444 		-0.0258
v 1.1 		-0.5595 		-0.1579
v 1.1 		-0.5204 		-0.2204
v 1.1 		-0.483 		0.0781
v 1.1 		-0.5446 		0.0678
v 1.1 		-0.5434 		-0.0273
v 1.1 		-0.5583 		-0.1568
v 1.1 		-0.4835 		0.0786
v 1.1 		-0.5436 		0.0694
v 1.1 		-0.5424 		-0.0287
v 1.1 		-0.5572 		-0.1559
v 1.1 		-0.5155 		-0.2182
v 1.1 		-0.484 		0.0791
v 1.1 		-0.5425 		0.0709
v 1.1 		-0.5561 		-0.1551
v 1.1 		-0.5113 		-0.2153
v 1.1 		-0.4845 		0.0796
v 1.1 		-0.5414 		0.0722
v 1.1 		-0.5413 		-0.0297
v 1.1 		-0.5549 		-0.1545
v 1.1 		-0.5076 		-0.2118
v 1.1 		-0.4851 		0.08
v 1.1 		-0.5403 		0.0732
v 1.1 		-0.5401 		-0.0306
v 1.1 		-0.5536 		-0.154
v 1.1 		-0.5046 		-0.2077
v 1.1 		-0.4857 		0.0803
v 1.1 		-0.539 		0.074
v 1.1 		-0.5388 		-0.0313
v 1.1 		-0.5524 		-0.1537
v 1.1 		-0.5022 		-0.2031
v 1.1 		-0.4863 		0.0805
v 1.1 		-0.5376 		0.0746
v 1.1 		-0.5374 		-0.0318
v 1.1 		-0.5511 		-0.1534
v 1.1 		-0.5002 		-0.1978
v 1.1 		-0.4869 		0.0807
v 1.1 		-0.5359 		-0.0321
v 1.1 		-0.5498 		-0.1532
v 1.1 		-0.4989 		-0.1919
v 1.1 		-0.4875 		0.0808
v 1.1 		-0.5362 		0.075
v 1.1 		-0.5343 		-0.0322
v 1.1 		-0.498 		-0.1854
v 1.1 		-0.4881 		0.0809
v 1.1 		-0.5346 		0.0751
v 1.1 		-0.5327 		-0.0321
v 1.1 		-0.4978 		-0.1784
v 1.1 		-0.4887 		0.0808
v 1.1 		-0.533 		0.075
v 1.1 		-0.5312 		-0.0318
v 1.1 		-0.4979 		-0.1739
v 1.1 		-0.4894 		0.0807
v 1.1 		-0.5315 		0.0746
v 1.1 		-0.5299 		-0.0313
v 1.1 		-0.4983 		-0.1699
v 1.1 		-0.4901 		0.0805
v 1.1 		-0.5301 		0.074
v 1.1 		-0.5285 		-0.0306
v 1.1 		-0.499 		-0.1663
v 1.1 		-0.4909 		0.0802
v 1.1 		-0.5288 		0.0732
v 1.1 		-0.4917 		0.0798
v 1.1 		-0.5 		-0.1632
v 1.1 		-0.4925 		0.0793
v 1.1 		-0.5276 		0.0722
v 1.1 		-0.5012 		-0.1606
v 1.1 		-0.4932 		0.0787
v 1.1 		-0.5265 		0.0709
v 1.1 		-0.5027 		-0.1584
v 1.1 		-0.4939 		0.0782
v 1.1 		-0.5254 		0.0694
v 1.1 		-0.5045 		-0.1568
v 1.1 		-0.4945 		0.0777
v 1.1 		-0.5244 		0.0678
v 1.1 		-0.5065 		-0.1554
v 1.1 		-0.4951 		0.0771
v 1.1 		-0.5235 		0.066
v 1.1 		-0.5089 		-0.1544
v 1.1 		-0.4956 		0.0766
v 1.1 		-0.5227 		0.0641
v 1.1 		-0.5115 		-0.1536
v 1.1 		-0.5144 		-0.1531
v 1.1 		-0.5175 		-0.153
v 1.1 		-0.5461 		-0.153
v 1.1 		-0.5219 		0.0619
v 1.1 		-0.5473 		-0.153
v 1.1 		-0.5212 		0.0597
v 1.1 		-0.5486 		-0.1531
v 1.1 		-0.5206 		0.0572
v 1.1 		-0.52 		0.0546
v 1.1 		-0.5195 		0.0518
v 1.1 		-0.5468 		-0.0941
v 1.1 		-0.5191 		0.0488
v 1.1 		-0.5484 		-0.0938
v 1.1 		-0.5187 		0.0457
v 1.1 		-0.5498 		-0.0934
v 1.1 		-0.5184 		0.0423
v 1.1 		-0.5511 		-0.0928
v 1.1 		-0.5181 		0.0389
v 1.1 		-0.5524 		-0.092
v 1.1 		-0.5179 		0.0354
v 1.1 		-0.5535 		-0.091
v 1.1 		-0.5177 		0.0317
v 1.1 		-0.5544 		-0.0897
v 1.1 		-0.5176 		0.0279
v 1.1 		-0.5552 		-0.0882
v 1.1 		-0.5175 		0.0239
v 1.1 		-0.5559 		-0.0865
v 1.1 		-0.5175 		0.0198
v 1.1 		-0.5563 		-0.0846
v 1.1 		-0.5175 		0.0159
v 1.1 		-0.5566 		-0.0824
v 1.1 		-0.5176 		0.0122
v 1.1 		-0.5177 		0.0085
v 1.1 		-0.5566 		-0.0801
v 1.1 		-0.5179 		0.005
v 1.1 		-0.5566 		-0.0788
v 1.1 		-0.5181 		0.0016
v 1.1 		-0.5565 		-0.0775
v 1.1 		-0.5184 		-0.0017
v 1.1 		-0.5564 		-0.0763
v 1.1 		-0.5187 		-0.0048
v 1.1 		-0.5563 		-0.0751
v 1.1 		-0.519 		-0.0078
v 1.1 		-0.5194 		-0.0107
v 1.1 		-0.5199 		-0.0134
v 1.1 		-0.5552 		-0.0704
v 1.1 		-0.5204 		-0.016
v 1.1 		-0.5549 		-0.0693
v 1.1 		-0.521 		-0.0184
v 1.1 		-0.5546 		-0.0683
v 1.1 		-0.5217 		-0.0206
v 1.1 		-0.5542 		-0.0672
v 1.1 		-0.5225 		-0.0225
v 1.1 		-0.5538 		-0.0663
v 1.1 		-0.5233 		-0.0243
v 1.1 		-0.5534 		-0.0654
v 1.1 		-0.5242 		-0.026
v 1.1 		-0.5529 		-0.0646
v 1.1 		-0.5251 		-0.0274
v 1.1 		-0.5525 		-0.0638
v 1.1 		-0.5519 		-0.063
v 1.1 		-0.5482 		-0.0581
v 1.1 		-0.5487 		-0.0587
v 1.1 		-0.5492 		-0.0593
v 1.1 		-0.5498 		-0.06
v 1.1 		-0.5273 		-0.0297
v 1.1 		-0.5261 		-0.0287
v 1.25 		-0.4613 		0.0893
v 1.25 		-0.4614 		0.091
v 1.25 		-0.4615 		0.0927
v 1.25 		-0.4617 		0.0943
v 1.25 		-0.462 		0.096
v 1.25 		-0.4623 		0.0976
v 1.25 		-0.4628 		0.099
v 1.25 		-0.4633 		0.1005
v 1.25 		-0.4638 		0.1018
v 1.25 		-0.4644 		0.1031
v 1.25 		-0.465 		0.1044
v 1.25 		-0.4657 		0.1056
v 1.25 		-0.4665 		0.1067
v 1.25 		-0.4673 		0.1078
v 1.25 		-0.4682 		0.1087
v 1.25 		-0.4692 		0.1096
v 1.25 		-0.4702 		0.1104
v 1.25 		-0.4713 		0.1111
v 1.25 		-0.4724 		0.1118
v 1.25 		-0.4736 		0.1123
v 1.25 		-0.4748 		0.1128
v 1.25 		-0.4761 		0.1131
v 1.25 		-0.4775 		0.1133
v 1.25 		-0.4789 		0.1133
v 1.25 		-0.4805 		0.1132
v 1.25 		-0.482 		0.113
v 1.25 		-0.4834 		0.1127
v 1.25 		-0.4849 		0.1122
v 1.25 		-0.4862 		0.1115
v 1.25 		-0.4875 		0.1107
v 1.25 		-0.4888 		0.1099
v 1.25 		-0.49 		0.1089
v 1.25 		-0.4911 		0.1079
v 1.25 		-0.4922 		0.1069
v 1.25 		-0.4933 		0.1058
v 1.25 		-0.4944 		0.1046
v 1.25 		-0.4954 		0.1033
v 1.25 		-0.4964 		0.102
v 1.25 		-0.4973 		0.1006
v 1.25 		-0.4982 		0.0992
v 1.25 		-0.499 		0.0978
v 1.25 		-0.4999 		0.0963
v 1.25 		-0.5007 		0.0948
v 1.25 		-0.503 		0.0906
v 1.25 		-0.5038 		0.0892
v 1.25 		-0.5045 		0.0879
v 1.25 		-0.5063 		0.0898
v 1.25 		-0.5083 		0.0916
v 1.25 		-0.5104 		0.0932
v 1.25 		-0.5126 		0.0948
v 1.25 		-0.5149 		0.0962
v 1.25 		-0.5173 		0.0976
v 1.25 		-0.5199 		0.0989
v 1.25 		-0.5225 		0.0999
v 1.25 		-0.5252 		0.1007
v 1.25 		-0.5279 		0.1013
v 1.25 		-0.5307 		0.1016
v 1.25 		-0.5336 		0.1018
v 1.25 		-0.5419 		0.1011
v 1.25 		-0.5495 		0.0993
v 1.25 		-0.5564 		0.0963
v 1.25 		-0.5625 		0.092
v 1.25 		-0.5678 		0.0866
v 1.25 		-0.5723 		0.0799
v 1.25 		-0.5761 		0.0722
v 1.25 		-0.5792 		0.0636
v 1.25 		-0.5816 		0.054
v 1.25 		-0.5833 		0.0434
v 1.25 		-0.5843 		0.0318
v 1.25 		-0.5847 		0.0192
v 1.25 		-0.5514 		0.0192
v 1.25 		-0.5513 		0.0232
v 1.25 		-0.5513 		0.0153
v 1.25 		-0.5846 		0.0148
v 1.25 		-0.5845 		0.0105
v 1.25 		-0.5842 		0.0063
v 1.25 		-0.5839 		0.0023
v 1.25 		-0.5835 		-0.0015
v 1.25 		-0.5829 		-0.0052
v 1.25 		-0.5822 		-0.0089
v 1.25 		-0.5815 		-0.0124
v 1.25 		-0.5806 		-0.0158
v 1.25 		-0.5797 		-0.0191
v 1.25 		-0.5787 		-0.0222
v 1.25 		-0.5776 		-0.0251
v 1.25 		-0.5765 		-0.028
v 1.25 		-0.5754 		-0.0306
v 1.25 		-0.5741 		-0.0332
v 1.25 		-0.5728 		-0.0356
v 1.25 		-0.5714 		-0.0378
v 1.25 		-0.5699 		-0.0399
v 1.25 		-0.5683 		-0.042
v 1.25 		-0.5666 		-0.0438
v 1.25 		-0.565 		-0.0455
v 1.25 		-0.5633 		-0.0471
v 1.25 		-0.5616 		-0.0484
v 1.25 		-0.5598 		-0.0496
v 1.25 		-0.5614 		-0.0513
v 1.25 		-0.5629 		-0.053
v 1.25 		-0.5644 		-0.0547
v 1.25 		-0.5659 		-0.0564
v 1.25 		-0.5673 		-0.0581
v 1.25 		-0.5686 		-0.0598
v 1.25 		-0.5699 		-0.0616
v 1.25 		-0.5711 		-0.0633
v 1.25 		-0.5723 		-0.0651
v 1.25 		-0.5734 		-0.067
v 1.25 		-0.5745 		-0.0688
v 1.25 		-0.5755 		-0.0708
v 1.25 		-0.5764 		-0.0727
v 1.25 		-0.5773 		-0.0747
v 1.25 		-0.578 		-0.0767
v 1.25 		-0.5787 		-0.0787
v 1.25 		-0.5794 		-0.0808
v 1.25 		-0.5799 		-0.083
v 1.25 		-0.5804 		-0.085
v 1.25 		-0.5808 		-0.0872
v 1.25 		-0.5811 		-0.0894
v 1.25 		-0.5813 		-0.0917
v 1.25 		-0.5815 		-0.094
v 1.25 		-0.5815 		-0.0965
v 1.25 		-0.5815 		-0.0991
v 1.25 		-0.5813 		-0.1016
v 1.25 		-0.5811 		-0.104
v 1.25 		-0.5808 		-0.1063
v 1.25 		-0.5804 		-0.1085
v 1.25 		-0.5799 		-0.1106
v 1.25 		-0.5794 		-0.1127
v 1.25 		-0.5788 		-0.1147
v 1.25 		-0.5782 		-0.1166
v 1.25 		-0.5775 		-0.1184
v 1.25 		-0.5767 		-0.1202
v 1.25 		-0.5759 		-0.1218
v 1.25 		-0.575 		-0.1234
v 1.25 		-0.5741 		-0.1249
v 1.25 		-0.5732 		-0.1263
v 1.25 		-0.5723 		-0.1277
v 1.25 		-0.5713 		-0.129
v 1.25 		-0.5702 		-0.1302
v 1.25 		-0.5692 		-0.1313
v 1.25 		-0.5681 		-0.1324
v 1.25 		-0.567 		-0.1335
v 1.25 		-0.5659 		-0.1345
v 1.25 		-0.5648 		-0.1354
v 1.25 		-0.5637 		-0.1363
v 1.25 		-0.5688 		-0.1373
v 1.25 		-0.5735 		-0.1389
v 1.25 		-0.5778 		-0.1411
v 1.25 		-0.5817 		-0.1439
v 1.25 		-0.5852 		-0.1472
v 1.25 		-0.5882 		-0.1511
v 1.25 		-0.5908 		-0.1556
v 1.25 		-0.5929 		-0.1608
v 1.25 		-0.5945 		-0.1666
v 1.25 		-0.5957 		-0.173
v 1.25 		-0.5964 		-0.1801
v 1.25 		-0.5967 		-0.1877
v 1.25 		-0.5678 		-0.187
v 1.25 		-0.5677 		-0.1835
v 1.25 		-0.5676 		-0.1929
v 1.25 		-0.5963 		-0.1974
v 1.25 		-0.5951 		-0.2064
v 1.25 		-0.5931 		-0.2145
v 1.25 		-0.5904 		-0.2218
v 1.25 		-0.5869 		-0.2283
v 1.25 		-0.5826 		-0.2339
v 1.25 		-0.5774 		-0.2388
v 1.25 		-0.5715 		-0.2429
v 1.25 		-0.5648 		-0.246
v 1.25 		-0.5572 		-0.2482
v 1.25 		-0.5488 		-0.2496
v 1.25 		-0.5395 		-0.25
v 1.25 		-0.5336 		-0.2498
v 1.25 		-0.5279 		-0.2493
v 1.25 		-0.5225 		-0.2485
v 1.25 		-0.5174 		-0.2473
v 1.25 		-0.5125 		-0.2458
v 1.25 		-0.508 		-0.2439
v 1.25 		-0.5037 		-0.2417
v 1.25 		-0.4996 		-0.2393
v 1.25 		-0.4957 		-0.2365
v 1.25 		-0.4922 		-0.2335
v 1.25 		-0.4888 		-0.2302
v 1.25 		-0.4858 		-0.2265
v 1.25 		-0.483 		-0.2227
v 1.25 		-0.4804 		-0.2185
v 1.25 		-0.4781 		-0.2141
v 1.25 		-0.4761 		-0.2094
v 1.25 		-0.4743 		-0.2045
v 1.25 		-0.4727 		-0.1992
v 1.25 		-0.4714 		-0.1937
v 1.25 		-0.4703 		-0.1879
v 1.25 		-0.4694 		-0.1818
v 1.25 		-0.4688 		-0.1755
v 1.25 		-0.4685 		-0.169
v 1.25 		-0.4683 		-0.1623
v 1.25 		-0.4684 		-0.1571
v 1.25 		-0.4686 		-0.152
v 1.25 		-0.469 		-0.1472
v 1.25 		-0.4696 		-0.1426
v 1.25 		-0.4703 		-0.1382
v 1.25 		-0.4711 		-0.134
v 1.25 		-0.4722 		-0.1299
v 1.25 		-0.4734 		-0.1259
v 1.25 		-0.4747 		-0.1222
v 1.25 		-0.4762 		-0.1188
v 1.25 		-0.4779 		-0.1155
v 1.25 		-0.4798 		-0.1125
v 1.25 		-0.4818 		-0.1097
v 1.25 		-0.484 		-0.1072
v 1.25 		-0.4864 		-0.1048
v 1.25 		-0.4889 		-0.1027
v 1.25 		-0.4916 		-0.1007
v 1.25 		-0.4944 		-0.099
v 1.25 		-0.4974 		-0.0975
v 1.25 		-0.5007 		-0.0963
v 1.25 		-0.5041 		-0.0954
v 1.25 		-0.5077 		-0.0947
v 1.25 		-0.5114 		-0.0943
v 1.25 		-0.5154 		-0.0942
v 1.25 		-0.556 		-0.0739
v 1.25 		-0.5558 		-0.0727
v 1.25 		-0.5555 		-0.0715
v 1.25 		-0.5514 		-0.0622
v 1.25 		-0.5508 		-0.0614
v 1.25 		-0.5503 		-0.0607
v 1.25 		-0.5456 		-0.0578
v 1.25 		-0.545 		-0.0579
v 1.25 		-0.5444 		-0.058
v 1.25 		-0.5437 		-0.0581
v 1.25 		-0.543 		-0.0581
v 1.25 		-0.5423 		-0.0582
v 1.25 		-0.5417 		-0.0582
v 1.25 		-0.541 		-0.0582
v 1.25 		-0.5403 		-0.0582
v 1.25 		-0.5396 		-0.0582
v 1.25 		-0.539 		-0.0582
v 1.25 		-0.5383 		-0.0582
v 1.25 		-0.5376 		-0.0582
v 1.25 		-0.5369 		-0.0582
v 1.25 		-0.5357 		-0.0582
v 1.25 		-0.5351 		-0.0582
v 1.25 		-0.5346 		-0.0582
v 1.25 		-0.534 		-0.0582
v 1.25 		-0.5336 		-0.0582
v 1.25 		-0.5294 		-0.0581
v 1.25 		-0.5255 		-0.0576
v 1.25 		-0.5217 		-0.0568
v 1.25 		-0.5181 		-0.0557
v 1.25 		-0.5147 		-0.0542
v 1.25 		-0.5115 		-0.0524
v 1.25 		-0.5085 		-0.0504
v 1.25 		-0.5056 		-0.0481
v 1.25 		-0.503 		-0.0455
v 1.25 		-0.5005 		-0.0427
v 1.25 		-0.4981 		-0.0397
v 1.25 		-0.496 		-0.0364
v 1.25 		-0.4941 		-0.0327
v 1.25 		-0.4923 		-0.0289
v 1.25 		-0.4908 		-0.0249
v 1.25 		-0.4893 		-0.0207
v 1.25 		-0.4881 		-0.0163
v 1.25 		-0.487 		-0.0116
v 1.25 		-0.4861 		-0.0069
v 1.25 		-0.4853 		-0.0019
v 1.25 		-0.4848 		0.0031
v 1.25 		-0.4843 		0.0083
v 1.25 		-0.4841 		0.0137
v 1.25 		-0.484 		0.0192
v 1.25 		-0.484 		0.022
v 1.25 		-0.4841 		0.0247
v 1.25 		-0.4843 		0.0275
v 1.25 		-0.4845 		0.0302
v 1.25 		-0.4848 		0.0329
v 1.25 		-0.4851 		0.0356
v 1.25 		-0.4854 		0.0381
v 1.25 		-0.4857 		0.0407
v 1.25 		-0.4861 		0.0432
v 1.25 		-0.4866 		0.0457
v 1.25 		-0.487 		0.0482
v 1.25 		-0.4875 		0.0507
v 1.25 		-0.4881 		0.0531
v 1.25 		-0.4888 		0.0555
v 1.25 		-0.4894 		0.0578
v 1.25 		-0.49 		0.0601
v 1.25 		-0.4907 		0.0623
v 1.25 		-0.4914 		0.0645
v 1.25 		-0.4921 		0.0666
v 1.25 		-0.4929 		0.0686
v 1.25 		-0.4936 		0.0706
v 1.25 		-0.4944 		0.0725
v 1.25 		-0.4952 		0.0743
v 1.25 		-0.496 		0.0761
v 1.25 		-0.4787 		0.0637
v 1.25 		-0.4787 		0.0622
v 1.25 		-0.4771 		0.0623
v 1.25 		-0.4755 		0.0625
v 1.25 		-0.4741 		0.0627
v 1.25 		-0.4727 		0.0631
v 1.25 		-0.4714 		0.0636
v 1.25 		-0.4703 		0.0642
v 1.25 		-0.4692 		0.0649
v 1.25 		-0.4682 		0.0656
v 1.25 		-0.4673 		0.0665
v 1.25 		-0.4664 		0.0675
v 1.25 		-0.4657 		0.0685
v 1.25 		-0.465 		0.0696
v 1.25 		-0.4643 		0.0708
v 1.25 		-0.4637 		0.0721
v 1.25 		-0.4632 		0.0735
v 1.25 		-0.4628 		0.0749
v 1.25 		-0.4624 		0.0764
v 1.25 		-0.4622 		0.078
v 1.25 		-0.4619 		0.0795
v 1.25 		-0.4617 		0.081
v 1.25 		-0.4615 		0.0826
v 1.25 		-0.4614 		0.0843
v 1.25 		-0.4613 		0.0859
v 1.25 		-0.4613 		0.0876
v 1.25 		-0.5513 		0.0271
v 1.25 		-0.5513 		0.0116
v 1.25 		-0.5675 		-0.1802
v 1.25 		-0.5669 		-0.1982
v 1.25 		-0.5363 		-0.0582
v 1.25 		-0.4788 		0.0651
v 1.25 		-0.5015 		0.0934
v 1.25 		-0.5512 		0.0309
v 1.25 		-0.5511 		0.008
v 1.25 		-0.5659 		-0.203
v 1.25 		-0.5452 		-0.0942
v 1.25 		-0.5461 		-0.0577
v 1.25 		-0.4789 		0.0665
v 1.25 		-0.551 		0.0045
v 1.25 		-0.5645 		-0.2073
v 1.25 		-0.479 		0.0678
v 1.25 		-0.551 		0.0346
v 1.25 		-0.5507 		0.0012
v 1.25 		-0.5673 		-0.1772
v 1.25 		-0.5627 		-0.2111
v 1.25 		-0.5466 		-0.0577
v 1.25 		-0.4792 		0.0691
v 1.25 		-0.5023 		0.092
v 1.25 		-0.5509 		0.0382
v 1.25 		-0.5505 		-0.002
v 1.25 		-0.5669 		-0.1743
v 1.25 		-0.5605 		-0.2143
v 1.25 		-0.547 		-0.0576
v 1.25 		-0.4794 		0.0703
v 1.25 		-0.5507 		0.0417
v 1.25 		-0.5502 		-0.005
v 1.25 		-0.5664 		-0.1717
v 1.25 		-0.5579 		-0.2171
v 1.25 		-0.5473 		-0.0576
v 1.25 		-0.4797 		0.0713
v 1.25 		-0.5503 		0.045
v 1.25 		-0.5498 		-0.0079
v 1.25 		-0.5658 		-0.1694
v 1.25 		-0.5499 		0.0482
v 1.25 		-0.5493 		-0.0107
v 1.25 		-0.5651 		-0.1672
v 1.25 		-0.5548 		-0.2193
v 1.25 		-0.5477 		-0.0576
v 1.25 		-0.4801 		0.0723
v 1.25 		-0.5495 		0.0512
v 1.25 		-0.5488 		-0.0133
v 1.25 		-0.5514 		-0.2211
v 1.25 		-0.4804 		0.0733
v 1.25 		-0.549 		0.0541
v 1.25 		-0.5483 		-0.0157
v 1.25 		-0.5643 		-0.1652
v 1.25 		-0.5477 		-0.2223
v 1.25 		-0.4808 		0.0743
v 1.25 		-0.5484 		0.0568
v 1.25 		-0.5477 		-0.0181
v 1.25 		-0.5634 		-0.1634
v 1.25 		-0.5435 		-0.2231
v 1.25 		-0.4811 		0.0752
v 1.25 		-0.5478 		0.0593
v 1.25 		-0.5469 		-0.0202
v 1.25 		-0.5625 		-0.1618
v 1.25 		-0.539 		-0.2233
v 1.25 		-0.4815 		0.0761
v 1.25 		-0.5471 		0.0617
v 1.25 		-0.5461 		-0.0222
v 1.25 		-0.5616 		-0.1604
v 1.25 		-0.5322 		-0.223
v 1.25 		-0.482 		0.0768
v 1.25 		-0.5464 		0.0639
v 1.25 		-0.5453 		-0.0241
v 1.25 		-0.5605 		-0.1591
v 1.25 		-0.526 		-0.2221
v 1.25 		-0.4825 		0.0774
v 1.25 		-0.5455 		0.0659
v 1.25 		-0.5444 		-0.0258
v 1.25 		-0.5595 		-0.1579
v 1.25 		-0.5204 		-0.2204
v 1.25 		-0.483 		0.0781
v 1.25 		-0.5446 		0.0678
v 1.25 		-0.5434 		-0.0273
v 1.25 		-0.5583 		-0.1568
v 1.25 		-0.4835 		0.0786
v 1.25 		-0.5436 		0.0694
v 1.25 		-0.5424 		-0.0287
v 1.25 		-0.5572 		-0.1559
v 1.25 		-0.5155 		-0.2182
v 1.25 		-0.484 		0.0791
v 1.25 		-0.5425 		0.0709
v 1.25 		-0.5561 		-0.1551
v 1.25 		-0.5113 		-0.2153
v 1.25 		-0.4845 		0.0796
v 1.25 		-0.5414 		0.0722
v 1.25 		-0.5413 		-0.0297
v 1.25 		-0.5549 		-0.1545
v 1.25 		-0.5076 		-0.2118
v 1.25 		-0.4851 		0.08
v 1.25 		-0.5403 		0.0732
v 1.25 		-0.5401 		-0.0306
v 1.25 		-0.5536 		-0.154
v 1.25 		-0.5046 		-0.2077
v 1.25 		-0.4857 		0.0803
v 1.25 		-0.539 		0.074
v 1.25 		-0.5388 		-0.0313
v 1.25 		-0.5524 		-0.1537
v 1.25 		-0.5022 		-0.2031
v 1.25 		-0.4863 		0.0805
v 1.25 		-0.5376 		0.0746
v 1.25 		-0.5374 		-0.0318
v 1.25 		-0.5511 		-0.1534
v 1.25 		-0.5002 		-0.1978
v 1.25 		-0.4869 		0.0807
v 1.25 		-0.5359 		-0.0321
v 1.25 		-0.5498 		-0.1532
v 1.25 		-0.4989 		-0.1919
v 1.25 		-0.4875 		0.0808
v 1.25 		-0.5362 		0.075
v 1.25 		-0.5343 		-0.0322
v 1.25 		-0.498 		-0.1854
v 1.25 		-0.4881 		0.0809
v 1.25 		-0.5346 		0.0751
v 1.25 		-0.5327 		-0.0321
v 1.25 		-0.4978 		-0.1784
v 1.25 		-0.4887 		0.0808
v 1.25 		-0.533 		0.075
v 1.25 		-0.5312 		-0.0318
v 1.25 		-0.4979 		-0.1739
v 1.25 		-0.4894 		0.0807
v 1.25 		-0.5315 		0.0746
v 1.25 		-0.5299 		-0.0313
v 1.25 		-0.4983 		-0.1699
v 1.25 		-0.4901 		0.0805
v 1.25 		-0.5301 		0.074
v 1.25 		-0.5285 		-0.0306
v 1.25 		-0.499 		-0.1663
v 1.25 		-0.4909 		0.0802
v 1.25 		-0.5288 		0.0732
v 1.25 		-0.4917 		0.0798
v 1.25 		-0.5 		-0.1632
v 1.25 		-0.4925 		0.0793
v 1.25 		-0.5276 		0.0722
v 1.25 		-0.5012 		-0.1606
v 1.25 		-0.4932 		0.0787
v 1.25 		-0.5265 		0.0709
v 1.25 		-0.5027 		-0.1584
v 1.25 		-0.4939 		0.0782
v 1.25 		-0.5254 		0.0694
v 1.25 		-0.5045 		-0.1568
v 1.25 		-0.4945 		0.0777
v 1.25 		-0.5244 		0.0678
v 1.25 		-0.5065 		-0.1554
v 1.25 		-0.4951 		0.0771
v 1.25 		-0.5235 		0.066
v 1.25 		-0.5089 		-0.1544
v 1.25 		-0.4956 		0.0766
v 1.25 		-0.5227 		0.0641
v 1.25 		-0.5115 		-0.1536
v 1.25 		-0.5144 		-0.1531
v 1.25 		-0.5175 		-0.153
v 1.25 		-0.5461 		-0.153
v 1.25 		-0.5219 		0.0619
v 1.25 		-0.5473 		-0.153
v 1.25 		-0.5212 		0.0597
v 1.25 		-0.5486 		-0.1531
v 1.25 		-0.5206 		0.0572
v 1.25 		-0.52 		0.0546
v 1.25 		-0.5195 		0.0518
v 1.25 		-0.5468 		-0.0941
v 1.25 		-0.5191 		0.0488
v 1.25 		-0.5484 		-0.0938
v 1.25 		-0.5187 		0.0457
v 1.25 		-0.5498 		-0.0934
v 1.25 		-0.5184 		0.0423
v 1.25 		-0.5511 		-0.0928
v 1.25 		-0.5181 		0.0389
v 1.25 		-0.5524 		-0.092
v 1.25 		-0.5179 		0.0354
v 1.25 		-0.5535 		-0.091
v 1.25 		-0.5177 		0.0317
v 1.25 		-0.5544 		-0.0897
v 1.25 		-0.5176 		0.0279
v 1.25 		-0.5552 		-0.0882
v 1.25 		-0.5175 		0.0239
v 1.25 		-0.5559 		-0.0865
v 1.25 		-0.5175 		0.0198
v 1.25 		-0.5563 		-0.0846
v 1.25 		-0.5175 		0.0159
v 1.25 		-0.5566 		-0.0824
v 1.25 		-0.5176 		0.0122
v 1.25 		-0.5177 		0.0085
v 1.25 		-0.5566 		-0.0801
v 1.25 		-0.5179 		0.005
v 1.25 		-0.5566 		-0.0788
v 1.25 		-0.5181 		0.0016
v 1.25 		-0.5565 		-0.0775
v 1.25 		-0.5184 		-0.0017
v 1.25 		-0.5564 		-0.0763
v 1.25 		-0.5187 		-0.0048
v 1.25 		-0.5563 		-0.0751
v 1.25 		-0.519 		-0.0078
v 1.25 		-0.5194 		-0.0107
v 1.25 		-0.5199 		-0.0134
v 1.25 		-0.5552 		-0.0704
v 1.25 		-0.5204 		-0.016
v 1.25 		-0.5549 		-0.0693
v 1.25 		-0.521 		-0.0184
v 1.25 		-0.5546 		-0.0683
v 1.25 		-0.5217 		-0.0206
v 1.25 		-0.5542 		-0.0672
v 1.25 		-0.5225 		-0.0225
v 1.25 		-0.5538 		-0.0663
v 1.25 		-0.5233 		-0.0243
v 1.25 		-0.5534 		-0.0654
v 1.25 		-0.5242 		-0.026
v 1.25 		-0.5529 		-0.0646
v 1.25 		-0.5251 		-0.0274
v 1.25 		-0.5525 		-0.0638
v 1.25 		-0.5519 		-0.063
v 1.25 		-0.5482 		-0.0581
v 1.25 		-0.5487 		-0.0587
v 1.25 		-0.5492 		-0.0593
v 1.25 		-0.5498 		-0.06
v 1.25 		-0.5273 		-0.0297
v 1.25 		-0.5261 		-0.0287
v 1.1 		-0.3028 		-0.1427
v 1.1 		-0.3516 		-0.1427
v 1.1 		-0.3569 		-0.1112
v 1.1 		-0.3049 		-0.1189
v 1.1 		-0.3028 		-0.1189
v 1.1 		-0.3765 		0.0725
v 1.1 		-0.3765 		0.0963
v 1.1 		-0.3211 		0.0963
v 1.1 		-0.4535 		0.0725
v 1.1 		-0.4535 		0.0963
v 1.1 		-0.3992 		0.0963
v 1.1 		-0.4361 		-0.0735
v 1.1 		-0.4364 		-0.0592
v 1.1 		-0.4364 		0.0407
v 1.1 		-0.4339 		-0.0983
v 1.1 		-0.4353 		-0.0866
v 1.1 		-0.4293 		-0.1179
v 1.1 		-0.4319 		-0.1087
v 1.1 		-0.4225 		-0.1322
v 1.1 		-0.4262 		-0.1257
v 1.1 		-0.4138 		-0.1416
v 1.1 		-0.4184 		-0.1375
v 1.1 		-0.403 		-0.1463
v 1.1 		-0.4086 		-0.1445
v 1.1 		-0.395 		-0.1468
v 1.1 		-0.3969 		-0.1469
v 1.1 		-0.3912 		-0.1466
v 1.1 		-0.3931 		-0.1467
v 1.1 		-0.3876 		-0.146
v 1.1 		-0.3894 		-0.1463
v 1.1 		-0.384 		-0.1451
v 1.1 		-0.3858 		-0.1456
v 1.1 		-0.3805 		-0.1438
v 1.1 		-0.3822 		-0.1445
v 1.1 		-0.3771 		-0.1419
v 1.1 		-0.3788 		-0.1429
v 1.1 		-0.3738 		-0.1394
v 1.1 		-0.3754 		-0.1408
v 1.1 		-0.3707 		-0.1361
v 1.1 		-0.3722 		-0.1379
v 1.1 		-0.3677 		-0.1321
v 1.1 		-0.3692 		-0.1342
v 1.1 		-0.3648 		-0.1274
v 1.1 		-0.3663 		-0.1299
v 1.1 		-0.362 		-0.1217
v 1.1 		-0.3634 		-0.1246
v 1.1 		-0.3594 		-0.115
v 1.1 		-0.3607 		-0.1184
v 1.1 		-0.3061 		-0.1189
v 1.1 		-0.3753 		0.0725
v 1.1 		-0.452 		0.0725
v 1.1 		-0.3072 		-0.1189
v 1.1 		-0.3741 		0.0724
v 1.1 		-0.4506 		0.0723
v 1.1 		-0.4364 		0.0439
v 1.1 		-0.3083 		-0.1188
v 1.1 		-0.3729 		0.0723
v 1.1 		-0.4493 		0.0721
v 1.1 		-0.3582 		-0.1112
v 1.1 		-0.3094 		-0.1187
v 1.1 		-0.3717 		0.0721
v 1.1 		-0.448 		0.0718
v 1.1 		-0.4365 		0.0469
v 1.1 		-0.3104 		-0.1185
v 1.1 		-0.3706 		0.0718
v 1.1 		-0.4469 		0.0714
v 1.1 		-0.4367 		0.0497
v 1.1 		-0.3694 		0.0716
v 1.1 		-0.4458 		0.0709
v 1.1 		-0.4369 		0.0523
v 1.1 		-0.3114 		-0.1183
v 1.1 		-0.3684 		0.0713
v 1.1 		-0.4447 		0.0704
v 1.1 		-0.4372 		0.0546
v 1.1 		-0.3124 		-0.118
v 1.1 		-0.3674 		0.0709
v 1.1 		-0.4438 		0.0698
v 1.1 		-0.4375 		0.0568
v 1.1 		-0.3133 		-0.1176
v 1.1 		-0.3664 		0.0704
v 1.1 		-0.4429 		0.0691
v 1.1 		-0.3142 		-0.1171
v 1.1 		-0.3655 		0.0697
v 1.1 		-0.442 		0.0683
v 1.1 		-0.315 		-0.1164
v 1.1 		-0.3646 		0.0689
v 1.1 		-0.4412 		0.0674
v 1.1 		-0.3158 		-0.1157
v 1.1 		-0.3638 		0.068
v 1.1 		-0.4405 		0.0664
v 1.1 		-0.3165 		-0.1148
v 1.1 		-0.363 		0.0669
v 1.1 		-0.4399 		0.0652
v 1.1 		-0.3172 		-0.1137
v 1.1 		-0.3623 		0.0656
v 1.1 		-0.4393 		0.0638
v 1.1 		-0.3179 		-0.1125
v 1.1 		-0.3616 		0.0642
v 1.1 		-0.3992 		-0.0467
v 1.1 		-0.3184 		-0.1112
v 1.1 		-0.361 		0.0627
v 1.1 		-0.3992 		-0.0514
v 1.1 		-0.319 		-0.1098
v 1.1 		-0.3604 		0.0611
v 1.1 		-0.4388 		0.0622
v 1.1 		-0.3599 		0.0593
v 1.1 		-0.3991 		-0.056
v 1.1 		-0.3195 		-0.1082
v 1.1 		-0.3211 		-0.091
v 1.1 		-0.399 		-0.0604
v 1.1 		-0.3199 		-0.1064
v 1.1 		-0.3211 		-0.0942
v 1.1 		-0.3988 		-0.0646
v 1.1 		-0.3203 		-0.1045
v 1.1 		-0.321 		-0.0971
v 1.1 		-0.3986 		-0.0687
v 1.1 		-0.3206 		-0.1023
v 1.1 		-0.3208 		-0.0998
v 1.1 		-0.3983 		-0.0727
v 1.1 		-0.3594 		0.0573
v 1.1 		-0.398 		-0.0763
v 1.1 		-0.359 		0.0551
v 1.1 		-0.3976 		-0.0799
v 1.1 		-0.3587 		0.0526
v 1.1 		-0.3972 		-0.0832
v 1.1 		-0.3585 		0.0499
v 1.1 		-0.3966 		-0.0864
v 1.1 		-0.3584 		0.047
v 1.1 		-0.4383 		0.0606
v 1.1 		-0.3583 		0.0439
v 1.1 		-0.396 		-0.0894
v 1.1 		-0.3953 		-0.0923
v 1.1 		-0.3583 		-0.0415
v 1.1 		-0.4379 		0.0587
v 1.1 		-0.3584 		-0.0467
v 1.1 		-0.3585 		-0.0517
v 1.1 		-0.3587 		-0.0565
v 1.1 		-0.3946 		-0.0949
v 1.1 		-0.359 		-0.0611
v 1.1 		-0.3938 		-0.0972
v 1.1 		-0.3593 		-0.0655
v 1.1 		-0.3929 		-0.0994
v 1.1 		-0.3597 		-0.0698
v 1.1 		-0.3919 		-0.1014
v 1.1 		-0.3602 		-0.0739
v 1.1 		-0.3908 		-0.1032
v 1.1 		-0.3607 		-0.0777
v 1.1 		-0.3897 		-0.1048
v 1.1 		-0.3613 		-0.0814
v 1.1 		-0.3884 		-0.1062
v 1.1 		-0.362 		-0.0848
v 1.1 		-0.3871 		-0.1073
v 1.1 		-0.3628 		-0.088
v 1.1 		-0.3856 		-0.1082
v 1.1 		-0.3636 		-0.091
v 1.1 		-0.3841 		-0.1088
v 1.1 		-0.3645 		-0.0939
v 1.1 		-0.3824 		-0.1092
v 1.1 		-0.3656 		-0.0965
v 1.1 		-0.3807 		-0.1093
v 1.1 		-0.3667 		-0.0989
v 1.1 		-0.3788 		-0.1092
v 1.1 		-0.3678 		-0.101
v 1.1 		-0.3769 		-0.1088
v 1.1 		-0.3691 		-0.1029
v 1.1 		-0.3752 		-0.1081
v 1.1 		-0.3735 		-0.1072
v 1.1 		-0.3705 		-0.1045
v 1.1 		-0.3719 		-0.106
v 1.25 		-0.3569 		-0.1112
v 1.25 		-0.3516 		-0.1427
v 1.25 		-0.3028 		-0.1427
v 1.25 		-0.3028 		-0.1189
v 1.25 		-0.3049 		-0.1189
v 1.25 		-0.3211 		0.0963
v 1.25 		-0.3765 		0.0963
v 1.25 		-0.3765 		0.0725
v 1.25 		-0.3992 		0.0963
v 1.25 		-0.4535 		0.0963
v 1.25 		-0.4535 		0.0725
v 1.25 		-0.4364 		0.0407
v 1.25 		-0.4364 		-0.0592
v 1.25 		-0.4361 		-0.0735
v 1.25 		-0.4353 		-0.0866
v 1.25 		-0.4339 		-0.0983
v 1.25 		-0.4319 		-0.1087
v 1.25 		-0.4293 		-0.1179
v 1.25 		-0.4262 		-0.1257
v 1.25 		-0.4225 		-0.1322
v 1.25 		-0.4184 		-0.1375
v 1.25 		-0.4138 		-0.1416
v 1.25 		-0.4086 		-0.1445
v 1.25 		-0.403 		-0.1463
v 1.25 		-0.3969 		-0.1469
v 1.25 		-0.395 		-0.1468
v 1.25 		-0.3931 		-0.1467
v 1.25 		-0.3912 		-0.1466
v 1.25 		-0.3894 		-0.1463
v 1.25 		-0.3876 		-0.146
v 1.25 		-0.3858 		-0.1456
v 1.25 		-0.384 		-0.1451
v 1.25 		-0.3822 		-0.1445
v 1.25 		-0.3805 		-0.1438
v 1.25 		-0.3788 		-0.1429
v 1.25 		-0.3771 		-0.1419
v 1.25 		-0.3754 		-0.1408
v 1.25 		-0.3738 		-0.1394
v 1.25 		-0.3722 		-0.1379
v 1.25 		-0.3707 		-0.1361
v 1.25 		-0.3692 		-0.1342
v 1.25 		-0.3677 		-0.1321
v 1.25 		-0.3663 		-0.1299
v 1.25 		-0.3648 		-0.1274
v 1.25 		-0.3634 		-0.1246
v 1.25 		-0.362 		-0.1217
v 1.25 		-0.3607 		-0.1184
v 1.25 		-0.3594 		-0.115
v 1.25 		-0.3061 		-0.1189
v 1.25 		-0.3753 		0.0725
v 1.25 		-0.452 		0.0725
v 1.25 		-0.3072 		-0.1189
v 1.25 		-0.3741 		0.0724
v 1.25 		-0.4506 		0.0723
v 1.25 		-0.4364 		0.0439
v 1.25 		-0.3083 		-0.1188
v 1.25 		-0.3729 		0.0723
v 1.25 		-0.4493 		0.0721
v 1.25 		-0.3582 		-0.1112
v 1.25 		-0.3094 		-0.1187
v 1.25 		-0.3717 		0.0721
v 1.25 		-0.448 		0.0718
v 1.25 		-0.4365 		0.0469
v 1.25 		-0.3104 		-0.1185
v 1.25 		-0.3706 		0.0718
v 1.25 		-0.4469 		0.0714
v 1.25 		-0.4367 		0.0497
v 1.25 		-0.3694 		0.0716
v 1.25 		-0.4458 		0.0709
v 1.25 		-0.4369 		0.0523
v 1.25 		-0.3114 		-0.1183
v 1.25 		-0.3684 		0.0713
v 1.25 		-0.4447 		0.0704
v 1.25 		-0.4372 		0.0546
v 1.25 		-0.3124 		-0.118
v 1.25 		-0.3674 		0.0709
v 1.25 		-0.4438 		0.0698
v 1.25 		-0.4375 		0.0568
v 1.25 		-0.3133 		-0.1176
v 1.25 		-0.3664 		0.0704
v 1.25 		-0.4429 		0.0691
v 1.25 		-0.3142 		-0.1171
v 1.25 		-0.3655 		0.0697
v 1.25 		-0.442 		0.0683
v 1.25 		-0.315 		-0.1164
v 1.25 		-0.3646 		0.0689
v 1.25 		-0.4412 		0.0674
v 1.25 		-0.3158 		-0.1157
v 1.25 		-0.3638 		0.068
v 1.25 		-0.4405 		0.0664
v 1.25 		-0.3165 		-0.1148
v 1.25 		-0.363 		0.0669
v 1.25 		-0.4399 		0.0652
v 1.25 		-0.3172 		-0.1137
v 1.25 		-0.3623 		0.0656
v 1.25 		-0.4393 		0.0638
v 1.25 		-0.3179 		-0.1125
v 1.25 		-0.3616 		0.0642
v 1.25 		-0.3992 		-0.0467
v 1.25 		-0.3184 		-0.1112
v 1.25 		-0.361 		0.0627
v 1.25 		-0.3992 		-0.0514
v 1.25 		-0.319 		-0.1098
v 1.25 		-0.3604 		0.0611
v 1.25 		-0.4388 		0.0622
v 1.25 		-0.3599 		0.0593
v 1.25 		-0.3991 		-0.056
v 1.25 		-0.3195 		-0.1082
v 1.25 		-0.3211 		-0.091
v 1.25 		-0.399 		-0.0604
v 1.25 		-0.3199 		-0.1064
v 1.25 		-0.3211 		-0.0942
v 1.25 		-0.3988 		-0.0646
v 1.25 		-0.3203 		-0.1045
v 1.25 		-0.321 		-0.0971
v 1.25 		-0.3986 		-0.0687
v 1.25 		-0.3206 		-0.1023
v 1.25 		-0.3208 		-0.0998
v 1.25 		-0.3983 		-0.0727
v 1.25 		-0.3594 		0.0573
v 1.25 		-0.398 		-0.0763
v 1.25 		-0.359 		0.0551
v 1.25 		-0.3976 		-0.0799
v 1.25 		-0.3587 		0.0526
v 1.25 		-0.3972 		-0.0832
v 1.25 		-0.3585 		0.0499
v 1.25 		-0.3966 		-0.0864
v 1.25 		-0.3584 		0.047
v 1.25 		-0.4383 		0.0606
v 1.25 		-0.3583 		0.0439
v 1.25 		-0.396 		-0.0894
v 1.25 		-0.3953 		-0.0923
v 1.25 		-0.3583 		-0.0415
v 1.25 		-0.4379 		0.0587
v 1.25 		-0.3584 		-0.0467
v 1.25 		-0.3585 		-0.0517
v 1.25 		-0.3587 		-0.0565
v 1.25 		-0.3946 		-0.0949
v 1.25 		-0.359 		-0.0611
v 1.25 		-0.3938 		-0.0972
v 1.25 		-0.3593 		-0.0655
v 1.25 		-0.3929 		-0.0994
v 1.25 		-0.3597 		-0.0698
v 1.25 		-0.3919 		-0.1014
v 1.25 		-0.3602 		-0.0739
v 1.25 		-0.3908 		-0.1032
v 1.25 		-0.3607 		-0.0777
v 1.25 		-0.3897 		-0.1048
v 1.25 		-0.3613 		-0.0814
v 1.25 		-0.3884 		-0.1062
v 1.25 		-0.362 		-0.0848
v 1.25 		-0.3871 		-0.1073
v 1.25 		-0.3628 		-0.088
v 1.25 		-0.3856 		-0.1082
v 1.25 		-0.3636 		-0.091
v 1.25 		-0.3841 		-0.1088
v 1.25 		-0.3645 		-0.0939
v 1.25 		-0.3824 		-0.1092
v 1.25 		-0.3656 		-0.0965
v 1.25 		-0.3807 		-0.1093
v 1.25 		-0.3667 		-0.0989
v 1.25 		-0.3788 		-0.1092
v 1.25 		-0.3678 		-0.101
v 1.25 		-0.3769 		-0.1088
v 1.25 		-0.3691 		-0.1029
v 1.25 		-0.3752 		-0.1081
v 1.25 		-0.3735 		-0.1072
v 1.25 		-0.3705 		-0.1045
v 1.25 		-0.3719 		-0.106
v 1.1 		-0.2397 		-0.0025
v 1.1 		-0.2309 		-0.002
v 1.1 		-0.2108 		-0.002
v 1.1 		-0.2549 		-0.0064
v 1.1 		-0.2477 		-0.004
v 1.1 		-0.2672 		-0.0143
v 1.1 		-0.2614 		-0.0099
v 1.1 		-0.2763 		-0.0261
v 1.1 		-0.2721 		-0.0197
v 1.1 		-0.2823 		-0.0421
v 1.1 		-0.2797 		-0.0336
v 1.1 		-0.2853 		-0.0623
v 1.1 		-0.2842 		-0.0517
v 1.1 		-0.2476 		-0.0762
v 1.1 		-0.2857 		-0.074
v 1.1 		-0.2475 		-0.0824
v 1.1 		-0.2854 		-0.0858
v 1.1 		-0.2856 		-0.08
v 1.1 		-0.2844 		-0.0967
v 1.1 		-0.285 		-0.0914
v 1.1 		-0.2829 		-0.1064
v 1.1 		-0.2837 		-0.1017
v 1.1 		-0.2806 		-0.1151
v 1.1 		-0.2818 		-0.1109
v 1.1 		-0.2779 		-0.1227
v 1.1 		-0.2793 		-0.119
v 1.1 		-0.2746 		-0.1292
v 1.1 		-0.2763 		-0.1261
v 1.1 		-0.271 		-0.1349
v 1.1 		-0.2728 		-0.1322
v 1.1 		-0.2669 		-0.1394
v 1.1 		-0.269 		-0.1372
v 1.1 		-0.2624 		-0.1427
v 1.1 		-0.2647 		-0.1412
v 1.1 		-0.2576 		-0.145
v 1.1 		-0.26 		-0.144
v 1.1 		-0.2526 		-0.1464
v 1.1 		-0.2551 		-0.1458
v 1.1 		-0.2473 		-0.1469
v 1.1 		-0.2499 		-0.1468
v 1.1 		-0.2429 		-0.1467
v 1.1 		-0.245 		-0.1468
v 1.1 		-0.2389 		-0.146
v 1.1 		-0.2408 		-0.1464
v 1.1 		-0.2353 		-0.145
v 1.1 		-0.237 		-0.1455
v 1.1 		-0.232 		-0.1433
v 1.1 		-0.2336 		-0.1442
v 1.1 		-0.2289 		-0.1412
v 1.1 		-0.2304 		-0.1423
v 1.1 		-0.2261 		-0.1389
v 1.1 		-0.2275 		-0.1401
v 1.1 		-0.2235 		-0.1356
v 1.1 		-0.2248 		-0.1373
v 1.1 		-0.2209 		-0.1319
v 1.1 		-0.2222 		-0.1338
v 1.1 		-0.2185 		-0.1276
v 1.1 		-0.2197 		-0.1298
v 1.1 		-0.2161 		-0.123
v 1.1 		-0.2173 		-0.1254
v 1.1 		-0.2135 		-0.1179
v 1.1 		-0.2148 		-0.1205
v 1.1 		-0.2108 		-0.1122
v 1.1 		-0.2122 		-0.1151
v 1.1 		-0.1581 		-0.1427
v 1.1 		-0.2035 		-0.1427
v 1.1 		-0.2087 		-0.1122
v 1.1 		-0.1589 		-0.1189
v 1.1 		-0.1581 		-0.1189
v 1.1 		-0.1737 		0.033
v 1.1 		-0.1736 		0.0263
v 1.1 		-0.1736 		-0.0875
v 1.1 		-0.1744 		0.0455
v 1.1 		-0.174 		0.0395
v 1.1 		-0.1759 		0.0566
v 1.1 		-0.1751 		0.0512
v 1.1 		-0.1781 		0.0663
v 1.1 		-0.1769 		0.0616
v 1.1 		-0.1809 		0.0747
v 1.1 		-0.1794 		0.0706
v 1.1 		-0.1844 		0.0819
v 1.1 		-0.1826 		0.0784
v 1.1 		-0.1887 		0.0878
v 1.1 		-0.1864 		0.085
v 1.1 		-0.1937 		0.0926
v 1.1 		-0.1911 		0.0903
v 1.1 		-0.1994 		0.0964
v 1.1 		-0.1965 		0.0946
v 1.1 		-0.2058 		0.0992
v 1.1 		-0.2025 		0.0979
v 1.1 		-0.213 		0.101
v 1.1 		-0.2093 		0.1002
v 1.1 		-0.2209 		0.102
v 1.1 		-0.2168 		0.1016
v 1.1 		-0.2285 		0.102
v 1.1 		-0.2251 		0.1021
v 1.1 		-0.2351 		0.1014
v 1.1 		-0.2319 		0.1018
v 1.1 		-0.2415 		0.1003
v 1.1 		-0.2384 		0.1009
v 1.1 		-0.2476 		0.0986
v 1.1 		-0.2446 		0.0995
v 1.1 		-0.2532 		0.0962
v 1.1 		-0.2505 		0.0975
v 1.1 		-0.2583 		0.0932
v 1.1 		-0.2558 		0.0948
v 1.1 		-0.2629 		0.0896
v 1.1 		-0.2607 		0.0915
v 1.1 		-0.2668 		0.0852
v 1.1 		-0.2649 		0.0875
v 1.1 		-0.27 		0.0801
v 1.1 		-0.2685 		0.0828
v 1.1 		-0.2727 		0.0743
v 1.1 		-0.2714 		0.0773
v 1.1 		-0.2745 		0.0678
v 1.1 		-0.2737 		0.0712
v 1.1 		-0.2754 		0.0604
v 1.1 		-0.275 		0.0642
v 1.1 		-0.2752 		0.0513
v 1.1 		-0.2755 		0.0565
v 1.1 		-0.2734 		0.0425
v 1.1 		-0.2746 		0.0466
v 1.1 		-0.2697 		0.0358
v 1.1 		-0.2718 		0.0389
v 1.1 		-0.2642 		0.0313
v 1.1 		-0.2672 		0.0333
v 1.1 		-0.2568 		0.0283
v 1.1 		-0.2607 		0.0296
v 1.1 		-0.2476 		0.0268
v 1.1 		-0.2525 		0.0273
v 1.1 		-0.2423 		0.03
v 1.1 		-0.2423 		0.0266
v 1.1 		-0.2476 		-0.0721
v 1.1 		-0.2473 		-0.088
v 1.1 		-0.1603 		-0.1189
v 1.1 		-0.2423 		0.0333
v 1.1 		-0.2468 		-0.0931
v 1.1 		-0.1615 		-0.1188
v 1.1 		-0.2475 		-0.0682
v 1.1 		-0.2462 		-0.0976
v 1.1 		-0.1736 		-0.0905
v 1.1 		-0.2422 		0.0365
v 1.1 		-0.2473 		-0.0645
v 1.1 		-0.2454 		-0.1016
v 1.1 		-0.1627 		-0.1186
v 1.1 		-0.1735 		-0.0933
v 1.1 		-0.2471 		-0.0609
v 1.1 		-0.2444 		-0.1051
v 1.1 		-0.1638 		-0.1184
v 1.1 		-0.242 		0.0397
v 1.1 		-0.2468 		-0.0576
v 1.1 		-0.2432 		-0.1081
v 1.1 		-0.1648 		-0.118
v 1.1 		-0.2418 		0.0428
v 1.1 		-0.2464 		-0.0544
v 1.1 		-0.2418 		-0.1105
v 1.1 		-0.1658 		-0.1177
v 1.1 		-0.2416 		0.0459
v 1.1 		-0.2459 		-0.0514
v 1.1 		-0.2401 		-0.1124
v 1.1 		-0.1668 		-0.1171
v 1.1 		-0.2413 		0.0487
v 1.1 		-0.2454 		-0.0487
v 1.1 		-0.1677 		-0.1164
v 1.1 		-0.2409 		0.0514
v 1.1 		-0.2447 		-0.046
v 1.1 		-0.2383 		-0.1137
v 1.1 		-0.1685 		-0.1156
v 1.1 		-0.2405 		0.054
v 1.1 		-0.244 		-0.0435
v 1.1 		-0.2362 		-0.1145
v 1.1 		-0.1692 		-0.1147
v 1.1 		-0.24 		0.0564
v 1.1 		-0.2431 		-0.0412
v 1.1 		-0.2339 		-0.1148
v 1.1 		-0.1698 		-0.1136
v 1.1 		-0.2394 		0.0588
v 1.1 		-0.2422 		-0.0389
v 1.1 		-0.2321 		-0.1147
v 1.1 		-0.1704 		-0.1125
v 1.1 		-0.2388 		0.061
v 1.1 		-0.2411 		-0.0369
v 1.1 		-0.2305 		-0.1143
v 1.1 		-0.171 		-0.1113
v 1.1 		-0.2382 		0.063
v 1.1 		-0.2399 		-0.035
v 1.1 		-0.2288 		-0.1138
v 1.1 		-0.2375 		0.0649
v 1.1 		-0.2386 		-0.0332
v 1.1 		-0.2273 		-0.113
v 1.1 		-0.1715 		-0.1099
v 1.1 		-0.2367 		0.0667
v 1.1 		-0.2258 		-0.1121
v 1.1 		-0.1719 		-0.1083
v 1.1 		-0.2358 		0.0682
v 1.1 		-0.2372 		-0.0317
v 1.1 		-0.2244 		-0.1109
v 1.1 		-0.1723 		-0.1067
v 1.1 		-0.2349 		0.0697
v 1.1 		-0.2357 		-0.0302
v 1.1 		-0.223 		-0.1094
v 1.1 		-0.1726 		-0.1048
v 1.1 		-0.2339 		0.0709
v 1.1 		-0.234 		-0.029
v 1.1 		-0.2217 		-0.1078
v 1.1 		-0.1729 		-0.1029
v 1.1 		-0.2328 		0.0721
v 1.1 		-0.2323 		-0.0278
v 1.1 		-0.2204 		-0.1059
v 1.1 		-0.1731 		-0.1008
v 1.1 		-0.2316 		0.0731
v 1.1 		-0.2305 		-0.0268
v 1.1 		-0.2193 		-0.1039
v 1.1 		-0.1733 		-0.0984
v 1.1 		-0.2303 		0.0738
v 1.1 		-0.2285 		-0.0261
v 1.1 		-0.2182 		-0.1017
v 1.1 		-0.1734 		-0.096
v 1.1 		-0.2289 		0.0743
v 1.1 		-0.2264 		-0.0256
v 1.1 		-0.2171 		-0.0993
v 1.1 		-0.2275 		0.0747
v 1.1 		-0.2242 		-0.0252
v 1.1 		-0.2162 		-0.0969
v 1.1 		-0.2259 		0.0748
v 1.1 		-0.2219 		-0.0251
v 1.1 		-0.2243 		0.0747
v 1.1 		-0.2108 		-0.0251
v 1.1 		-0.2153 		-0.0942
v 1.1 		-0.2145 		-0.0914
v 1.1 		-0.2229 		0.0743
v 1.1 		-0.2138 		-0.0883
v 1.1 		-0.2215 		0.0738
v 1.1 		-0.2131 		-0.0851
v 1.1 		-0.2202 		0.0731
v 1.1 		-0.2125 		-0.0817
v 1.1 		-0.2191 		0.0721
v 1.1 		-0.212 		-0.0782
v 1.1 		-0.218 		0.0709
v 1.1 		-0.2116 		-0.0745
v 1.1 		-0.217 		0.0695
v 1.1 		-0.2112 		-0.0708
v 1.1 		-0.2161 		0.068
v 1.1 		-0.211 		-0.0668
v 1.1 		-0.2153 		0.0663
v 1.1 		-0.2108 		-0.0628
v 1.1 		-0.2146 		0.0645
v 1.1 		-0.2108 		-0.0585
v 1.1 		-0.2139 		0.0625
v 1.1 		-0.2134 		0.0603
v 1.1 		-0.2129 		0.0579
v 1.1 		-0.2125 		0.0553
v 1.1 		-0.2108 		0.023
v 1.1 		-0.2121 		0.0526
v 1.1 		-0.2108 		0.0267
v 1.1 		-0.2118 		0.0497
v 1.1 		-0.2108 		0.0303
v 1.1 		-0.2115 		0.0467
v 1.1 		-0.2109 		0.0338
v 1.1 		-0.2113 		0.0436
v 1.1 		-0.211 		0.0372
v 1.1 		-0.2111 		0.0404
v 1.25 		-0.2108 		-0.002
v 1.25 		-0.2309 		-0.002
v 1.25 		-0.2397 		-0.0025
v 1.25 		-0.2477 		-0.004
v 1.25 		-0.2549 		-0.0064
v 1.25 		-0.2614 		-0.0099
v 1.25 		-0.2672 		-0.0143
v 1.25 		-0.2721 		-0.0197
v 1.25 		-0.2763 		-0.0261
v 1.25 		-0.2797 		-0.0336
v 1.25 		-0.2823 		-0.0421
v 1.25 		-0.2842 		-0.0517
v 1.25 		-0.2853 		-0.0623
v 1.25 		-0.2857 		-0.074
v 1.25 		-0.2476 		-0.0762
v 1.25 		-0.2475 		-0.0824
v 1.25 		-0.2856 		-0.08
v 1.25 		-0.2854 		-0.0858
v 1.25 		-0.285 		-0.0914
v 1.25 		-0.2844 		-0.0967
v 1.25 		-0.2837 		-0.1017
v 1.25 		-0.2829 		-0.1064
v 1.25 		-0.2818 		-0.1109
v 1.25 		-0.2806 		-0.1151
v 1.25 		-0.2793 		-0.119
v 1.25 		-0.2779 		-0.1227
v 1.25 		-0.2763 		-0.1261
v 1.25 		-0.2746 		-0.1292
v 1.25 		-0.2728 		-0.1322
v 1.25 		-0.271 		-0.1349
v 1.25 		-0.269 		-0.1372
v 1.25 		-0.2669 		-0.1394
v 1.25 		-0.2647 		-0.1412
v 1.25 		-0.2624 		-0.1427
v 1.25 		-0.26 		-0.144
v 1.25 		-0.2576 		-0.145
v 1.25 		-0.2551 		-0.1458
v 1.25 		-0.2526 		-0.1464
v 1.25 		-0.2499 		-0.1468
v 1.25 		-0.2473 		-0.1469
v 1.25 		-0.245 		-0.1468
v 1.25 		-0.2429 		-0.1467
v 1.25 		-0.2408 		-0.1464
v 1.25 		-0.2389 		-0.146
v 1.25 		-0.237 		-0.1455
v 1.25 		-0.2353 		-0.145
v 1.25 		-0.2336 		-0.1442
v 1.25 		-0.232 		-0.1433
v 1.25 		-0.2304 		-0.1423
v 1.25 		-0.2289 		-0.1412
v 1.25 		-0.2275 		-0.1401
v 1.25 		-0.2261 		-0.1389
v 1.25 		-0.2248 		-0.1373
v 1.25 		-0.2235 		-0.1356
v 1.25 		-0.2222 		-0.1338
v 1.25 		-0.2209 		-0.1319
v 1.25 		-0.2197 		-0.1298
v 1.25 		-0.2185 		-0.1276
v 1.25 		-0.2173 		-0.1254
v 1.25 		-0.2161 		-0.123
v 1.25 		-0.2148 		-0.1205
v 1.25 		-0.2135 		-0.1179
v 1.25 		-0.2122 		-0.1151
v 1.25 		-0.2108 		-0.1122
v 1.25 		-0.2087 		-0.1122
v 1.25 		-0.2035 		-0.1427
v 1.25 		-0.1581 		-0.1427
v 1.25 		-0.1581 		-0.1189
v 1.25 		-0.1589 		-0.1189
v 1.25 		-0.1736 		-0.0875
v 1.25 		-0.1736 		0.0263
v 1.25 		-0.1737 		0.033
v 1.25 		-0.174 		0.0395
v 1.25 		-0.1744 		0.0455
v 1.25 		-0.1751 		0.0512
v 1.25 		-0.1759 		0.0566
v 1.25 		-0.1769 		0.0616
v 1.25 		-0.1781 		0.0663
v 1.25 		-0.1794 		0.0706
v 1.25 		-0.1809 		0.0747
v 1.25 		-0.1826 		0.0784
v 1.25 		-0.1844 		0.0819
v 1.25 		-0.1864 		0.085
v 1.25 		-0.1887 		0.0878
v 1.25 		-0.1911 		0.0903
v 1.25 		-0.1937 		0.0926
v 1.25 		-0.1965 		0.0946
v 1.25 		-0.1994 		0.0964
v 1.25 		-0.2025 		0.0979
v 1.25 		-0.2058 		0.0992
v 1.25 		-0.2093 		0.1002
v 1.25 		-0.213 		0.101
v 1.25 		-0.2168 		0.1016
v 1.25 		-0.2209 		0.102
v 1.25 		-0.2251 		0.1021
v 1.25 		-0.2285 		0.102
v 1.25 		-0.2319 		0.1018
v 1.25 		-0.2351 		0.1014
v 1.25 		-0.2384 		0.1009
v 1.25 		-0.2415 		0.1003
v 1.25 		-0.2446 		0.0995
v 1.25 		-0.2476 		0.0986
v 1.25 		-0.2505 		0.0975
v 1.25 		-0.2532 		0.0962
v 1.25 		-0.2558 		0.0948
v 1.25 		-0.2583 		0.0932
v 1.25 		-0.2607 		0.0915
v 1.25 		-0.2629 		0.0896
v 1.25 		-0.2649 		0.0875
v 1.25 		-0.2668 		0.0852
v 1.25 		-0.2685 		0.0828
v 1.25 		-0.27 		0.0801
v 1.25 		-0.2714 		0.0773
v 1.25 		-0.2727 		0.0743
v 1.25 		-0.2737 		0.0712
v 1.25 		-0.2745 		0.0678
v 1.25 		-0.275 		0.0642
v 1.25 		-0.2754 		0.0604
v 1.25 		-0.2755 		0.0565
v 1.25 		-0.2752 		0.0513
v 1.25 		-0.2746 		0.0466
v 1.25 		-0.2734 		0.0425
v 1.25 		-0.2718 		0.0389
v 1.25 		-0.2697 		0.0358
v 1.25 		-0.2672 		0.0333
v 1.25 		-0.2642 		0.0313
v 1.25 		-0.2607 		0.0296
v 1.25 		-0.2568 		0.0283
v 1.25 		-0.2525 		0.0273
v 1.25 		-0.2476 		0.0268
v 1.25 		-0.2423 		0.0266
v 1.25 		-0.2423 		0.03
v 1.25 		-0.2476 		-0.0721
v 1.25 		-0.2473 		-0.088
v 1.25 		-0.1603 		-0.1189
v 1.25 		-0.2423 		0.0333
v 1.25 		-0.2468 		-0.0931
v 1.25 		-0.1615 		-0.1188
v 1.25 		-0.2475 		-0.0682
v 1.25 		-0.2462 		-0.0976
v 1.25 		-0.1736 		-0.0905
v 1.25 		-0.2422 		0.0365
v 1.25 		-0.2473 		-0.0645
v 1.25 		-0.2454 		-0.1016
v 1.25 		-0.1627 		-0.1186
v 1.25 		-0.1735 		-0.0933
v 1.25 		-0.2471 		-0.0609
v 1.25 		-0.2444 		-0.1051
v 1.25 		-0.1638 		-0.1184
v 1.25 		-0.242 		0.0397
v 1.25 		-0.2468 		-0.0576
v 1.25 		-0.2432 		-0.1081
v 1.25 		-0.1648 		-0.118
v 1.25 		-0.2418 		0.0428
v 1.25 		-0.2464 		-0.0544
v 1.25 		-0.2418 		-0.1105
v 1.25 		-0.1658 		-0.1177
v 1.25 		-0.2416 		0.0459
v 1.25 		-0.2459 		-0.0514
v 1.25 		-0.2401 		-0.1124
v 1.25 		-0.1668 		-0.1171
v 1.25 		-0.2413 		0.0487
v 1.25 		-0.2454 		-0.0487
v 1.25 		-0.1677 		-0.1164
v 1.25 		-0.2409 		0.0514
v 1.25 		-0.2447 		-0.046
v 1.25 		-0.2383 		-0.1137
v 1.25 		-0.1685 		-0.1156
v 1.25 		-0.2405 		0.054
v 1.25 		-0.244 		-0.0435
v 1.25 		-0.2362 		-0.1145
v 1.25 		-0.1692 		-0.1147
v 1.25 		-0.24 		0.0564
v 1.25 		-0.2431 		-0.0412
v 1.25 		-0.2339 		-0.1148
v 1.25 		-0.1698 		-0.1136
v 1.25 		-0.2394 		0.0588
v 1.25 		-0.2422 		-0.0389
v 1.25 		-0.2321 		-0.1147
v 1.25 		-0.1704 		-0.1125
v 1.25 		-0.2388 		0.061
v 1.25 		-0.2411 		-0.0369
v 1.25 		-0.2305 		-0.1143
v 1.25 		-0.171 		-0.1113
v 1.25 		-0.2382 		0.063
v 1.25 		-0.2399 		-0.035
v 1.25 		-0.2288 		-0.1138
v 1.25 		-0.2375 		0.0649
v 1.25 		-0.2386 		-0.0332
v 1.25 		-0.2273 		-0.113
v 1.25 		-0.1715 		-0.1099
v 1.25 		-0.2367 		0.0667
v 1.25 		-0.2258 		-0.1121
v 1.25 		-0.1719 		-0.1083
v 1.25 		-0.2358 		0.0682
v 1.25 		-0.2372 		-0.0317
v 1.25 		-0.2244 		-0.1109
v 1.25 		-0.1723 		-0.1067
v 1.25 		-0.2349 		0.0697
v 1.25 		-0.2357 		-0.0302
v 1.25 		-0.223 		-0.1094
v 1.25 		-0.1726 		-0.1048
v 1.25 		-0.2339 		0.0709
v 1.25 		-0.234 		-0.029
v 1.25 		-0.2217 		-0.1078
v 1.25 		-0.1729 		-0.1029
v 1.25 		-0.2328 		0.0721
v 1.25 		-0.2323 		-0.0278
v 1.25 		-0.2204 		-0.1059
v 1.25 		-0.1731 		-0.1008
v 1.25 		-0.2316 		0.0731
v 1.25 		-0.2305 		-0.0268
v 1.25 		-0.2193 		-0.1039
v 1.25 		-0.1733 		-0.0984
v 1.25 		-0.2303 		0.0738
v 1.25 		-0.2285 		-0.0261
v 1.25 		-0.2182 		-0.1017
v 1.25 		-0.1734 		-0.096
v 1.25 		-0.2289 		0.0743
v 1.25 		-0.2264 		-0.0256
v 1.25 		-0.2171 		-0.0993
v 1.25 		-0.2275 		0.0747
v 1.25 		-0.2242 		-0.0252
v 1.25 		-0.2162 		-0.0969
v 1.25 		-0.2259 		0.0748
v 1.25 		-0.2219 		-0.0251
v 1.25 		-0.2243 		0.0747
v 1.25 		-0.2108 		-0.0251
v 1.25 		-0.2153 		-0.0942
v 1.25 		-0.2145 		-0.0914
v 1.25 		-0.2229 		0.0743
v 1.25 		-0.2138 		-0.0883
v 1.25 		-0.2215 		0.0738
v 1.25 		-0.2131 		-0.0851
v 1.25 		-0.2202 		0.0731
v 1.25 		-0.2125 		-0.0817
v 1.25 		-0.2191 		0.0721
v 1.25 		-0.212 		-0.0782
v 1.25 		-0.218 		0.0709
v 1.25 		-0.2116 		-0.0745
v 1.25 		-0.217 		0.0695
v 1.25 		-0.2112 		-0.0708
v 1.25 		-0.2161 		0.068
v 1.25 		-0.211 		-0.0668
v 1.25 		-0.2153 		0.0663
v 1.25 		-0.2108 		-0.0628
v 1.25 		-0.2146 		0.0645
v 1.25 		-0.2108 		-0.0585
v 1.25 		-0.2139 		0.0625
v 1.25 		-0.2134 		0.0603
v 1.25 		-0.2129 		0.0579
v 1.25 		-0.2125 		0.0553
v 1.25 		-0.2108 		0.023
v 1.25 		-0.2121 		0.0526
v 1.25 		-0.2108 		0.0267
v 1.25 		-0.2118 		0.0497
v 1.25 		-0.2108 		0.0303
v 1.25 		-0.2115 		0.0467
v 1.25 		-0.2109 		0.0338
v 1.25 		-0.2113 		0.0436
v 1.25 		-0.211 		0.0372
v 1.25 		-0.2111 		0.0404
v 1.1 		0.0066 		-0.1189
v 1.1 		0.0066 		-0.1427
v 1.1 		-0.0474 		-0.1427
v 1.1 		-0.0102 		0.0233
v 1.1 		-0.0102 		0.016
v 1.1 		-0.0102 		-0.0875
v 1.1 		-0.0109 		0.0369
v 1.1 		-0.0105 		0.0303
v 1.1 		-0.0121 		0.0492
v 1.1 		-0.0114 		0.0433
v 1.1 		-0.014 		0.0601
v 1.1 		-0.013 		0.0549
v 1.1 		-0.0164 		0.0695
v 1.1 		-0.0151 		0.065
v 1.1 		-0.0193 		0.0778
v 1.1 		-0.0178 		0.0738
v 1.1 		-0.0227 		0.0848
v 1.1 		-0.0209 		0.0815
v 1.1 		-0.0267 		0.0905
v 1.1 		-0.0247 		0.0878
v 1.1 		-0.0312 		0.0951
v 1.1 		-0.0289 		0.0929
v 1.1 		-0.0362 		0.0985
v 1.1 		-0.0336 		0.0969
v 1.1 		-0.0417 		0.1008
v 1.1 		-0.0389 		0.0998
v 1.1 		-0.0476 		0.1019
v 1.1 		-0.0446 		0.1015
v 1.1 		-0.0526 		0.102
v 1.1 		-0.0507 		0.1021
v 1.1 		-0.0563 		0.1018
v 1.1 		-0.0544 		0.1019
v 1.1 		-0.0599 		0.1012
v 1.1 		-0.0581 		0.1015
v 1.1 		-0.0633 		0.1004
v 1.1 		-0.0616 		0.1008
v 1.1 		-0.0667 		0.099
v 1.1 		-0.065 		0.0998
v 1.1 		-0.0699 		0.097
v 1.1 		-0.0683 		0.0981
v 1.1 		-0.073 		0.0943
v 1.1 		-0.0715 		0.0956
v 1.1 		-0.076 		0.0909
v 1.1 		-0.0745 		0.0927
v 1.1 		-0.0789 		0.0868
v 1.1 		-0.0775 		0.0889
v 1.1 		-0.0817 		0.0818
v 1.1 		-0.0803 		0.0844
v 1.1 		-0.0843 		0.0757
v 1.1 		-0.083 		0.0789
v 1.1 		-0.0868 		0.0683
v 1.1 		-0.0856 		0.0721
v 1.1 		-0.1436 		0.0963
v 1.1 		-0.0925 		0.0963
v 1.1 		-0.0893 		0.0642
v 1.1 		-0.1422 		0.0725
v 1.1 		-0.1436 		0.0725
v 1.1 		-0.1351 		0.0709
v 1.1 		-0.1362 		0.0712
v 1.1 		-0.1373 		0.0716
v 1.1 		-0.145 		-0.1427
v 1.1 		-0.145 		-0.1189
v 1.1 		-0.1447 		-0.1189
v 1.1 		-0.0701 		-0.1189
v 1.1 		-0.0701 		-0.1427
v 1.1 		0.0052 		-0.1189
v 1.1 		-0.1409 		0.0724
v 1.1 		-0.1433 		-0.1189
v 1.1 		-0.0715 		-0.1189
v 1.1 		0.0039 		-0.1188
v 1.1 		-0.1396 		0.0722
v 1.1 		-0.1419 		-0.1188
v 1.1 		-0.0728 		-0.1188
v 1.1 		0.0026 		-0.1187
v 1.1 		-0.0101 		-0.0909
v 1.1 		-0.0881 		0.0642
v 1.1 		-0.1406 		-0.1187
v 1.1 		-0.0741 		-0.1187
v 1.1 		0.0014 		-0.1185
v 1.1 		-0.0101 		-0.094
v 1.1 		-0.1384 		0.0719
v 1.1 		-0.1393 		-0.1185
v 1.1 		-0.0754 		-0.1185
v 1.1 		0.0003 		-0.1183
v 1.1 		-0.1381 		-0.1183
v 1.1 		-0.0765 		-0.1183
v 1.1 		-0.0008 		-0.118
v 1.1 		-0.1369 		-0.118
v 1.1 		-0.0777 		-0.118
v 1.1 		-0.0019 		-0.1176
v 1.1 		-0.1341 		0.0704
v 1.1 		-0.1358 		-0.1176
v 1.1 		-0.0788 		-0.1176
v 1.1 		-0.0028 		-0.1171
v 1.1 		-0.1331 		0.0698
v 1.1 		-0.1348 		-0.1171
v 1.1 		-0.0798 		-0.1171
v 1.1 		-0.0037 		-0.1164
v 1.1 		-0.1321 		0.0691
v 1.1 		-0.1337 		-0.1164
v 1.1 		-0.0808 		-0.1165
v 1.1 		-0.0046 		-0.1157
v 1.1 		-0.1312 		0.0683
v 1.1 		-0.1328 		-0.1157
v 1.1 		-0.0818 		-0.1158
v 1.1 		-0.0054 		-0.1148
v 1.1 		-0.1304 		0.0674
v 1.1 		-0.1318 		-0.1148
v 1.1 		-0.0827 		-0.115
v 1.1 		-0.0061 		-0.1138
v 1.1 		-0.1297 		0.0662
v 1.1 		-0.1309 		-0.1138
v 1.1 		-0.0835 		-0.1141
v 1.1 		-0.0068 		-0.1125
v 1.1 		-0.129 		0.065
v 1.1 		-0.1301 		-0.1126
v 1.1 		-0.0842 		-0.113
v 1.1 		-0.0074 		-0.1112
v 1.1 		-0.1284 		0.0635
v 1.1 		-0.1294 		-0.1113
v 1.1 		-0.0849 		-0.1117
v 1.1 		-0.008 		-0.1096
v 1.1 		-0.0474 		0.0038
v 1.1 		-0.1278 		0.062
v 1.1 		-0.1287 		-0.1099
v 1.1 		-0.0474 		0.0085
v 1.1 		-0.1273 		0.0602
v 1.1 		-0.1281 		-0.1082
v 1.1 		-0.0475 		0.0131
v 1.1 		-0.1269 		0.0584
v 1.1 		-0.1275 		-0.1064
v 1.1 		-0.0476 		0.0174
v 1.1 		-0.1264 		0.0564
v 1.1 		-0.127 		-0.1045
v 1.1 		-0.0478 		0.0216
v 1.1 		-0.1261 		0.0543
v 1.1 		-0.1266 		-0.1023
v 1.1 		-0.0085 		-0.1079
v 1.1 		-0.1258 		0.0519
v 1.1 		-0.1262 		-0.1
v 1.1 		-0.0481 		0.0256
v 1.1 		-0.1256 		0.0492
v 1.1 		-0.1259 		-0.0974
v 1.1 		-0.0484 		0.0295
v 1.1 		-0.1255 		0.0464
v 1.1 		-0.1256 		-0.0946
v 1.1 		-0.0488 		0.0331
v 1.1 		-0.1255 		0.0433
v 1.1 		-0.1255 		-0.0916
v 1.1 		-0.0493 		0.0365
v 1.1 		-0.1255 		-0.0884
v 1.1 		-0.0498 		0.0398
v 1.1 		-0.0855 		-0.1103
v 1.1 		-0.0504 		0.0428
v 1.1 		-0.0861 		-0.1087
v 1.1 		-0.051 		0.0455
v 1.1 		-0.0866 		-0.107
v 1.1 		-0.0089 		-0.1061
v 1.1 		-0.087 		-0.1051
v 1.1 		-0.0093 		-0.1042
v 1.1 		-0.0874 		-0.1032
v 1.1 		-0.0096 		-0.102
v 1.1 		-0.0877 		-0.101
v 1.1 		-0.0098 		-0.0996
v 1.1 		-0.088 		-0.0986
v 1.1 		-0.0518 		0.0481
v 1.1 		-0.0881 		-0.096
v 1.1 		-0.0099 		-0.0969
v 1.1 		-0.0882 		-0.0931
v 1.1 		-0.0883 		-0.09
v 1.1 		-0.0883 		-0.0052
v 1.1 		-0.0526 		0.0506
v 1.1 		-0.0882 		-0.0007
v 1.1 		-0.0535 		0.0529
v 1.1 		-0.0881 		0.0038
v 1.1 		-0.0545 		0.0549
v 1.1 		-0.088 		0.0083
v 1.1 		-0.0555 		0.0568
v 1.1 		-0.0878 		0.0126
v 1.1 		-0.0567 		0.0585
v 1.1 		-0.0875 		0.0169
v 1.1 		-0.0579 		0.06
v 1.1 		-0.0872 		0.0211
v 1.1 		-0.0592 		0.0612
v 1.1 		-0.0868 		0.0252
v 1.1 		-0.0606 		0.0621
v 1.1 		-0.0863 		0.0291
v 1.1 		-0.0621 		0.0629
v 1.1 		-0.0858 		0.0328
v 1.1 		-0.0637 		0.0634
v 1.1 		-0.0653 		0.0637
v 1.1 		-0.0852 		0.0364
v 1.1 		-0.0845 		0.0398
v 1.1 		-0.0671 		0.0638
v 1.1 		-0.0837 		0.043
v 1.1 		-0.069 		0.0637
v 1.1 		-0.0828 		0.0461
v 1.1 		-0.0709 		0.0632
v 1.1 		-0.0819 		0.0489
v 1.1 		-0.0726 		0.0624
v 1.1 		-0.0808 		0.0516
v 1.1 		-0.0742 		0.0613
v 1.1 		-0.0797 		0.054
v 1.1 		-0.0757 		0.0598
v 1.1 		-0.0785 		0.0561
v 1.1 		-0.0772 		0.0581
v 1.25 		-0.0474 		-0.1427
v 1.25 		0.0066 		-0.1427
v 1.25 		0.0066 		-0.1189
v 1.25 		-0.0102 		-0.0875
v 1.25 		-0.0102 		0.016
v 1.25 		-0.0102 		0.0233
v 1.25 		-0.0105 		0.0303
v 1.25 		-0.0109 		0.0369
v 1.25 		-0.0114 		0.0433
v 1.25 		-0.0121 		0.0492
v 1.25 		-0.013 		0.0549
v 1.25 		-0.014 		0.0601
v 1.25 		-0.0151 		0.065
v 1.25 		-0.0164 		0.0695
v 1.25 		-0.0178 		0.0738
v 1.25 		-0.0193 		0.0778
v 1.25 		-0.0209 		0.0815
v 1.25 		-0.0227 		0.0848
v 1.25 		-0.0247 		0.0878
v 1.25 		-0.0267 		0.0905
v 1.25 		-0.0289 		0.0929
v 1.25 		-0.0312 		0.0951
v 1.25 		-0.0336 		0.0969
v 1.25 		-0.0362 		0.0985
v 1.25 		-0.0389 		0.0998
v 1.25 		-0.0417 		0.1008
v 1.25 		-0.0446 		0.1015
v 1.25 		-0.0476 		0.1019
v 1.25 		-0.0507 		0.1021
v 1.25 		-0.0526 		0.102
v 1.25 		-0.0544 		0.1019
v 1.25 		-0.0563 		0.1018
v 1.25 		-0.0581 		0.1015
v 1.25 		-0.0599 		0.1012
v 1.25 		-0.0616 		0.1008
v 1.25 		-0.0633 		0.1004
v 1.25 		-0.065 		0.0998
v 1.25 		-0.0667 		0.099
v 1.25 		-0.0683 		0.0981
v 1.25 		-0.0699 		0.097
v 1.25 		-0.0715 		0.0956
v 1.25 		-0.073 		0.0943
v 1.25 		-0.0745 		0.0927
v 1.25 		-0.076 		0.0909
v 1.25 		-0.0775 		0.0889
v 1.25 		-0.0789 		0.0868
v 1.25 		-0.0803 		0.0844
v 1.25 		-0.0817 		0.0818
v 1.25 		-0.083 		0.0789
v 1.25 		-0.0843 		0.0757
v 1.25 		-0.0856 		0.0721
v 1.25 		-0.0868 		0.0683
v 1.25 		-0.0893 		0.0642
v 1.25 		-0.0925 		0.0963
v 1.25 		-0.1436 		0.0963
v 1.25 		-0.1436 		0.0725
v 1.25 		-0.1422 		0.0725
v 1.25 		-0.1373 		0.0716
v 1.25 		-0.1362 		0.0712
v 1.25 		-0.1351 		0.0709
v 1.25 		-0.1447 		-0.1189
v 1.25 		-0.145 		-0.1189
v 1.25 		-0.145 		-0.1427
v 1.25 		-0.0701 		-0.1427
v 1.25 		-0.0701 		-0.1189
v 1.25 		0.0052 		-0.1189
v 1.25 		-0.1409 		0.0724
v 1.25 		-0.1433 		-0.1189
v 1.25 		-0.0715 		-0.1189
v 1.25 		0.0039 		-0.1188
v 1.25 		-0.1396 		0.0722
v 1.25 		-0.1419 		-0.1188
v 1.25 		-0.0728 		-0.1188
v 1.25 		0.0026 		-0.1187
v 1.25 		-0.0101 		-0.0909
v 1.25 		-0.0881 		0.0642
v 1.25 		-0.1406 		-0.1187
v 1.25 		-0.0741 		-0.1187
v 1.25 		0.0014 		-0.1185
v 1.25 		-0.0101 		-0.094
v 1.25 		-0.1384 		0.0719
v 1.25 		-0.1393 		-0.1185
v 1.25 		-0.0754 		-0.1185
v 1.25 		0.0003 		-0.1183
v 1.25 		-0.1381 		-0.1183
v 1.25 		-0.0765 		-0.1183
v 1.25 		-0.0008 		-0.118
v 1.25 		-0.1369 		-0.118
v 1.25 		-0.0777 		-0.118
v 1.25 		-0.0019 		-0.1176
v 1.25 		-0.1341 		0.0704
v 1.25 		-0.1358 		-0.1176
v 1.25 		-0.0788 		-0.1176
v 1.25 		-0.0028 		-0.1171
v 1.25 		-0.1331 		0.0698
v 1.25 		-0.1348 		-0.1171
v 1.25 		-0.0798 		-0.1171
v 1.25 		-0.0037 		-0.1164
v 1.25 		-0.1321 		0.0691
v 1.25 		-0.1337 		-0.1164
v 1.25 		-0.0808 		-0.1165
v 1.25 		-0.0046 		-0.1157
v 1.25 		-0.1312 		0.0683
v 1.25 		-0.1328 		-0.1157
v 1.25 		-0.0818 		-0.1158
v 1.25 		-0.0054 		-0.1148
v 1.25 		-0.1304 		0.0674
v 1.25 		-0.1318 		-0.1148
v 1.25 		-0.0827 		-0.115
v 1.25 		-0.0061 		-0.1138
v 1.25 		-0.1297 		0.0662
v 1.25 		-0.1309 		-0.1138
v 1.25 		-0.0835 		-0.1141
v 1.25 		-0.0068 		-0.1125
v 1.25 		-0.129 		0.065
v 1.25 		-0.1301 		-0.1126
v 1.25 		-0.0842 		-0.113
v 1.25 		-0.0074 		-0.1112
v 1.25 		-0.1284 		0.0635
v 1.25 		-0.1294 		-0.1113
v 1.25 		-0.0849 		-0.1117
v 1.25 		-0.008 		-0.1096
v 1.25 		-0.0474 		0.0038
v 1.25 		-0.1278 		0.062
v 1.25 		-0.1287 		-0.1099
v 1.25 		-0.0474 		0.0085
v 1.25 		-0.1273 		0.0602
v 1.25 		-0.1281 		-0.1082
v 1.25 		-0.0475 		0.0131
v 1.25 		-0.1269 		0.0584
v 1.25 		-0.1275 		-0.1064
v 1.25 		-0.0476 		0.0174
v 1.25 		-0.1264 		0.0564
v 1.25 		-0.127 		-0.1045
v 1.25 		-0.0478 		0.0216
v 1.25 		-0.1261 		0.0543
v 1.25 		-0.1266 		-0.1023
v 1.25 		-0.0085 		-0.1079
v 1.25 		-0.1258 		0.0519
v 1.25 		-0.1262 		-0.1
v 1.25 		-0.0481 		0.0256
v 1.25 		-0.1256 		0.0492
v 1.25 		-0.1259 		-0.0974
v 1.25 		-0.0484 		0.0295
v 1.25 		-0.1255 		0.0464
v 1.25 		-0.1256 		-0.0946
v 1.25 		-0.0488 		0.0331
v 1.25 		-0.1255 		0.0433
v 1.25 		-0.1255 		-0.0916
v 1.25 		-0.0493 		0.0365
v 1.25 		-0.1255 		-0.0884
v 1.25 		-0.0498 		0.0398
v 1.25 		-0.0855 		-0.1103
v 1.25 		-0.0504 		0.0428
v 1.25 		-0.0861 		-0.1087
v 1.25 		-0.051 		0.0455
v 1.25 		-0.0866 		-0.107
v 1.25 		-0.0089 		-0.1061
v 1.25 		-0.087 		-0.1051
v 1.25 		-0.0093 		-0.1042
v 1.25 		-0.0874 		-0.1032
v 1.25 		-0.0096 		-0.102
v 1.25 		-0.0877 		-0.101
v 1.25 		-0.0098 		-0.0996
v 1.25 		-0.088 		-0.0986
v 1.25 		-0.0518 		0.0481
v 1.25 		-0.0881 		-0.096
v 1.25 		-0.0099 		-0.0969
v 1.25 		-0.0882 		-0.0931
v 1.25 		-0.0883 		-0.09
v 1.25 		-0.0883 		-0.0052
v 1.25 		-0.0526 		0.0506
v 1.25 		-0.0882 		-0.0007
v 1.25 		-0.0535 		0.0529
v 1.25 		-0.0881 		0.0038
v 1.25 		-0.0545 		0.0549
v 1.25 		-0.088 		0.0083
v 1.25 		-0.0555 		0.0568
v 1.25 		-0.0878 		0.0126
v 1.25 		-0.0567 		0.0585
v 1.25 		-0.0875 		0.0169
v 1.25 		-0.0579 		0.06
v 1.25 		-0.0872 		0.0211
v 1.25 		-0.0592 		0.0612
v 1.25 		-0.0868 		0.0252
v 1.25 		-0.0606 		0.0621
v 1.25 		-0.0863 		0.0291
v 1.25 		-0.0621 		0.0629
v 1.25 		-0.0858 		0.0328
v 1.25 		-0.0637 		0.0634
v 1.25 		-0.0653 		0.0637
v 1.25 		-0.0852 		0.0364
v 1.25 		-0.0845 		0.0398
v 1.25 		-0.0671 		0.0638
v 1.25 		-0.0837 		0.043
v 1.25 		-0.069 		0.0637
v 1.25 		-0.0828 		0.0461
v 1.25 		-0.0709 		0.0632
v 1.25 		-0.0819 		0.0489
v 1.25 		-0.0726 		0.0624
v 1.25 		-0.0808 		0.0516
v 1.25 		-0.0742 		0.0613
v 1.25 		-0.0797 		0.054
v 1.25 		-0.0757 		0.0598
v 1.25 		-0.0785 		0.0561
v 1.25 		-0.0772 		0.0581
v 1.1 		0.1513 		-0.0025
v 1.1 		0.1517 		-0.0123
v 1.1 		0.1518 		-0.0226
v 1.1 		0.1499 		0.0158
v 1.1 		0.1507 		0.0069
v 1.1 		0.1474 		0.0324
v 1.1 		0.1488 		0.0243
v 1.1 		0.1441 		0.0471
v 1.1 		0.1459 		0.04
v 1.1 		0.1399 		0.0601
v 1.1 		0.1421 		0.0538
v 1.1 		0.1349 		0.0712
v 1.1 		0.1375 		0.0659
v 1.1 		0.129 		0.0807
v 1.1 		0.1321 		0.0762
v 1.1 		0.1224 		0.0884
v 1.1 		0.1258 		0.0847
v 1.1 		0.115 		0.0944
v 1.1 		0.1188 		0.0916
v 1.1 		0.1069 		0.0986
v 1.1 		0.111 		0.0967
v 1.1 		0.0981 		0.1012
v 1.1 		0.1026 		0.1001
v 1.1 		0.0886 		0.1021
v 1.1 		0.0934 		0.1019
v 1.1 		0.0692 		0.0986
v 1.1 		0.0785 		0.1012
v 1.1 		0.0533 		0.0884
v 1.1 		0.0608 		0.0944
v 1.1 		0.0408 		0.0712
v 1.1 		0.0466 		0.0807
v 1.1 		0.0319 		0.0471
v 1.1 		0.0359 		0.0601
v 1.1 		0.0265 		0.0158
v 1.1 		0.0287 		0.0324
v 1.1 		0.0247 		-0.0226
v 1.1 		0.0252 		-0.0025
v 1.1 		0.0629 		-0.0147
v 1.1 		0.0628 		-0.0226
v 1.1 		0.0629 		-0.0303
v 1.1 		0.0252 		-0.0425
v 1.1 		0.0249 		-0.0327
v 1.1 		0.0266 		-0.0608
v 1.1 		0.0258 		-0.0519
v 1.1 		0.029 		-0.0775
v 1.1 		0.0277 		-0.0694
v 1.1 		0.0323 		-0.0922
v 1.1 		0.0305 		-0.0851
v 1.1 		0.0365 		-0.1052
v 1.1 		0.0343 		-0.0989
v 1.1 		0.0415 		-0.1164
v 1.1 		0.0389 		-0.111
v 1.1 		0.0474 		-0.1258
v 1.1 		0.0443 		-0.1213
v 1.1 		0.054 		-0.1335
v 1.1 		0.0506 		-0.1299
v 1.1 		0.0614 		-0.1395
v 1.1 		0.0576 		-0.1367
v 1.1 		0.0696 		-0.1438
v 1.1 		0.0654 		-0.1419
v 1.1 		0.0784 		-0.1463
v 1.1 		0.0739 		-0.1453
v 1.1 		0.0878 		-0.1472
v 1.1 		0.083 		-0.147
v 1.1 		0.1072 		-0.1438
v 1.1 		0.0979 		-0.1463
v 1.1 		0.1231 		-0.1335
v 1.1 		0.1156 		-0.1395
v 1.1 		0.1356 		-0.1164
v 1.1 		0.1298 		-0.1258
v 1.1 		0.1446 		-0.0922
v 1.1 		0.1406 		-0.1052
v 1.1 		0.15 		-0.061
v 1.1 		0.1478 		-0.0775
v 1.1 		0.1514 		-0.0427
v 1.1 		0.063 		-0.0072
v 1.1 		0.063 		-0.0378
v 1.1 		0.0631 		-0.0449
v 1.1 		0.0631 		0
v 1.1 		0.0634 		-0.0517
v 1.1 		0.0634 		0.0068
v 1.1 		0.0637 		-0.0582
v 1.1 		0.0637 		0.0133
v 1.1 		0.064 		-0.0643
v 1.1 		0.064 		0.0195
v 1.1 		0.0646 		-0.0703
v 1.1 		0.0645 		0.0253
v 1.1 		0.0652 		-0.0759
v 1.1 		0.0651 		0.0308
v 1.1 		0.0659 		-0.0811
v 1.1 		0.0657 		0.036
v 1.1 		0.0666 		-0.086
v 1.1 		0.0665 		0.0408
v 1.1 		0.0675 		-0.0906
v 1.1 		0.0673 		0.0453
v 1.1 		0.0685 		-0.0948
v 1.1 		0.0683 		0.0494
v 1.1 		0.0696 		-0.0987
v 1.1 		0.0693 		0.0532
v 1.1 		0.0707 		-0.1023
v 1.1 		0.0705 		0.0567
v 1.1 		0.072 		-0.1055
v 1.1 		0.0734 		-0.1084
v 1.1 		0.0718 		0.0598
v 1.1 		0.0731 		0.0627
v 1.1 		0.0748 		-0.111
v 1.1 		0.0746 		0.0652
v 1.1 		0.0764 		-0.1132
v 1.1 		0.0762 		0.0674
v 1.1 		0.0781 		-0.115
v 1.1 		0.0779 		0.0692
v 1.1 		0.0799 		-0.1165
v 1.1 		0.0797 		0.0708
v 1.1 		0.0819 		-0.1177
v 1.1 		0.0817 		0.072
v 1.1 		0.0839 		-0.1186
v 1.1 		0.0837 		0.0728
v 1.1 		0.0861 		-0.1191
v 1.1 		0.0859 		0.0733
v 1.1 		0.0884 		-0.1193
v 1.1 		0.0882 		0.0735
v 1.1 		0.0907 		-0.1191
v 1.1 		0.0905 		0.0733
v 1.1 		0.0928 		-0.1186
v 1.1 		0.0927 		0.0728
v 1.1 		0.0949 		-0.1177
v 1.1 		0.0947 		0.072
v 1.1 		0.0968 		-0.1165
v 1.1 		0.0987 		-0.115
v 1.1 		0.0967 		0.0708
v 1.1 		0.1004 		-0.1132
v 1.1 		0.0985 		0.0692
v 1.1 		0.1019 		-0.111
v 1.1 		0.1002 		0.0674
v 1.1 		0.1033 		-0.1084
v 1.1 		0.1017 		0.0652
v 1.1 		0.1047 		-0.1055
v 1.1 		0.1032 		0.0627
v 1.1 		0.1046 		0.0598
v 1.1 		0.1059 		-0.1023
v 1.1 		0.1058 		0.0567
v 1.1 		0.1071 		-0.0987
v 1.1 		0.107 		0.0532
v 1.1 		0.1081 		-0.0948
v 1.1 		0.1081 		0.0494
v 1.1 		0.1091 		-0.0906
v 1.1 		0.11 		-0.086
v 1.1 		0.1091 		0.0453
v 1.1 		0.1108 		-0.0811
v 1.1 		0.1099 		0.0408
v 1.1 		0.1115 		-0.0759
v 1.1 		0.1107 		0.036
v 1.1 		0.1121 		-0.0703
v 1.1 		0.1114 		0.0308
v 1.1 		0.1125 		-0.0643
v 1.1 		0.112 		0.0253
v 1.1 		0.113 		-0.0582
v 1.1 		0.1125 		0.0195
v 1.1 		0.1133 		-0.0517
v 1.1 		0.113 		0.0133
v 1.1 		0.1136 		-0.0449
v 1.1 		0.1133 		0.0068
v 1.1 		0.1138 		-0.0378
v 1.1 		0.1136 		0
v 1.1 		0.1139 		-0.0303
v 1.1 		0.1138 		-0.0072
v 1.1 		0.1139 		-0.0226
v 1.1 		0.1139 		-0.0147
v 1.25 		0.1518 		-0.0226
v 1.25 		0.1517 		-0.0123
v 1.25 		0.1513 		-0.0025
v 1.25 		0.1507 		0.0069
v 1.25 		0.1499 		0.0158
v 1.25 		0.1488 		0.0243
v 1.25 		0.1474 		0.0324
v 1.25 		0.1459 		0.04
v 1.25 		0.1441 		0.0471
v 1.25 		0.1421 		0.0538
v 1.25 		0.1399 		0.0601
v 1.25 		0.1375 		0.0659
v 1.25 		0.1349 		0.0712
v 1.25 		0.1321 		0.0762
v 1.25 		0.129 		0.0807
v 1.25 		0.1258 		0.0847
v 1.25 		0.1224 		0.0884
v 1.25 		0.1188 		0.0916
v 1.25 		0.115 		0.0944
v 1.25 		0.111 		0.0967
v 1.25 		0.1069 		0.0986
v 1.25 		0.1026 		0.1001
v 1.25 		0.0981 		0.1012
v 1.25 		0.0934 		0.1019
v 1.25 		0.0886 		0.1021
v 1.25 		0.0785 		0.1012
v 1.25 		0.0692 		0.0986
v 1.25 		0.0608 		0.0944
v 1.25 		0.0533 		0.0884
v 1.25 		0.0466 		0.0807
v 1.25 		0.0408 		0.0712
v 1.25 		0.0359 		0.0601
v 1.25 		0.0319 		0.0471
v 1.25 		0.0287 		0.0324
v 1.25 		0.0265 		0.0158
v 1.25 		0.0252 		-0.0025
v 1.25 		0.0247 		-0.0226
v 1.25 		0.0628 		-0.0226
v 1.25 		0.0629 		-0.0147
v 1.25 		0.0629 		-0.0303
v 1.25 		0.0249 		-0.0327
v 1.25 		0.0252 		-0.0425
v 1.25 		0.0258 		-0.0519
v 1.25 		0.0266 		-0.0608
v 1.25 		0.0277 		-0.0694
v 1.25 		0.029 		-0.0775
v 1.25 		0.0305 		-0.0851
v 1.25 		0.0323 		-0.0922
v 1.25 		0.0343 		-0.0989
v 1.25 		0.0365 		-0.1052
v 1.25 		0.0389 		-0.111
v 1.25 		0.0415 		-0.1164
v 1.25 		0.0443 		-0.1213
v 1.25 		0.0474 		-0.1258
v 1.25 		0.0506 		-0.1299
v 1.25 		0.054 		-0.1335
v 1.25 		0.0576 		-0.1367
v 1.25 		0.0614 		-0.1395
v 1.25 		0.0654 		-0.1419
v 1.25 		0.0696 		-0.1438
v 1.25 		0.0739 		-0.1453
v 1.25 		0.0784 		-0.1463
v 1.25 		0.083 		-0.147
v 1.25 		0.0878 		-0.1472
v 1.25 		0.0979 		-0.1463
v 1.25 		0.1072 		-0.1438
v 1.25 		0.1156 		-0.1395
v 1.25 		0.1231 		-0.1335
v 1.25 		0.1298 		-0.1258
v 1.25 		0.1356 		-0.1164
v 1.25 		0.1406 		-0.1052
v 1.25 		0.1446 		-0.0922
v 1.25 		0.1478 		-0.0775
v 1.25 		0.15 		-0.061
v 1.25 		0.1514 		-0.0427
v 1.25 		0.063 		-0.0072
v 1.25 		0.063 		-0.0378
v 1.25 		0.0631 		-0.0449
v 1.25 		0.0631 		0
v 1.25 		0.0634 		-0.0517
v 1.25 		0.0634 		0.0068
v 1.25 		0.0637 		-0.0582
v 1.25 		0.0637 		0.0133
v 1.25 		0.064 		-0.0643
v 1.25 		0.064 		0.0195
v 1.25 		0.0646 		-0.0703
v 1.25 		0.0645 		0.0253
v 1.25 		0.0652 		-0.0759
v 1.25 		0.0651 		0.0308
v 1.25 		0.0659 		-0.0811
v 1.25 		0.0657 		0.036
v 1.25 		0.0666 		-0.086
v 1.25 		0.0665 		0.0408
v 1.25 		0.0675 		-0.0906
v 1.25 		0.0673 		0.0453
v 1.25 		0.0685 		-0.0948
v 1.25 		0.0683 		0.0494
v 1.25 		0.0696 		-0.0987
v 1.25 		0.0693 		0.0532
v 1.25 		0.0707 		-0.1023
v 1.25 		0.0705 		0.0567
v 1.25 		0.072 		-0.1055
v 1.25 		0.0734 		-0.1084
v 1.25 		0.0718 		0.0598
v 1.25 		0.0731 		0.0627
v 1.25 		0.0748 		-0.111
v 1.25 		0.0746 		0.0652
v 1.25 		0.0764 		-0.1132
v 1.25 		0.0762 		0.0674
v 1.25 		0.0781 		-0.115
v 1.25 		0.0779 		0.0692
v 1.25 		0.0799 		-0.1165
v 1.25 		0.0797 		0.0708
v 1.25 		0.0819 		-0.1177
v 1.25 		0.0817 		0.072
v 1.25 		0.0839 		-0.1186
v 1.25 		0.0837 		0.0728
v 1.25 		0.0861 		-0.1191
v 1.25 		0.0859 		0.0733
v 1.25 		0.0884 		-0.1193
v 1.25 		0.0882 		0.0735
v 1.25 		0.0907 		-0.1191
v 1.25 		0.0905 		0.0733
v 1.25 		0.0928 		-0.1186
v 1.25 		0.0927 		0.0728
v 1.25 		0.0949 		-0.1177
v 1.25 		0.0947 		0.072
v 1.25 		0.0968 		-0.1165
v 1.25 		0.0987 		-0.115
v 1.25 		0.0967 		0.0708
v 1.25 		0.1004 		-0.1132
v 1.25 		0.0985 		0.0692
v 1.25 		0.1019 		-0.111
v 1.25 		0.1002 		0.0674
v 1.25 		0.1033 		-0.1084
v 1.25 		0.1017 		0.0652
v 1.25 		0.1047 		-0.1055
v 1.25 		0.1032 		0.0627
v 1.25 		0.1046 		0.0598
v 1.25 		0.1059 		-0.1023
v 1.25 		0.1058 		0.0567
v 1.25 		0.1071 		-0.0987
v 1.25 		0.107 		0.0532
v 1.25 		0.1081 		-0.0948
v 1.25 		0.1081 		0.0494
v 1.25 		0.1091 		-0.0906
v 1.25 		0.11 		-0.086
v 1.25 		0.1091 		0.0453
v 1.25 		0.1108 		-0.0811
v 1.25 		0.1099 		0.0408
v 1.25 		0.1115 		-0.0759
v 1.25 		0.1107 		0.036
v 1.25 		0.1121 		-0.0703
v 1.25 		0.1114 		0.0308
v 1.25 		0.1125 		-0.0643
v 1.25 		0.112 		0.0253
v 1.25 		0.113 		-0.0582
v 1.25 		0.1125 		0.0195
v 1.25 		0.1133 		-0.0517
v 1.25 		0.113 		0.0133
v 1.25 		0.1136 		-0.0449
v 1.25 		0.1133 		0.0068
v 1.25 		0.1138 		-0.0378
v 1.25 		0.1136 		0
v 1.25 		0.1139 		-0.0303
v 1.25 		0.1138 		-0.0072
v 1.25 		0.1139 		-0.0226
v 1.25 		0.1139 		-0.0147
v 1.1 		0.2553 		0.0963
v 1.1 		0.2553 		0.0658
v 1.1 		0.2239 		0.0658
v 1.1 		0.2035 		0.1515
v 1.1 		0.2239 		0.1515
v 1.1 		0.2239 		0.0963
v 1.1 		0.1684 		0.0658
v 1.1 		0.1684 		0.0886
v 1.1 		0.171 		0.0887
v 1.1 		0.1868 		-0.0835
v 1.1 		0.1867 		-0.0772
v 1.1 		0.1867 		0.0658
v 1.1 		0.1874 		-0.0952
v 1.1 		0.187 		-0.0895
v 1.1 		0.1885 		-0.1054
v 1.1 		0.1878 		-0.1004
v 1.1 		0.1901 		-0.1143
v 1.1 		0.1892 		-0.1099
v 1.1 		0.1923 		-0.1221
v 1.1 		0.1911 		-0.1184
v 1.1 		0.1949 		-0.1289
v 1.1 		0.1935 		-0.1256
v 1.1 		0.198 		-0.1344
v 1.1 		0.1964 		-0.1318
v 1.1 		0.2016 		-0.1389
v 1.1 		0.1997 		-0.1368
v 1.1 		0.2055 		-0.1421
v 1.1 		0.2035 		-0.1406
v 1.1 		0.21 		-0.1445
v 1.1 		0.2077 		-0.1434
v 1.1 		0.2148 		-0.1462
v 1.1 		0.2124 		-0.1455
v 1.1 		0.22 		-0.1471
v 1.1 		0.2174 		-0.1468
v 1.1 		0.2249 		-0.1472
v 1.1 		0.2227 		-0.1472
v 1.1 		0.229 		-0.1469
v 1.1 		0.2269 		-0.1471
v 1.1 		0.2328 		-0.1463
v 1.1 		0.2309 		-0.1466
v 1.1 		0.2382 		-0.1452
v 1.1 		0.2365 		-0.1456
v 1.1 		0.2347 		-0.1459
v 1.1 		0.2415 		-0.1443
v 1.1 		0.2399 		-0.1448
v 1.1 		0.2446 		-0.1434
v 1.1 		0.2431 		-0.1439
v 1.1 		0.2474 		-0.1424
v 1.1 		0.246 		-0.1429
v 1.1 		0.2499 		-0.1412
v 1.1 		0.2487 		-0.1418
v 1.1 		0.2521 		-0.1398
v 1.1 		0.2511 		-0.1405
v 1.1 		0.2542 		-0.1386
v 1.1 		0.2532 		-0.1392
v 1.1 		0.256 		-0.1374
v 1.1 		0.2551 		-0.138
v 1.1 		0.2574 		-0.1363
v 1.1 		0.2567 		-0.1368
v 1.1 		0.2561 		-0.1079
v 1.1 		0.2574 		-0.1074
v 1.1 		0.2022 		0.142
v 1.1 		0.1734 		0.0892
v 1.1 		0.1758 		0.0899
v 1.1 		0.2548 		-0.1084
v 1.1 		0.2239 		-0.0724
v 1.1 		0.178 		0.091
v 1.1 		0.2534 		-0.1089
v 1.1 		0.224 		-0.0788
v 1.1 		0.1802 		0.0924
v 1.1 		0.2244 		-0.0846
v 1.1 		0.1823 		0.094
v 1.1 		0.252 		-0.1094
v 1.1 		0.2006 		0.1333
v 1.1 		0.1844 		0.096
v 1.1 		0.2506 		-0.1098
v 1.1 		0.2249 		-0.0899
v 1.1 		0.1863 		0.0981
v 1.1 		0.2491 		-0.1103
v 1.1 		0.1989 		0.1255
v 1.1 		0.188 		0.1002
v 1.1 		0.2477 		-0.1107
v 1.1 		0.1969 		0.1186
v 1.1 		0.1896 		0.1025
v 1.1 		0.2462 		-0.111
v 1.1 		0.1947 		0.1125
v 1.1 		0.1911 		0.1048
v 1.1 		0.2447 		-0.1112
v 1.1 		0.1924 		0.1072
v 1.1 		0.2432 		-0.1114
v 1.1 		0.2256 		-0.0945
v 1.1 		0.2416 		-0.1115
v 1.1 		0.24 		-0.1115
v 1.1 		0.2265 		-0.0985
v 1.1 		0.2372 		-0.1113
v 1.1 		0.2348 		-0.1105
v 1.1 		0.2276 		-0.1019
v 1.1 		0.2326 		-0.1091
v 1.1 		0.229 		-0.1049
v 1.1 		0.2307 		-0.1073
v 1.25 		0.2239 		0.0658
v 1.25 		0.2553 		0.0658
v 1.25 		0.2553 		0.0963
v 1.25 		0.2239 		0.0963
v 1.25 		0.2239 		0.1515
v 1.25 		0.2035 		0.1515
v 1.25 		0.171 		0.0887
v 1.25 		0.1684 		0.0886
v 1.25 		0.1684 		0.0658
v 1.25 		0.1867 		0.0658
v 1.25 		0.1867 		-0.0772
v 1.25 		0.1868 		-0.0835
v 1.25 		0.187 		-0.0895
v 1.25 		0.1874 		-0.0952
v 1.25 		0.1878 		-0.1004
v 1.25 		0.1885 		-0.1054
v 1.25 		0.1892 		-0.1099
v 1.25 		0.1901 		-0.1143
v 1.25 		0.1911 		-0.1184
v 1.25 		0.1923 		-0.1221
v 1.25 		0.1935 		-0.1256
v 1.25 		0.1949 		-0.1289
v 1.25 		0.1964 		-0.1318
v 1.25 		0.198 		-0.1344
v 1.25 		0.1997 		-0.1368
v 1.25 		0.2016 		-0.1389
v 1.25 		0.2035 		-0.1406
v 1.25 		0.2055 		-0.1421
v 1.25 		0.2077 		-0.1434
v 1.25 		0.21 		-0.1445
v 1.25 		0.2124 		-0.1455
v 1.25 		0.2148 		-0.1462
v 1.25 		0.2174 		-0.1468
v 1.25 		0.22 		-0.1471
v 1.25 		0.2227 		-0.1472
v 1.25 		0.2249 		-0.1472
v 1.25 		0.2269 		-0.1471
v 1.25 		0.229 		-0.1469
v 1.25 		0.2309 		-0.1466
v 1.25 		0.2328 		-0.1463
v 1.25 		0.2347 		-0.1459
v 1.25 		0.2365 		-0.1456
v 1.25 		0.2382 		-0.1452
v 1.25 		0.2399 		-0.1448
v 1.25 		0.2415 		-0.1443
v 1.25 		0.2431 		-0.1439
v 1.25 		0.2446 		-0.1434
v 1.25 		0.246 		-0.1429
v 1.25 		0.2474 		-0.1424
v 1.25 		0.2487 		-0.1418
v 1.25 		0.2499 		-0.1412
v 1.25 		0.2511 		-0.1405
v 1.25 		0.2521 		-0.1398
v 1.25 		0.2532 		-0.1392
v 1.25 		0.2542 		-0.1386
v 1.25 		0.2551 		-0.138
v 1.25 		0.256 		-0.1374
v 1.25 		0.2567 		-0.1368
v 1.25 		0.2574 		-0.1363
v 1.25 		0.2574 		-0.1074
v 1.25 		0.2561 		-0.1079
v 1.25 		0.2022 		0.142
v 1.25 		0.1734 		0.0892
v 1.25 		0.1758 		0.0899
v 1.25 		0.2548 		-0.1084
v 1.25 		0.2239 		-0.0724
v 1.25 		0.178 		0.091
v 1.25 		0.2534 		-0.1089
v 1.25 		0.224 		-0.0788
v 1.25 		0.1802 		0.0924
v 1.25 		0.2244 		-0.0846
v 1.25 		0.1823 		0.094
v 1.25 		0.252 		-0.1094
v 1.25 		0.2006 		0.1333
v 1.25 		0.1844 		0.096
v 1.25 		0.2506 		-0.1098
v 1.25 		0.2249 		-0.0899
v 1.25 		0.1863 		0.0981
v 1.25 		0.2491 		-0.1103
v 1.25 		0.1989 		0.1255
v 1.25 		0.188 		0.1002
v 1.25 		0.2477 		-0.1107
v 1.25 		0.1969 		0.1186
v 1.25 		0.1896 		0.1025
v 1.25 		0.2462 		-0.111
v 1.25 		0.1947 		0.1125
v 1.25 		0.1911 		0.1048
v 1.25 		0.2447 		-0.1112
v 1.25 		0.1924 		0.1072
v 1.25 		0.2432 		-0.1114
v 1.25 		0.2256 		-0.0945
v 1.25 		0.2416 		-0.1115
v 1.25 		0.24 		-0.1115
v 1.25 		0.2265 		-0.0985
v 1.25 		0.2372 		-0.1113
v 1.25 		0.2348 		-0.1105
v 1.25 		0.2276 		-0.1019
v 1.25 		0.2326 		-0.1091
v 1.25 		0.229 		-0.1049
v 1.25 		0.2307 		-0.1073
v 1.1 		0.3544 		0.0963
v 1.1 		0.3544 		0.0658
v 1.1 		0.323 		0.0658
v 1.1 		0.3026 		0.1515
v 1.1 		0.323 		0.1515
v 1.1 		0.323 		0.0963
v 1.1 		0.2675 		0.0658
v 1.1 		0.2675 		0.0886
v 1.1 		0.27 		0.0887
v 1.1 		0.2859 		-0.0835
v 1.1 		0.2858 		-0.0772
v 1.1 		0.2858 		0.0658
v 1.1 		0.2864 		-0.0952
v 1.1 		0.2861 		-0.0895
v 1.1 		0.2875 		-0.1054
v 1.1 		0.2869 		-0.1004
v 1.1 		0.2892 		-0.1143
v 1.1 		0.2883 		-0.1099
v 1.1 		0.2913 		-0.1221
v 1.1 		0.2902 		-0.1184
v 1.1 		0.294 		-0.1289
v 1.1 		0.2926 		-0.1256
v 1.1 		0.2971 		-0.1344
v 1.1 		0.2955 		-0.1318
v 1.1 		0.3006 		-0.1389
v 1.1 		0.2988 		-0.1368
v 1.1 		0.3046 		-0.1421
v 1.1 		0.3026 		-0.1406
v 1.1 		0.3091 		-0.1445
v 1.1 		0.3068 		-0.1434
v 1.1 		0.3139 		-0.1462
v 1.1 		0.3114 		-0.1455
v 1.1 		0.3191 		-0.1471
v 1.1 		0.3164 		-0.1468
v 1.1 		0.3239 		-0.1472
v 1.1 		0.3218 		-0.1472
v 1.1 		0.328 		-0.1469
v 1.1 		0.326 		-0.1471
v 1.1 		0.3319 		-0.1463
v 1.1 		0.33 		-0.1466
v 1.1 		0.3373 		-0.1452
v 1.1 		0.3356 		-0.1456
v 1.1 		0.3338 		-0.1459
v 1.1 		0.3406 		-0.1443
v 1.1 		0.339 		-0.1448
v 1.1 		0.3436 		-0.1434
v 1.1 		0.3421 		-0.1439
v 1.1 		0.3464 		-0.1424
v 1.1 		0.3451 		-0.1429
v 1.1 		0.349 		-0.1412
v 1.1 		0.3477 		-0.1418
v 1.1 		0.3512 		-0.1398
v 1.1 		0.3501 		-0.1405
v 1.1 		0.3533 		-0.1386
v 1.1 		0.3523 		-0.1392
v 1.1 		0.3551 		-0.1374
v 1.1 		0.3542 		-0.138
v 1.1 		0.3565 		-0.1363
v 1.1 		0.3558 		-0.1368
v 1.1 		0.3552 		-0.1079
v 1.1 		0.3565 		-0.1074
v 1.1 		0.3012 		0.142
v 1.1 		0.2725 		0.0892
v 1.1 		0.2748 		0.0899
v 1.1 		0.3539 		-0.1084
v 1.1 		0.323 		-0.0724
v 1.1 		0.2771 		0.091
v 1.1 		0.3525 		-0.1089
v 1.1 		0.3231 		-0.0788
v 1.1 		0.2793 		0.0924
v 1.1 		0.3234 		-0.0846
v 1.1 		0.2814 		0.094
v 1.1 		0.3511 		-0.1094
v 1.1 		0.2997 		0.1333
v 1.1 		0.2834 		0.096
v 1.1 		0.3497 		-0.1098
v 1.1 		0.3239 		-0.0899
v 1.1 		0.2853 		0.0981
v 1.1 		0.3482 		-0.1103
v 1.1 		0.2979 		0.1255
v 1.1 		0.2871 		0.1002
v 1.1 		0.3468 		-0.1107
v 1.1 		0.296 		0.1186
v 1.1 		0.2887 		0.1025
v 1.1 		0.3453 		-0.111
v 1.1 		0.2938 		0.1125
v 1.1 		0.2901 		0.1048
v 1.1 		0.3438 		-0.1112
v 1.1 		0.2915 		0.1072
v 1.1 		0.3423 		-0.1114
v 1.1 		0.3247 		-0.0945
v 1.1 		0.3407 		-0.1115
v 1.1 		0.3391 		-0.1115
v 1.1 		0.3256 		-0.0985
v 1.1 		0.3363 		-0.1113
v 1.1 		0.3338 		-0.1105
v 1.1 		0.3267 		-0.1019
v 1.1 		0.3316 		-0.1091
v 1.1 		0.3281 		-0.1049
v 1.1 		0.3297 		-0.1073
v 1.25 		0.323 		0.0658
v 1.25 		0.3544 		0.0658
v 1.25 		0.3544 		0.0963
v 1.25 		0.323 		0.0963
v 1.25 		0.323 		0.1515
v 1.25 		0.3026 		0.1515
v 1.25 		0.27 		0.0887
v 1.25 		0.2675 		0.0886
v 1.25 		0.2675 		0.0658
v 1.25 		0.2858 		0.0658
v 1.25 		0.2858 		-0.0772
v 1.25 		0.2859 		-0.0835
v 1.25 		0.2861 		-0.0895
v 1.25 		0.2864 		-0.0952
v 1.25 		0.2869 		-0.1004
v 1.25 		0.2875 		-0.1054
v 1.25 		0.2883 		-0.1099
v 1.25 		0.2892 		-0.1143
v 1.25 		0.2902 		-0.1184
v 1.25 		0.2913 		-0.1221
v 1.25 		0.2926 		-0.1256
v 1.25 		0.294 		-0.1289
v 1.25 		0.2955 		-0.1318
v 1.25 		0.2971 		-0.1344
v 1.25 		0.2988 		-0.1368
v 1.25 		0.3006 		-0.1389
v 1.25 		0.3026 		-0.1406
v 1.25 		0.3046 		-0.1421
v 1.25 		0.3068 		-0.1434
v 1.25 		0.3091 		-0.1445
v 1.25 		0.3114 		-0.1455
v 1.25 		0.3139 		-0.1462
v 1.25 		0.3164 		-0.1468
v 1.25 		0.3191 		-0.1471
v 1.25 		0.3218 		-0.1472
v 1.25 		0.3239 		-0.1472
v 1.25 		0.326 		-0.1471
v 1.25 		0.328 		-0.1469
v 1.25 		0.33 		-0.1466
v 1.25 		0.3319 		-0.1463
v 1.25 		0.3338 		-0.1459
v 1.25 		0.3356 		-0.1456
v 1.25 		0.3373 		-0.1452
v 1.25 		0.339 		-0.1448
v 1.25 		0.3406 		-0.1443
v 1.25 		0.3421 		-0.1439
v 1.25 		0.3436 		-0.1434
v 1.25 		0.3451 		-0.1429
v 1.25 		0.3464 		-0.1424
v 1.25 		0.3477 		-0.1418
v 1.25 		0.349 		-0.1412
v 1.25 		0.3501 		-0.1405
v 1.25 		0.3512 		-0.1398
v 1.25 		0.3523 		-0.1392
v 1.25 		0.3533 		-0.1386
v 1.25 		0.3542 		-0.138
v 1.25 		0.3551 		-0.1374
v 1.25 		0.3558 		-0.1368
v 1.25 		0.3565 		-0.1363
v 1.25 		0.3565 		-0.1074
v 1.25 		0.3552 		-0.1079
v 1.25 		0.3012 		0.142
v 1.25 		0.2725 		0.0892
v 1.25 		0.2748 		0.0899
v 1.25 		0.3539 		-0.1084
v 1.25 		0.323 		-0.0724
v 1.25 		0.2771 		0.091
v 1.25 		0.3525 		-0.1089
v 1.25 		0.3231 		-0.0788
v 1.25 		0.2793 		0.0924
v 1.25 		0.3234 		-0.0846
v 1.25 		0.2814 		0.094
v 1.25 		0.3511 		-0.1094
v 1.25 		0.2997 		0.1333
v 1.25 		0.2834 		0.096
v 1.25 		0.3497 		-0.1098
v 1.25 		0.3239 		-0.0899
v 1.25 		0.2853 		0.0981
v 1.25 		0.3482 		-0.1103
v 1.25 		0.2979 		0.1255
v 1.25 		0.2871 		0.1002
v 1.25 		0.3468 		-0.1107
v 1.25 		0.296 		0.1186
v 1.25 		0.2887 		0.1025
v 1.25 		0.3453 		-0.111
v 1.25 		0.2938 		0.1125
v 1.25 		0.2901 		0.1048
v 1.25 		0.3438 		-0.1112
v 1.25 		0.2915 		0.1072
v 1.25 		0.3423 		-0.1114
v 1.25 		0.3247 		-0.0945
v 1.25 		0.3407 		-0.1115
v 1.25 		0.3391 		-0.1115
v 1.25 		0.3256 		-0.0985
v 1.25 		0.3363 		-0.1113
v 1.25 		0.3338 		-0.1105
v 1.25 		0.3267 		-0.1019
v 1.25 		0.3316 		-0.1091
v 1.25 		0.3281 		-0.1049
v 1.25 		0.3297 		-0.1073
v 1.1 		0.4995 		-0.0025
v 1.1 		0.4999 		-0.0123
v 1.1 		0.5 		-0.0226
v 1.1 		0.498 		0.0158
v 1.1 		0.4989 		0.0069
v 1.1 		0.4956 		0.0324
v 1.1 		0.4969 		0.0243
v 1.1 		0.4922 		0.0471
v 1.1 		0.494 		0.04
v 1.1 		0.4881 		0.0601
v 1.1 		0.4903 		0.0538
v 1.1 		0.4831 		0.0712
v 1.1 		0.4857 		0.0659
v 1.1 		0.4772 		0.0807
v 1.1 		0.4802 		0.0762
v 1.1 		0.4705 		0.0884
v 1.1 		0.474 		0.0847
v 1.1 		0.4632 		0.0944
v 1.1 		0.4669 		0.0916
v 1.1 		0.455 		0.0986
v 1.1 		0.4592 		0.0967
v 1.1 		0.4462 		0.1012
v 1.1 		0.4507 		0.1001
v 1.1 		0.4367 		0.1021
v 1.1 		0.4416 		0.1019
v 1.1 		0.4174 		0.0986
v 1.1 		0.4266 		0.1012
v 1.1 		0.4015 		0.0884
v 1.1 		0.409 		0.0944
v 1.1 		0.3889 		0.0712
v 1.1 		0.3948 		0.0807
v 1.1 		0.38 		0.0471
v 1.1 		0.384 		0.0601
v 1.1 		0.3747 		0.0158
v 1.1 		0.3769 		0.0324
v 1.1 		0.3729 		-0.0226
v 1.1 		0.3733 		-0.0025
v 1.1 		0.411 		-0.0147
v 1.1 		0.411 		-0.0226
v 1.1 		0.411 		-0.0303
v 1.1 		0.3734 		-0.0425
v 1.1 		0.373 		-0.0327
v 1.1 		0.3748 		-0.0608
v 1.1 		0.374 		-0.0519
v 1.1 		0.3771 		-0.0775
v 1.1 		0.3758 		-0.0694
v 1.1 		0.3805 		-0.0922
v 1.1 		0.3787 		-0.0851
v 1.1 		0.3847 		-0.1052
v 1.1 		0.3825 		-0.0989
v 1.1 		0.3896 		-0.1164
v 1.1 		0.387 		-0.111
v 1.1 		0.3955 		-0.1258
v 1.1 		0.3925 		-0.1213
v 1.1 		0.4022 		-0.1335
v 1.1 		0.3988 		-0.1299
v 1.1 		0.4096 		-0.1395
v 1.1 		0.4058 		-0.1367
v 1.1 		0.4178 		-0.1438
v 1.1 		0.4136 		-0.1419
v 1.1 		0.4266 		-0.1463
v 1.1 		0.4221 		-0.1453
v 1.1 		0.436 		-0.1472
v 1.1 		0.4312 		-0.147
v 1.1 		0.4553 		-0.1438
v 1.1 		0.4461 		-0.1463
v 1.1 		0.4713 		-0.1335
v 1.1 		0.4637 		-0.1395
v 1.1 		0.4838 		-0.1164
v 1.1 		0.4779 		-0.1258
v 1.1 		0.4928 		-0.0922
v 1.1 		0.4887 		-0.1052
v 1.1 		0.4982 		-0.061
v 1.1 		0.4959 		-0.0775
v 1.1 		0.4995 		-0.0427
v 1.1 		0.4111 		-0.0072
v 1.1 		0.4111 		-0.0378
v 1.1 		0.4113 		-0.0449
v 1.1 		0.4113 		0
v 1.1 		0.4115 		-0.0517
v 1.1 		0.4115 		0.0068
v 1.1 		0.4118 		-0.0582
v 1.1 		0.4118 		0.0133
v 1.1 		0.4122 		-0.0643
v 1.1 		0.4122 		0.0195
v 1.1 		0.4127 		-0.0703
v 1.1 		0.4127 		0.0253
v 1.1 		0.4133 		-0.0759
v 1.1 		0.4132 		0.0308
v 1.1 		0.414 		-0.0811
v 1.1 		0.4139 		0.036
v 1.1 		0.4148 		-0.086
v 1.1 		0.4146 		0.0408
v 1.1 		0.4157 		-0.0906
v 1.1 		0.4155 		0.0453
v 1.1 		0.4166 		-0.0948
v 1.1 		0.4164 		0.0494
v 1.1 		0.4177 		-0.0987
v 1.1 		0.4175 		0.0532
v 1.1 		0.4189 		-0.1023
v 1.1 		0.4187 		0.0567
v 1.1 		0.4202 		-0.1055
v 1.1 		0.4216 		-0.1084
v 1.1 		0.4199 		0.0598
v 1.1 		0.4213 		0.0627
v 1.1 		0.423 		-0.111
v 1.1 		0.4228 		0.0652
v 1.1 		0.4246 		-0.1132
v 1.1 		0.4244 		0.0674
v 1.1 		0.4263 		-0.115
v 1.1 		0.4261 		0.0692
v 1.1 		0.4281 		-0.1165
v 1.1 		0.4279 		0.0708
v 1.1 		0.43 		-0.1177
v 1.1 		0.4298 		0.072
v 1.1 		0.4321 		-0.1186
v 1.1 		0.4319 		0.0728
v 1.1 		0.4342 		-0.1191
v 1.1 		0.4341 		0.0733
v 1.1 		0.4365 		-0.1193
v 1.1 		0.4364 		0.0735
v 1.1 		0.4388 		-0.1191
v 1.1 		0.4387 		0.0733
v 1.1 		0.441 		-0.1186
v 1.1 		0.4408 		0.0728
v 1.1 		0.4431 		-0.1177
v 1.1 		0.4429 		0.072
v 1.1 		0.445 		-0.1165
v 1.1 		0.4468 		-0.115
v 1.1 		0.4448 		0.0708
v 1.1 		0.4485 		-0.1132
v 1.1 		0.4466 		0.0692
v 1.1 		0.4501 		-0.111
v 1.1 		0.4483 		0.0674
v 1.1 		0.4515 		-0.1084
v 1.1 		0.4499 		0.0652
v 1.1 		0.4528 		-0.1055
v 1.1 		0.4513 		0.0627
v 1.1 		0.4527 		0.0598
v 1.1 		0.4541 		-0.1023
v 1.1 		0.454 		0.0567
v 1.1 		0.4552 		-0.0987
v 1.1 		0.4552 		0.0532
v 1.1 		0.4563 		-0.0948
v 1.1 		0.4563 		0.0494
v 1.1 		0.4573 		-0.0906
v 1.1 		0.4582 		-0.086
v 1.1 		0.4572 		0.0453
v 1.1 		0.459 		-0.0811
v 1.1 		0.4581 		0.0408
v 1.1 		0.4597 		-0.0759
v 1.1 		0.4589 		0.036
v 1.1 		0.4602 		-0.0703
v 1.1 		0.4596 		0.0308
v 1.1 		0.4607 		-0.0643
v 1.1 		0.4602 		0.0253
v 1.1 		0.4611 		-0.0582
v 1.1 		0.4607 		0.0195
v 1.1 		0.4615 		-0.0517
v 1.1 		0.4611 		0.0133
v 1.1 		0.4617 		-0.0449
v 1.1 		0.4615 		0.0068
v 1.1 		0.4619 		-0.0378
v 1.1 		0.4617 		0
v 1.1 		0.4621 		-0.0303
v 1.1 		0.4619 		-0.0072
v 1.1 		0.4621 		-0.0226
v 1.1 		0.4621 		-0.0147
v 1.25 		0.5 		-0.0226
v 1.25 		0.4999 		-0.0123
v 1.25 		0.4995 		-0.0025
v 1.25 		0.4989 		0.0069
v 1.25 		0.498 		0.0158
v 1.25 		0.4969 		0.0243
v 1.25 		0.4956 		0.0324
v 1.25 		0.494 		0.04
v 1.25 		0.4922 		0.0471
v 1.25 		0.4903 		0.0538
v 1.25 		0.4881 		0.0601
v 1.25 		0.4857 		0.0659
v 1.25 		0.4831 		0.0712
v 1.25 		0.4802 		0.0762
v 1.25 		0.4772 		0.0807
v 1.25 		0.474 		0.0847
v 1.25 		0.4705 		0.0884
v 1.25 		0.4669 		0.0916
v 1.25 		0.4632 		0.0944
v 1.25 		0.4592 		0.0967
v 1.25 		0.455 		0.0986
v 1.25 		0.4507 		0.1001
v 1.25 		0.4462 		0.1012
v 1.25 		0.4416 		0.1019
v 1.25 		0.4367 		0.1021
v 1.25 		0.4266 		0.1012
v 1.25 		0.4174 		0.0986
v 1.25 		0.409 		0.0944
v 1.25 		0.4015 		0.0884
v 1.25 		0.3948 		0.0807
v 1.25 		0.3889 		0.0712
v 1.25 		0.384 		0.0601
v 1.25 		0.38 		0.0471
v 1.25 		0.3769 		0.0324
v 1.25 		0.3747 		0.0158
v 1.25 		0.3733 		-0.0025
v 1.25 		0.3729 		-0.0226
v 1.25 		0.411 		-0.0226
v 1.25 		0.411 		-0.0147
v 1.25 		0.411 		-0.0303
v 1.25 		0.373 		-0.0327
v 1.25 		0.3734 		-0.0425
v 1.25 		0.374 		-0.0519
v 1.25 		0.3748 		-0.0608
v 1.25 		0.3758 		-0.0694
v 1.25 		0.3771 		-0.0775
v 1.25 		0.3787 		-0.0851
v 1.25 		0.3805 		-0.0922
v 1.25 		0.3825 		-0.0989
v 1.25 		0.3847 		-0.1052
v 1.25 		0.387 		-0.111
v 1.25 		0.3896 		-0.1164
v 1.25 		0.3925 		-0.1213
v 1.25 		0.3955 		-0.1258
v 1.25 		0.3988 		-0.1299
v 1.25 		0.4022 		-0.1335
v 1.25 		0.4058 		-0.1367
v 1.25 		0.4096 		-0.1395
v 1.25 		0.4136 		-0.1419
v 1.25 		0.4178 		-0.1438
v 1.25 		0.4221 		-0.1453
v 1.25 		0.4266 		-0.1463
v 1.25 		0.4312 		-0.147
v 1.25 		0.436 		-0.1472
v 1.25 		0.4461 		-0.1463
v 1.25 		0.4553 		-0.1438
v 1.25 		0.4637 		-0.1395
v 1.25 		0.4713 		-0.1335
v 1.25 		0.4779 		-0.1258
v 1.25 		0.4838 		-0.1164
v 1.25 		0.4887 		-0.1052
v 1.25 		0.4928 		-0.0922
v 1.25 		0.4959 		-0.0775
v 1.25 		0.4982 		-0.061
v 1.25 		0.4995 		-0.0427
v 1.25 		0.4111 		-0.0072
v 1.25 		0.4111 		-0.0378
v 1.25 		0.4113 		-0.0449
v 1.25 		0.4113 		0
v 1.25 		0.4115 		-0.0517
v 1.25 		0.4115 		0.0068
v 1.25 		0.4118 		-0.0582
v 1.25 		0.4118 		0.0133
v 1.25 		0.4122 		-0.0643
v 1.25 		0.4122 		0.0195
v 1.25 		0.4127 		-0.0703
v 1.25 		0.4127 		0.0253
v 1.25 		0.4133 		-0.0759
v 1.25 		0.4132 		0.0308
v 1.25 		0.414 		-0.0811
v 1.25 		0.4139 		0.036
v 1.25 		0.4148 		-0.086
v 1.25 		0.4146 		0.0408
v 1.25 		0.4157 		-0.0906
v 1.25 		0.4155 		0.0453
v 1.25 		0.4166 		-0.0948
v 1.25 		0.4164 		0.0494
v 1.25 		0.4177 		-0.0987
v 1.25 		0.4175 		0.0532
v 1.25 		0.4189 		-0.1023
v 1.25 		0.4187 		0.0567
v 1.25 		0.4202 		-0.1055
v 1.25 		0.4216 		-0.1084
v 1.25 		0.4199 		0.0598
v 1.25 		0.4213 		0.0627
v 1.25 		0.423 		-0.111
v 1.25 		0.4228 		0.0652
v 1.25 		0.4246 		-0.1132
v 1.25 		0.4244 		0.0674
v 1.25 		0.4263 		-0.115
v 1.25 		0.4261 		0.0692
v 1.25 		0.4281 		-0.1165
v 1.25 		0.4279 		0.0708
v 1.25 		0.43 		-0.1177
v 1.25 		0.4298 		0.072
v 1.25 		0.4321 		-0.1186
v 1.25 		0.4319 		0.0728
v 1.25 		0.4342 		-0.1191
v 1.25 		0.4341 		0.0733
v 1.25 		0.4365 		-0.1193
v 1.25 		0.4364 		0.0735
v 1.25 		0.4388 		-0.1191
v 1.25 		0.4387 		0.0733
v 1.25 		0.441 		-0.1186
v 1.25 		0.4408 		0.0728
v 1.25 		0.4431 		-0.1177
v 1.25 		0.4429 		0.072
v 1.25 		0.445 		-0.1165
v 1.25 		0.4468 		-0.115
v 1.25 		0.4448 		0.0708
v 1.25 		0.4485 		-0.1132
v 1.25 		0.4466 		0.0692
v 1.25 		0.4501 		-0.111
v 1.25 		0.4483 		0.0674
v 1.25 		0.4515 		-0.1084
v 1.25 		0.4499 		0.0652
v 1.25 		0.4528 		-0.1055
v 1.25 		0.4513 		0.0627
v 1.25 		0.4527 		0.0598
v 1.25 		0.4541 		-0.1023
v 1.25 		0.454 		0.0567
v 1.25 		0.4552 		-0.0987
v 1.25 		0.4552 		0.0532
v 1.25 		0.4563 		-0.0948
v 1.25 		0.4563 		0.0494
v 1.25 		0.4573 		-0.0906
v 1.25 		0.4582 		-0.086
v 1.25 		0.4572 		0.0453
v 1.25 		0.459 		-0.0811
v 1.25 		0.4581 		0.0408
v 1.25 		0.4597 		-0.0759
v 1.25 		0.4589 		0.036
v 1.25 		0.4602 		-0.0703
v 1.25 		0.4596 		0.0308
v 1.25 		0.4607 		-0.0643
v 1.25 		0.4602 		0.0253
v 1.25 		0.4611 		-0.0582
v 1.25 		0.4607 		0.0195
v 1.25 		0.4615 		-0.0517
v 1.25 		0.4611 		0.0133
v 1.25 		0.4617 		-0.0449
v 1.25 		0.4615 		0.0068
v 1.25 		0.4619 		-0.0378
v 1.25 		0.4617 		0
v 1.25 		0.4621 		-0.0303
v 1.25 		0.4619 		-0.0072
v 1.25 		0.4621 		-0.0226
v 1.25 		0.4621 		-0.0147
# 4394 vertices

g group_1_15277357

usemtl color_15277357
s 0

f 1877 	1878 	1879
f 1880 	1881 	1877
f 1882 	1883 	1884
f 1885 	1886 	1882
f 1887 	1888 	1889
f 1877 	1879 	1890
f 1891 	1880 	1877
f 1882 	1884 	1892
f 1893 	1885 	1882
f 1877 	1890 	1894
f 1895 	1891 	1877
f 1882 	1892 	1896
f 1897 	1893 	1882
f 1877 	1894 	1898
f 1899 	1895 	1877
f 1882 	1896 	1900
f 1901 	1897 	1882
f 1877 	1898 	1902
f 1903 	1899 	1877
f 1882 	1900 	1904
f 1905 	1901 	1882
f 1877 	1902 	1906
f 1907 	1903 	1877
f 1882 	1904 	1908
f 1909 	1905 	1882
f 1877 	1906 	1910
f 1911 	1907 	1877
f 1882 	1908 	1912
f 1889 	1909 	1882
f 1877 	1910 	1913
f 1914 	1911 	1877
f 1882 	1912 	1915
f 1887 	1889 	1882
f 1877 	1913 	1916
f 1917 	1914 	1877
f 1882 	1915 	1918
f 1919 	1887 	1882
f 1877 	1916 	1920
f 1921 	1917 	1877
f 1882 	1918 	1922
f 1923 	1919 	1882
f 1877 	1920 	1924
f 1925 	1921 	1877
f 1882 	1922 	1926
f 1927 	1923 	1882
f 1877 	1924 	1928
f 1929 	1925 	1877
f 1882 	1926 	1930
f 1931 	1927 	1882
f 1877 	1928 	1932
f 1933 	1929 	1877
f 1931 	1882 	1930
f 1877 	1932 	1934
f 1935 	1933 	1877
f 1931 	1930 	1936
f 1877 	1934 	1937
f 1938 	1935 	1877
f 1931 	1936 	1939
f 1877 	1937 	1940
f 1931 	1939 	1941
f 1877 	1940 	1942
f 1931 	1941 	1943
f 1877 	1942 	1944
f 1931 	1943 	1945
f 1877 	1944 	1946
f 1931 	1945 	1947
f 1877 	1946 	1948
f 1931 	1947 	1949
f 1877 	1948 	1950
f 1931 	1949 	1951
f 1938 	1877 	1950
f 1931 	1951 	1952
f 1938 	1950 	1953
f 1931 	1952 	1954
f 1938 	1953 	1955
f 1931 	1954 	1956
f 1938 	1955 	1957
f 1931 	1956 	1958
f 1938 	1957 	1959
f 1931 	1958 	1960
f 1938 	1959 	1961
f 1962 	1931 	1960
f 1938 	1961 	1963
f 1964 	1962 	1960
f 1938 	1963 	1965
f 1966 	1964 	1960
f 1938 	1965 	1967
f 1968 	1966 	1960
f 1938 	1967 	1969
f 1970 	1968 	1960
f 1938 	1969 	1971
f 1972 	1970 	1960
f 1938 	1971 	1973
f 1974 	1972 	1960
f 1960 	1938 	1973
f 1973 	1974 	1960
f 1975 	1976 	1977
f 1977 	1978 	1979
f 1980 	1981 	1982
f 1982 	1983 	1984
f 1985 	1986 	1987
f 1988 	1975 	1977
f 1977 	1979 	1989
f 1990 	1980 	1982
f 1982 	1984 	1991
f 1992 	1988 	1977
f 1977 	1989 	1993
f 1994 	1990 	1982
f 1982 	1991 	1995
f 1996 	1992 	1977
f 1977 	1993 	1997
f 1998 	1994 	1982
f 1982 	1995 	1999
f 2000 	1996 	1977
f 1977 	1997 	2001
f 2002 	1998 	1982
f 1982 	1999 	2003
f 2004 	2000 	1977
f 1977 	2001 	2005
f 2006 	2002 	1982
f 1982 	2003 	2007
f 2008 	2004 	1977
f 1977 	2005 	2009
f 2010 	2006 	1982
f 1982 	2007 	1985
f 2011 	2008 	1977
f 1977 	2009 	2012
f 2013 	2010 	1982
f 1982 	1985 	1987
f 2014 	2011 	1977
f 1977 	2012 	2015
f 2016 	2013 	1982
f 1982 	1987 	2017
f 2018 	2014 	1977
f 1977 	2015 	2019
f 2020 	2016 	1982
f 1982 	2017 	2021
f 2022 	2018 	1977
f 1977 	2019 	2023
f 2024 	2020 	1982
f 1982 	2021 	2025
f 2026 	2022 	1977
f 1977 	2023 	2027
f 2028 	2024 	1982
f 1982 	2025 	2029
f 2030 	2026 	1977
f 1977 	2027 	2031
f 2028 	1982 	2029
f 2032 	2030 	1977
f 1977 	2031 	2033
f 2034 	2028 	2029
f 2035 	2032 	1977
f 1977 	2033 	2036
f 2037 	2034 	2029
f 2038 	2035 	1977
f 2039 	2037 	2029
f 2040 	2038 	1977
f 2041 	2039 	2029
f 2042 	2040 	1977
f 2043 	2041 	2029
f 2044 	2042 	1977
f 2045 	2043 	2029
f 2046 	2044 	1977
f 2047 	2045 	2029
f 2048 	2046 	1977
f 2049 	2047 	2029
f 2048 	1977 	2036
f 2050 	2049 	2029
f 2051 	2048 	2036
f 2052 	2050 	2029
f 2053 	2051 	2036
f 2054 	2052 	2029
f 2055 	2053 	2036
f 2056 	2054 	2029
f 2057 	2055 	2036
f 2058 	2056 	2029
f 2059 	2057 	2036
f 2058 	2029 	2060
f 2061 	2059 	2036
f 2058 	2060 	2062
f 2063 	2061 	2036
f 2058 	2062 	2064
f 2065 	2063 	2036
f 2058 	2064 	2066
f 2067 	2065 	2036
f 2058 	2066 	2068
f 2069 	2067 	2036
f 2058 	2068 	2070
f 2071 	2069 	2036
f 2058 	2070 	2072
f 2071 	2036 	2058
f 2058 	2072 	2071
f 1877 	1881 	1977
f 1881 	1978 	1977
f 1881 	1880 	1978
f 1880 	1979 	1978
f 1880 	1891 	1979
f 1891 	1989 	1979
f 1891 	1895 	1989
f 1895 	1993 	1989
f 1895 	1899 	1993
f 1899 	1997 	1993
f 1899 	1903 	1997
f 1903 	2001 	1997
f 1903 	1907 	2001
f 1907 	2005 	2001
f 1907 	1911 	2005
f 1911 	2009 	2005
f 1911 	1914 	2009
f 1914 	2012 	2009
f 1914 	1917 	2012
f 1917 	2015 	2012
f 1917 	1921 	2015
f 1921 	2019 	2015
f 1921 	1925 	2019
f 1925 	2023 	2019
f 1925 	1929 	2023
f 1929 	2027 	2023
f 1929 	1933 	2027
f 1933 	2031 	2027
f 1933 	1935 	2031
f 1935 	2033 	2031
f 1935 	1938 	2033
f 1938 	2036 	2033
f 1938 	1960 	2036
f 1960 	2058 	2036
f 1960 	1958 	2058
f 1958 	2056 	2058
f 1958 	1956 	2056
f 1956 	2054 	2056
f 1956 	1954 	2054
f 1954 	2052 	2054
f 1954 	1952 	2052
f 1952 	2050 	2052
f 1952 	1951 	2050
f 1951 	2049 	2050
f 1951 	1949 	2049
f 1949 	2047 	2049
f 1949 	1947 	2047
f 1947 	2045 	2047
f 1947 	1945 	2045
f 1945 	2043 	2045
f 1945 	1943 	2043
f 1943 	2041 	2043
f 1943 	1941 	2041
f 1941 	2039 	2041
f 1941 	1939 	2039
f 1939 	2037 	2039
f 1939 	1936 	2037
f 1936 	2034 	2037
f 1936 	1930 	2034
f 1930 	2028 	2034
f 1930 	1926 	2028
f 1926 	2024 	2028
f 1926 	1922 	2024
f 1922 	2020 	2024
f 1922 	1918 	2020
f 1918 	2016 	2020
f 1918 	1915 	2016
f 1915 	2013 	2016
f 1915 	1912 	2013
f 1912 	2010 	2013
f 1912 	1908 	2010
f 1908 	2006 	2010
f 1908 	1904 	2006
f 1904 	2002 	2006
f 1904 	1900 	2002
f 1900 	1998 	2002
f 1900 	1896 	1998
f 1896 	1994 	1998
f 1896 	1892 	1994
f 1892 	1990 	1994
f 1892 	1884 	1990
f 1884 	1980 	1990
f 1884 	1883 	1980
f 1883 	1981 	1980
f 1883 	1882 	1981
f 1882 	1982 	1981
f 1882 	1886 	1982
f 1886 	1983 	1982
f 1886 	1885 	1983
f 1885 	1984 	1983
f 1885 	1893 	1984
f 1893 	1991 	1984
f 1893 	1897 	1991
f 1897 	1995 	1991
f 1897 	1901 	1995
f 1901 	1999 	1995
f 1901 	1905 	1999
f 1905 	2003 	1999
f 1905 	1909 	2003
f 1909 	2007 	2003
f 1909 	1889 	2007
f 1889 	1985 	2007
f 1889 	1888 	1985
f 1888 	1986 	1985
f 1888 	1887 	1986
f 1887 	1987 	1986
f 1887 	1919 	1987
f 1919 	2017 	1987
f 1919 	1923 	2017
f 1923 	2021 	2017
f 1923 	1927 	2021
f 1927 	2025 	2021
f 1927 	1931 	2025
f 1931 	2029 	2025
f 1931 	1962 	2029
f 1962 	2060 	2029
f 1962 	1964 	2060
f 1964 	2062 	2060
f 1964 	1966 	2062
f 1966 	2064 	2062
f 1966 	1968 	2064
f 1968 	2066 	2064
f 1968 	1970 	2066
f 1970 	2068 	2066
f 1970 	1972 	2068
f 1972 	2070 	2068
f 1972 	1974 	2070
f 1974 	2072 	2070
f 1974 	1973 	2072
f 1973 	2071 	2072
f 1973 	1971 	2071
f 1971 	2069 	2071
f 1971 	1969 	2069
f 1969 	2067 	2069
f 1969 	1967 	2067
f 1967 	2065 	2067
f 1967 	1965 	2065
f 1965 	2063 	2065
f 1965 	1963 	2063
f 1963 	2061 	2063
f 1963 	1961 	2061
f 1961 	2059 	2061
f 1961 	1959 	2059
f 1959 	2057 	2059
f 1959 	1957 	2057
f 1957 	2055 	2057
f 1957 	1955 	2055
f 1955 	2053 	2055
f 1955 	1953 	2053
f 1953 	2051 	2053
f 1953 	1950 	2051
f 1950 	2048 	2051
f 1950 	1948 	2048
f 1948 	2046 	2048
f 1948 	1946 	2046
f 1946 	2044 	2046
f 1946 	1944 	2044
f 1944 	2042 	2044
f 1944 	1942 	2042
f 1942 	2040 	2042
f 1942 	1940 	2040
f 1940 	2038 	2040
f 1940 	1937 	2038
f 1937 	2035 	2038
f 1937 	1934 	2035
f 1934 	2032 	2035
f 1934 	1932 	2032
f 1932 	2030 	2032
f 1932 	1928 	2030
f 1928 	2026 	2030
f 1928 	1924 	2026
f 1924 	2022 	2026
f 1924 	1920 	2022
f 1920 	2018 	2022
f 1920 	1916 	2018
f 1916 	2014 	2018
f 1916 	1913 	2014
f 1913 	2011 	2014
f 1913 	1910 	2011
f 1910 	2008 	2011
f 1910 	1906 	2008
f 1906 	2004 	2008
f 1906 	1902 	2004
f 1902 	2000 	2004
f 1902 	1898 	2000
f 1898 	1996 	2000
f 1898 	1894 	1996
f 1894 	1992 	1996
f 1894 	1890 	1992
f 1890 	1988 	1992
f 1890 	1879 	1988
f 1879 	1975 	1988
f 1879 	1878 	1975
f 1878 	1976 	1975
f 1878 	1877 	1976
f 1877 	1977 	1976
f 2073 	2074 	2075
f 2076 	2077 	2073
f 2078 	2079 	2076
f 2080 	2081 	2078
f 2082 	2083 	2080
f 2084 	2085 	2082
f 2086 	2087 	2084
f 2088 	2089 	2086
f 2090 	2091 	2088
f 2092 	2093 	2090
f 2094 	2095 	2092
f 2096 	2097 	2094
f 2098 	2099 	2096
f 2100 	2101 	2098
f 2102 	2103 	2100
f 2104 	2105 	2102
f 2106 	2107 	2104
f 2108 	2109 	2106
f 2110 	2111 	2108
f 2112 	2113 	2110
f 2114 	2115 	2112
f 2116 	2117 	2114
f 2118 	2119 	2116
f 2120 	2121 	2118
f 2122 	2123 	2120
f 2124 	2125 	2122
f 2126 	2127 	2124
f 2128 	2129 	2126
f 2130 	2131 	2128
f 2132 	2133 	2130
f 2134 	2135 	2132
f 2136 	2137 	2134
f 2138 	2139 	2136
f 2140 	2141 	2138
f 2142 	2143 	2140
f 2144 	2145 	2142
f 2146 	2147 	2144
f 2148 	2149 	2146
f 2150 	2151 	2148
f 2152 	2153 	2150
f 2154 	2155 	2152
f 2156 	2157 	2154
f 2158 	2159 	2156
f 2160 	2161 	2158
f 2162 	2163 	2160
f 2164 	2165 	2162
f 2166 	2167 	2164
f 2075 	2168 	2166
f 2076 	2073 	2075
f 2080 	2078 	2076
f 2084 	2082 	2080
f 2088 	2086 	2084
f 2092 	2090 	2088
f 2096 	2094 	2092
f 2100 	2098 	2096
f 2104 	2102 	2100
f 2108 	2106 	2104
f 2112 	2110 	2108
f 2116 	2114 	2112
f 2120 	2118 	2116
f 2124 	2122 	2120
f 2128 	2126 	2124
f 2132 	2130 	2128
f 2136 	2134 	2132
f 2140 	2138 	2136
f 2144 	2142 	2140
f 2148 	2146 	2144
f 2152 	2150 	2148
f 2156 	2154 	2152
f 2160 	2158 	2156
f 2164 	2162 	2160
f 2075 	2166 	2164
f 2080 	2076 	2075
f 2088 	2084 	2080
f 2096 	2092 	2088
f 2104 	2100 	2096
f 2112 	2108 	2104
f 2120 	2116 	2112
f 2128 	2124 	2120
f 2136 	2132 	2128
f 2144 	2140 	2136
f 2152 	2148 	2144
f 2160 	2156 	2152
f 2075 	2164 	2160
f 2088 	2080 	2075
f 2104 	2096 	2088
f 2120 	2112 	2104
f 2136 	2128 	2120
f 2152 	2144 	2136
f 2075 	2160 	2152
f 2104 	2088 	2075
f 2136 	2120 	2104
f 2075 	2152 	2136
f 2136 	2104 	2075
f 2169 	2170 	2171
f 2171 	2172 	2173
f 2173 	2174 	2175
f 2175 	2176 	2177
f 2177 	2178 	2179
f 2179 	2180 	2181
f 2181 	2182 	2183
f 2183 	2184 	2185
f 2185 	2186 	2187
f 2187 	2188 	2189
f 2189 	2190 	2191
f 2191 	2192 	2193
f 2193 	2194 	2195
f 2195 	2196 	2197
f 2197 	2198 	2199
f 2199 	2200 	2201
f 2201 	2202 	2203
f 2203 	2204 	2205
f 2205 	2206 	2207
f 2207 	2208 	2209
f 2209 	2210 	2211
f 2211 	2212 	2213
f 2213 	2214 	2215
f 2215 	2216 	2217
f 2217 	2218 	2219
f 2219 	2220 	2221
f 2221 	2222 	2223
f 2223 	2224 	2225
f 2225 	2226 	2227
f 2227 	2228 	2229
f 2229 	2230 	2231
f 2231 	2232 	2233
f 2233 	2234 	2235
f 2235 	2236 	2237
f 2237 	2238 	2239
f 2239 	2240 	2241
f 2241 	2242 	2243
f 2243 	2244 	2245
f 2245 	2246 	2247
f 2247 	2248 	2249
f 2249 	2250 	2251
f 2251 	2252 	2253
f 2253 	2254 	2255
f 2255 	2256 	2257
f 2257 	2258 	2259
f 2259 	2260 	2261
f 2261 	2262 	2263
f 2263 	2264 	2169
f 2169 	2171 	2173
f 2173 	2175 	2177
f 2177 	2179 	2181
f 2181 	2183 	2185
f 2185 	2187 	2189
f 2189 	2191 	2193
f 2193 	2195 	2197
f 2197 	2199 	2201
f 2201 	2203 	2205
f 2205 	2207 	2209
f 2209 	2211 	2213
f 2213 	2215 	2217
f 2217 	2219 	2221
f 2221 	2223 	2225
f 2225 	2227 	2229
f 2229 	2231 	2233
f 2233 	2235 	2237
f 2237 	2239 	2241
f 2241 	2243 	2245
f 2245 	2247 	2249
f 2249 	2251 	2253
f 2253 	2255 	2257
f 2257 	2259 	2261
f 2261 	2263 	2169
f 2169 	2173 	2177
f 2177 	2181 	2185
f 2185 	2189 	2193
f 2193 	2197 	2201
f 2201 	2205 	2209
f 2209 	2213 	2217
f 2217 	2221 	2225
f 2225 	2229 	2233
f 2233 	2237 	2241
f 2241 	2245 	2249
f 2249 	2253 	2257
f 2257 	2261 	2169
f 2169 	2177 	2185
f 2185 	2193 	2201
f 2201 	2209 	2217
f 2217 	2225 	2233
f 2233 	2241 	2249
f 2249 	2257 	2169
f 2169 	2185 	2201
f 2201 	2217 	2233
f 2233 	2249 	2169
f 2169 	2201 	2233
f 2073 	2077 	2171
f 2077 	2172 	2171
f 2077 	2076 	2172
f 2076 	2173 	2172
f 2076 	2079 	2173
f 2079 	2174 	2173
f 2079 	2078 	2174
f 2078 	2175 	2174
f 2078 	2081 	2175
f 2081 	2176 	2175
f 2081 	2080 	2176
f 2080 	2177 	2176
f 2080 	2083 	2177
f 2083 	2178 	2177
f 2083 	2082 	2178
f 2082 	2179 	2178
f 2082 	2085 	2179
f 2085 	2180 	2179
f 2085 	2084 	2180
f 2084 	2181 	2180
f 2084 	2087 	2181
f 2087 	2182 	2181
f 2087 	2086 	2182
f 2086 	2183 	2182
f 2086 	2089 	2183
f 2089 	2184 	2183
f 2089 	2088 	2184
f 2088 	2185 	2184
f 2088 	2091 	2185
f 2091 	2186 	2185
f 2091 	2090 	2186
f 2090 	2187 	2186
f 2090 	2093 	2187
f 2093 	2188 	2187
f 2093 	2092 	2188
f 2092 	2189 	2188
f 2092 	2095 	2189
f 2095 	2190 	2189
f 2095 	2094 	2190
f 2094 	2191 	2190
f 2094 	2097 	2191
f 2097 	2192 	2191
f 2097 	2096 	2192
f 2096 	2193 	2192
f 2096 	2099 	2193
f 2099 	2194 	2193
f 2099 	2098 	2194
f 2098 	2195 	2194
f 2098 	2101 	2195
f 2101 	2196 	2195
f 2101 	2100 	2196
f 2100 	2197 	2196
f 2100 	2103 	2197
f 2103 	2198 	2197
f 2103 	2102 	2198
f 2102 	2199 	2198
f 2102 	2105 	2199
f 2105 	2200 	2199
f 2105 	2104 	2200
f 2104 	2201 	2200
f 2104 	2107 	2201
f 2107 	2202 	2201
f 2107 	2106 	2202
f 2106 	2203 	2202
f 2106 	2109 	2203
f 2109 	2204 	2203
f 2109 	2108 	2204
f 2108 	2205 	2204
f 2108 	2111 	2205
f 2111 	2206 	2205
f 2111 	2110 	2206
f 2110 	2207 	2206
f 2110 	2113 	2207
f 2113 	2208 	2207
f 2113 	2112 	2208
f 2112 	2209 	2208
f 2112 	2115 	2209
f 2115 	2210 	2209
f 2115 	2114 	2210
f 2114 	2211 	2210
f 2114 	2117 	2211
f 2117 	2212 	2211
f 2117 	2116 	2212
f 2116 	2213 	2212
f 2116 	2119 	2213
f 2119 	2214 	2213
f 2119 	2118 	2214
f 2118 	2215 	2214
f 2118 	2121 	2215
f 2121 	2216 	2215
f 2121 	2120 	2216
f 2120 	2217 	2216
f 2120 	2123 	2217
f 2123 	2218 	2217
f 2123 	2122 	2218
f 2122 	2219 	2218
f 2122 	2125 	2219
f 2125 	2220 	2219
f 2125 	2124 	2220
f 2124 	2221 	2220
f 2124 	2127 	2221
f 2127 	2222 	2221
f 2127 	2126 	2222
f 2126 	2223 	2222
f 2126 	2129 	2223
f 2129 	2224 	2223
f 2129 	2128 	2224
f 2128 	2225 	2224
f 2128 	2131 	2225
f 2131 	2226 	2225
f 2131 	2130 	2226
f 2130 	2227 	2226
f 2130 	2133 	2227
f 2133 	2228 	2227
f 2133 	2132 	2228
f 2132 	2229 	2228
f 2132 	2135 	2229
f 2135 	2230 	2229
f 2135 	2134 	2230
f 2134 	2231 	2230
f 2134 	2137 	2231
f 2137 	2232 	2231
f 2137 	2136 	2232
f 2136 	2233 	2232
f 2136 	2139 	2233
f 2139 	2234 	2233
f 2139 	2138 	2234
f 2138 	2235 	2234
f 2138 	2141 	2235
f 2141 	2236 	2235
f 2141 	2140 	2236
f 2140 	2237 	2236
f 2140 	2143 	2237
f 2143 	2238 	2237
f 2143 	2142 	2238
f 2142 	2239 	2238
f 2142 	2145 	2239
f 2145 	2240 	2239
f 2145 	2144 	2240
f 2144 	2241 	2240
f 2144 	2147 	2241
f 2147 	2242 	2241
f 2147 	2146 	2242
f 2146 	2243 	2242
f 2146 	2149 	2243
f 2149 	2244 	2243
f 2149 	2148 	2244
f 2148 	2245 	2244
f 2148 	2151 	2245
f 2151 	2246 	2245
f 2151 	2150 	2246
f 2150 	2247 	2246
f 2150 	2153 	2247
f 2153 	2248 	2247
f 2153 	2152 	2248
f 2152 	2249 	2248
f 2152 	2155 	2249
f 2155 	2250 	2249
f 2155 	2154 	2250
f 2154 	2251 	2250
f 2154 	2157 	2251
f 2157 	2252 	2251
f 2157 	2156 	2252
f 2156 	2253 	2252
f 2156 	2159 	2253
f 2159 	2254 	2253
f 2159 	2158 	2254
f 2158 	2255 	2254
f 2158 	2161 	2255
f 2161 	2256 	2255
f 2161 	2160 	2256
f 2160 	2257 	2256
f 2160 	2163 	2257
f 2163 	2258 	2257
f 2163 	2162 	2258
f 2162 	2259 	2258
f 2162 	2165 	2259
f 2165 	2260 	2259
f 2165 	2164 	2260
f 2164 	2261 	2260
f 2164 	2167 	2261
f 2167 	2262 	2261
f 2167 	2166 	2262
f 2166 	2263 	2262
f 2166 	2168 	2263
f 2168 	2264 	2263
f 2168 	2075 	2264
f 2075 	2169 	2264
f 2075 	2074 	2169
f 2074 	2170 	2169
f 2074 	2073 	2170
f 2073 	2171 	2170
f 2265 	2266 	2267
f 2268 	2269 	2265
f 2270 	2271 	2272
f 2265 	2267 	2273
f 2274 	2268 	2265
f 2275 	2270 	2272
f 2265 	2273 	2276
f 2277 	2274 	2265
f 2278 	2275 	2272
f 2265 	2276 	2279
f 2280 	2277 	2265
f 2281 	2278 	2272
f 2265 	2279 	2282
f 2283 	2280 	2265
f 2284 	2281 	2272
f 2265 	2282 	2285
f 2286 	2283 	2265
f 2287 	2284 	2272
f 2265 	2285 	2288
f 2289 	2286 	2265
f 2290 	2287 	2272
f 2265 	2288 	2291
f 2292 	2289 	2265
f 2293 	2290 	2272
f 2265 	2291 	2294
f 2295 	2292 	2265
f 2296 	2293 	2272
f 2265 	2294 	2297
f 2298 	2295 	2265
f 2299 	2296 	2272
f 2265 	2297 	2300
f 2301 	2298 	2265
f 2302 	2299 	2272
f 2265 	2300 	2303
f 2304 	2301 	2265
f 2305 	2302 	2272
f 2265 	2303 	2306
f 2307 	2304 	2265
f 2308 	2305 	2272
f 2265 	2306 	2309
f 2310 	2307 	2265
f 2311 	2308 	2272
f 2265 	2309 	2312
f 2313 	2310 	2265
f 2314 	2311 	2272
f 2265 	2312 	2315
f 2316 	2313 	2265
f 2317 	2314 	2272
f 2316 	2265 	2315
f 2318 	2317 	2272
f 2316 	2315 	2319
f 2320 	2318 	2272
f 2316 	2319 	2321
f 2322 	2320 	2272
f 2316 	2321 	2323
f 2324 	2322 	2272
f 2316 	2323 	2325
f 2326 	2324 	2272
f 2316 	2325 	2327
f 2326 	2272 	2328
f 2316 	2327 	2329
f 2326 	2328 	2330
f 2316 	2329 	2331
f 2326 	2330 	2332
f 2316 	2331 	2333
f 2326 	2332 	2334
f 2316 	2333 	2335
f 2326 	2334 	2336
f 2337 	2316 	2335
f 2326 	2336 	2338
f 2339 	2337 	2335
f 2326 	2338 	2340
f 2341 	2339 	2335
f 2342 	2326 	2340
f 2340 	2341 	2335
f 2343 	2342 	2340
f 2340 	2335 	2344
f 2345 	2343 	2340
f 2340 	2344 	2346
f 2346 	2345 	2340
f 2347 	2348 	2349
f 2349 	2350 	2351
f 2352 	2353 	2354
f 2355 	2347 	2349
f 2349 	2351 	2356
f 2352 	2354 	2357
f 2358 	2355 	2349
f 2349 	2356 	2359
f 2352 	2357 	2360
f 2361 	2358 	2349
f 2349 	2359 	2362
f 2352 	2360 	2363
f 2364 	2361 	2349
f 2349 	2362 	2365
f 2352 	2363 	2366
f 2367 	2364 	2349
f 2349 	2365 	2368
f 2352 	2366 	2369
f 2370 	2367 	2349
f 2349 	2368 	2371
f 2352 	2369 	2372
f 2373 	2370 	2349
f 2349 	2371 	2374
f 2352 	2372 	2375
f 2376 	2373 	2349
f 2349 	2374 	2377
f 2352 	2375 	2378
f 2379 	2376 	2349
f 2349 	2377 	2380
f 2352 	2378 	2381
f 2382 	2379 	2349
f 2349 	2380 	2383
f 2352 	2381 	2384
f 2385 	2382 	2349
f 2349 	2383 	2386
f 2352 	2384 	2387
f 2388 	2385 	2349
f 2349 	2386 	2389
f 2352 	2387 	2390
f 2391 	2388 	2349
f 2349 	2389 	2392
f 2352 	2390 	2393
f 2394 	2391 	2349
f 2349 	2392 	2395
f 2352 	2393 	2396
f 2397 	2394 	2349
f 2349 	2395 	2398
f 2352 	2396 	2399
f 2397 	2349 	2398
f 2352 	2399 	2400
f 2401 	2397 	2398
f 2352 	2400 	2402
f 2403 	2401 	2398
f 2352 	2402 	2404
f 2405 	2403 	2398
f 2352 	2404 	2406
f 2407 	2405 	2398
f 2352 	2406 	2408
f 2409 	2407 	2398
f 2410 	2352 	2408
f 2411 	2409 	2398
f 2412 	2410 	2408
f 2413 	2411 	2398
f 2414 	2412 	2408
f 2415 	2413 	2398
f 2416 	2414 	2408
f 2417 	2415 	2398
f 2418 	2416 	2408
f 2417 	2398 	2419
f 2420 	2418 	2408
f 2417 	2419 	2421
f 2422 	2420 	2408
f 2417 	2421 	2423
f 2422 	2408 	2424
f 2417 	2423 	2422
f 2422 	2424 	2425
f 2426 	2417 	2422
f 2422 	2425 	2427
f 2428 	2426 	2422
f 2422 	2427 	2428
f 2266 	2265 	2348
f 2265 	2349 	2348
f 2265 	2269 	2349
f 2269 	2350 	2349
f 2269 	2268 	2350
f 2268 	2351 	2350
f 2268 	2274 	2351
f 2274 	2356 	2351
f 2274 	2277 	2356
f 2277 	2359 	2356
f 2277 	2280 	2359
f 2280 	2362 	2359
f 2280 	2283 	2362
f 2283 	2365 	2362
f 2283 	2286 	2365
f 2286 	2368 	2365
f 2286 	2289 	2368
f 2289 	2371 	2368
f 2289 	2292 	2371
f 2292 	2374 	2371
f 2292 	2295 	2374
f 2295 	2377 	2374
f 2295 	2298 	2377
f 2298 	2380 	2377
f 2298 	2301 	2380
f 2301 	2383 	2380
f 2301 	2304 	2383
f 2304 	2386 	2383
f 2304 	2307 	2386
f 2307 	2389 	2386
f 2307 	2310 	2389
f 2310 	2392 	2389
f 2310 	2313 	2392
f 2313 	2395 	2392
f 2313 	2316 	2395
f 2316 	2398 	2395
f 2316 	2337 	2398
f 2337 	2419 	2398
f 2337 	2339 	2419
f 2339 	2421 	2419
f 2339 	2341 	2421
f 2341 	2423 	2421
f 2341 	2340 	2423
f 2340 	2422 	2423
f 2340 	2338 	2422
f 2338 	2420 	2422
f 2338 	2336 	2420
f 2336 	2418 	2420
f 2336 	2334 	2418
f 2334 	2416 	2418
f 2334 	2332 	2416
f 2332 	2414 	2416
f 2332 	2330 	2414
f 2330 	2412 	2414
f 2330 	2328 	2412
f 2328 	2410 	2412
f 2328 	2272 	2410
f 2272 	2352 	2410
f 2272 	2271 	2352
f 2271 	2353 	2352
f 2271 	2270 	2353
f 2270 	2354 	2353
f 2270 	2275 	2354
f 2275 	2357 	2354
f 2275 	2278 	2357
f 2278 	2360 	2357
f 2278 	2281 	2360
f 2281 	2363 	2360
f 2281 	2284 	2363
f 2284 	2366 	2363
f 2284 	2287 	2366
f 2287 	2369 	2366
f 2287 	2290 	2369
f 2290 	2372 	2369
f 2290 	2293 	2372
f 2293 	2375 	2372
f 2293 	2296 	2375
f 2296 	2378 	2375
f 2296 	2299 	2378
f 2299 	2381 	2378
f 2299 	2302 	2381
f 2302 	2384 	2381
f 2302 	2305 	2384
f 2305 	2387 	2384
f 2305 	2308 	2387
f 2308 	2390 	2387
f 2308 	2311 	2390
f 2311 	2393 	2390
f 2311 	2314 	2393
f 2314 	2396 	2393
f 2314 	2317 	2396
f 2317 	2399 	2396
f 2317 	2318 	2399
f 2318 	2400 	2399
f 2318 	2320 	2400
f 2320 	2402 	2400
f 2320 	2322 	2402
f 2322 	2404 	2402
f 2322 	2324 	2404
f 2324 	2406 	2404
f 2324 	2326 	2406
f 2326 	2408 	2406
f 2326 	2342 	2408
f 2342 	2424 	2408
f 2342 	2343 	2424
f 2343 	2425 	2424
f 2343 	2345 	2425
f 2345 	2427 	2425
f 2345 	2346 	2427
f 2346 	2428 	2427
f 2346 	2344 	2428
f 2344 	2426 	2428
f 2344 	2335 	2426
f 2335 	2417 	2426
f 2335 	2333 	2417
f 2333 	2415 	2417
f 2333 	2331 	2415
f 2331 	2413 	2415
f 2331 	2329 	2413
f 2329 	2411 	2413
f 2329 	2327 	2411
f 2327 	2409 	2411
f 2327 	2325 	2409
f 2325 	2407 	2409
f 2325 	2323 	2407
f 2323 	2405 	2407
f 2323 	2321 	2405
f 2321 	2403 	2405
f 2321 	2319 	2403
f 2319 	2401 	2403
f 2319 	2315 	2401
f 2315 	2397 	2401
f 2315 	2312 	2397
f 2312 	2394 	2397
f 2312 	2309 	2394
f 2309 	2391 	2394
f 2309 	2306 	2391
f 2306 	2388 	2391
f 2306 	2303 	2388
f 2303 	2385 	2388
f 2303 	2300 	2385
f 2300 	2382 	2385
f 2300 	2297 	2382
f 2297 	2379 	2382
f 2297 	2294 	2379
f 2294 	2376 	2379
f 2294 	2291 	2376
f 2291 	2373 	2376
f 2291 	2288 	2373
f 2288 	2370 	2373
f 2288 	2285 	2370
f 2285 	2367 	2370
f 2285 	2282 	2367
f 2282 	2364 	2367
f 2282 	2279 	2364
f 2279 	2361 	2364
f 2279 	2276 	2361
f 2276 	2358 	2361
f 2276 	2273 	2358
f 2273 	2355 	2358
f 2273 	2267 	2355
f 2267 	2347 	2355
f 2267 	2266 	2347
f 2266 	2348 	2347
f 2429 	2430 	2431
f 2432 	2433 	2434
f 2435 	2436 	2432
f 2437 	2438 	2435
f 2439 	2440 	2437
f 2441 	2442 	2439
f 2443 	2444 	2441
f 2445 	2446 	2443
f 2447 	2448 	2445
f 2449 	2450 	2447
f 2451 	2452 	2449
f 2453 	2454 	2451
f 2455 	2456 	2453
f 2457 	2458 	2455
f 2459 	2460 	2457
f 2461 	2462 	2459
f 2463 	2464 	2461
f 2465 	2466 	2463
f 2467 	2468 	2465
f 2469 	2470 	2467
f 2471 	2472 	2469
f 2473 	2474 	2471
f 2475 	2476 	2473
f 2477 	2478 	2475
f 2479 	2480 	2477
f 2481 	2482 	2483
f 2484 	2485 	2481
f 2486 	2487 	2488
f 2489 	2490 	2491
f 2492 	2493 	2489
f 2494 	2429 	2431
f 2435 	2432 	2434
f 2439 	2437 	2435
f 2443 	2441 	2439
f 2447 	2445 	2443
f 2451 	2449 	2447
f 2455 	2453 	2451
f 2459 	2457 	2455
f 2463 	2461 	2459
f 2467 	2465 	2463
f 2471 	2469 	2467
f 2475 	2473 	2471
f 2479 	2477 	2475
f 2495 	2484 	2481
f 2489 	2491 	2496
f 2497 	2492 	2489
f 2498 	2494 	2431
f 2439 	2435 	2434
f 2447 	2443 	2439
f 2455 	2451 	2447
f 2463 	2459 	2455
f 2471 	2467 	2463
f 2479 	2475 	2471
f 2499 	2495 	2481
f 2489 	2496 	2500
f 2501 	2497 	2489
f 2502 	2498 	2431
f 2439 	2434 	2503
f 2455 	2447 	2439
f 2471 	2463 	2455
f 2504 	2479 	2471
f 2499 	2481 	2483
f 2489 	2500 	2505
f 2506 	2501 	2489
f 2507 	2502 	2431
f 2439 	2503 	2508
f 2471 	2455 	2439
f 2509 	2499 	2483
f 2489 	2505 	2510
f 2511 	2506 	2489
f 2512 	2507 	2431
f 2488 	2509 	2483
f 2489 	2510 	2513
f 2514 	2511 	2489
f 2515 	2512 	2431
f 2486 	2488 	2483
f 2489 	2513 	2516
f 2517 	2514 	2489
f 2518 	2515 	2431
f 2519 	2486 	2483
f 2489 	2516 	2520
f 2521 	2517 	2489
f 2522 	2518 	2431
f 2523 	2519 	2483
f 2489 	2520 	2524
f 2525 	2521 	2489
f 2526 	2522 	2431
f 2527 	2523 	2483
f 2489 	2524 	2528
f 2529 	2525 	2489
f 2530 	2526 	2431
f 2531 	2527 	2483
f 2489 	2528 	2532
f 2533 	2529 	2489
f 2534 	2530 	2431
f 2535 	2531 	2483
f 2489 	2532 	2536
f 2537 	2533 	2489
f 2538 	2534 	2431
f 2539 	2535 	2483
f 2489 	2536 	2540
f 2541 	2537 	2489
f 2542 	2538 	2431
f 2543 	2539 	2483
f 2489 	2540 	2544
f 2545 	2541 	2489
f 2546 	2542 	2431
f 2547 	2543 	2483
f 2489 	2544 	2548
f 2549 	2545 	2489
f 2550 	2546 	2431
f 2547 	2483 	2504
f 2549 	2489 	2548
f 2550 	2431 	2551
f 2552 	2547 	2504
f 2549 	2548 	2553
f 2550 	2551 	2554
f 2555 	2552 	2504
f 2549 	2553 	2556
f 2550 	2554 	2557
f 2558 	2555 	2504
f 2549 	2556 	2559
f 2550 	2557 	2560
f 2561 	2558 	2504
f 2549 	2559 	2562
f 2550 	2560 	2563
f 2564 	2561 	2504
f 2549 	2562 	2565
f 2566 	2550 	2563
f 2567 	2564 	2504
f 2549 	2565 	2568
f 2566 	2563 	2569
f 2570 	2567 	2504
f 2549 	2568 	2571
f 2566 	2569 	2572
f 2573 	2570 	2504
f 2549 	2571 	2574
f 2566 	2572 	2575
f 2576 	2573 	2504
f 2549 	2574 	2577
f 2566 	2575 	2578
f 2579 	2576 	2504
f 2549 	2577 	2579
f 2566 	2578 	2580
f 2579 	2504 	2471
f 2581 	2549 	2579
f 2566 	2580 	2582
f 2583 	2581 	2579
f 2566 	2582 	2584
f 2585 	2583 	2579
f 2586 	2566 	2584
f 2587 	2585 	2579
f 2588 	2586 	2584
f 2589 	2587 	2579
f 2590 	2588 	2584
f 2591 	2589 	2579
f 2592 	2590 	2584
f 2593 	2591 	2579
f 2592 	2584 	2594
f 2595 	2593 	2579
f 2596 	2592 	2594
f 2597 	2595 	2579
f 2508 	2596 	2594
f 2598 	2597 	2579
f 2439 	2508 	2594
f 2599 	2598 	2579
f 2439 	2594 	2600
f 2601 	2599 	2579
f 2439 	2600 	2602
f 2603 	2601 	2579
f 2439 	2602 	2604
f 2605 	2603 	2579
f 2439 	2604 	2606
f 2607 	2605 	2579
f 2439 	2606 	2608
f 2609 	2607 	2579
f 2439 	2608 	2610
f 2611 	2609 	2579
f 2439 	2610 	2612
f 2613 	2611 	2579
f 2439 	2612 	2614
f 2615 	2613 	2579
f 2439 	2614 	2616
f 2617 	2615 	2579
f 2439 	2616 	2618
f 2617 	2579 	2471
f 2439 	2618 	2619
f 2620 	2617 	2471
f 2471 	2439 	2619
f 2621 	2620 	2471
f 2471 	2619 	2622
f 2623 	2621 	2471
f 2471 	2622 	2624
f 2625 	2623 	2471
f 2471 	2624 	2626
f 2627 	2625 	2471
f 2471 	2626 	2628
f 2629 	2627 	2471
f 2471 	2628 	2630
f 2631 	2629 	2471
f 2471 	2630 	2632
f 2633 	2631 	2471
f 2471 	2632 	2634
f 2634 	2633 	2471
f 2635 	2636 	2637
f 2638 	2639 	2640
f 2640 	2641 	2642
f 2642 	2643 	2644
f 2644 	2645 	2646
f 2646 	2647 	2648
f 2648 	2649 	2650
f 2650 	2651 	2652
f 2652 	2653 	2654
f 2654 	2655 	2656
f 2656 	2657 	2658
f 2658 	2659 	2660
f 2660 	2661 	2662
f 2662 	2663 	2664
f 2664 	2665 	2666
f 2666 	2667 	2668
f 2668 	2669 	2670
f 2670 	2671 	2672
f 2672 	2673 	2674
f 2674 	2675 	2676
f 2676 	2677 	2678
f 2678 	2679 	2680
f 2680 	2681 	2682
f 2682 	2683 	2684
f 2684 	2685 	2686
f 2687 	2688 	2689
f 2689 	2690 	2691
f 2692 	2693 	2694
f 2695 	2696 	2697
f 2697 	2698 	2699
f 2635 	2637 	2700
f 2638 	2640 	2642
f 2642 	2644 	2646
f 2646 	2648 	2650
f 2650 	2652 	2654
f 2654 	2656 	2658
f 2658 	2660 	2662
f 2662 	2664 	2666
f 2666 	2668 	2670
f 2670 	2672 	2674
f 2674 	2676 	2678
f 2678 	2680 	2682
f 2682 	2684 	2686
f 2689 	2691 	2701
f 2702 	2695 	2697
f 2697 	2699 	2703
f 2635 	2700 	2704
f 2638 	2642 	2646
f 2646 	2650 	2654
f 2654 	2658 	2662
f 2662 	2666 	2670
f 2670 	2674 	2678
f 2678 	2682 	2686
f 2689 	2701 	2705
f 2706 	2702 	2697
f 2697 	2703 	2707
f 2635 	2704 	2708
f 2709 	2638 	2646
f 2646 	2654 	2662
f 2662 	2670 	2678
f 2678 	2686 	2710
f 2687 	2689 	2705
f 2711 	2706 	2697
f 2697 	2707 	2712
f 2635 	2708 	2713
f 2714 	2709 	2646
f 2646 	2662 	2678
f 2687 	2705 	2715
f 2716 	2711 	2697
f 2697 	2712 	2717
f 2635 	2713 	2718
f 2687 	2715 	2692
f 2719 	2716 	2697
f 2697 	2717 	2720
f 2635 	2718 	2721
f 2687 	2692 	2694
f 2722 	2719 	2697
f 2697 	2720 	2723
f 2635 	2721 	2724
f 2687 	2694 	2725
f 2726 	2722 	2697
f 2697 	2723 	2727
f 2635 	2724 	2728
f 2687 	2725 	2729
f 2730 	2726 	2697
f 2697 	2727 	2731
f 2635 	2728 	2732
f 2687 	2729 	2733
f 2734 	2730 	2697
f 2697 	2731 	2735
f 2635 	2732 	2736
f 2687 	2733 	2737
f 2738 	2734 	2697
f 2697 	2735 	2739
f 2635 	2736 	2740
f 2687 	2737 	2741
f 2742 	2738 	2697
f 2697 	2739 	2743
f 2635 	2740 	2744
f 2687 	2741 	2745
f 2746 	2742 	2697
f 2697 	2743 	2747
f 2635 	2744 	2748
f 2687 	2745 	2749
f 2750 	2746 	2697
f 2697 	2747 	2751
f 2635 	2748 	2752
f 2687 	2749 	2753
f 2754 	2750 	2697
f 2697 	2751 	2755
f 2635 	2752 	2756
f 2710 	2687 	2753
f 2754 	2697 	2755
f 2757 	2635 	2756
f 2710 	2753 	2758
f 2759 	2754 	2755
f 2760 	2757 	2756
f 2710 	2758 	2761
f 2762 	2759 	2755
f 2763 	2760 	2756
f 2710 	2761 	2764
f 2765 	2762 	2755
f 2766 	2763 	2756
f 2710 	2764 	2767
f 2768 	2765 	2755
f 2769 	2766 	2756
f 2710 	2767 	2770
f 2771 	2768 	2755
f 2769 	2756 	2772
f 2710 	2770 	2773
f 2774 	2771 	2755
f 2775 	2769 	2772
f 2710 	2773 	2776
f 2777 	2774 	2755
f 2778 	2775 	2772
f 2710 	2776 	2779
f 2780 	2777 	2755
f 2781 	2778 	2772
f 2710 	2779 	2782
f 2783 	2780 	2755
f 2784 	2781 	2772
f 2710 	2782 	2785
f 2785 	2783 	2755
f 2786 	2784 	2772
f 2678 	2710 	2785
f 2785 	2755 	2787
f 2788 	2786 	2772
f 2785 	2787 	2789
f 2790 	2788 	2772
f 2785 	2789 	2791
f 2790 	2772 	2792
f 2785 	2791 	2793
f 2790 	2792 	2794
f 2785 	2793 	2795
f 2790 	2794 	2796
f 2785 	2795 	2797
f 2790 	2796 	2798
f 2785 	2797 	2799
f 2800 	2790 	2798
f 2785 	2799 	2801
f 2800 	2798 	2802
f 2785 	2801 	2803
f 2800 	2802 	2714
f 2785 	2803 	2804
f 2800 	2714 	2646
f 2785 	2804 	2805
f 2806 	2800 	2646
f 2785 	2805 	2807
f 2808 	2806 	2646
f 2785 	2807 	2809
f 2810 	2808 	2646
f 2785 	2809 	2811
f 2812 	2810 	2646
f 2785 	2811 	2813
f 2814 	2812 	2646
f 2785 	2813 	2815
f 2816 	2814 	2646
f 2785 	2815 	2817
f 2818 	2816 	2646
f 2785 	2817 	2819
f 2820 	2818 	2646
f 2785 	2819 	2821
f 2822 	2820 	2646
f 2785 	2821 	2823
f 2824 	2822 	2646
f 2678 	2785 	2823
f 2825 	2824 	2646
f 2678 	2823 	2826
f 2825 	2646 	2678
f 2678 	2826 	2827
f 2828 	2825 	2678
f 2678 	2827 	2829
f 2830 	2828 	2678
f 2678 	2829 	2831
f 2832 	2830 	2678
f 2678 	2831 	2833
f 2834 	2832 	2678
f 2678 	2833 	2835
f 2836 	2834 	2678
f 2678 	2835 	2837
f 2838 	2836 	2678
f 2678 	2837 	2839
f 2840 	2838 	2678
f 2678 	2839 	2840
f 2430 	2429 	2636
f 2429 	2637 	2636
f 2429 	2494 	2637
f 2494 	2700 	2637
f 2494 	2498 	2700
f 2498 	2704 	2700
f 2498 	2502 	2704
f 2502 	2708 	2704
f 2502 	2507 	2708
f 2507 	2713 	2708
f 2507 	2512 	2713
f 2512 	2718 	2713
f 2512 	2515 	2718
f 2515 	2721 	2718
f 2515 	2518 	2721
f 2518 	2724 	2721
f 2518 	2522 	2724
f 2522 	2728 	2724
f 2522 	2526 	2728
f 2526 	2732 	2728
f 2526 	2530 	2732
f 2530 	2736 	2732
f 2530 	2534 	2736
f 2534 	2740 	2736
f 2534 	2538 	2740
f 2538 	2744 	2740
f 2538 	2542 	2744
f 2542 	2748 	2744
f 2542 	2546 	2748
f 2546 	2752 	2748
f 2546 	2550 	2752
f 2550 	2756 	2752
f 2550 	2566 	2756
f 2566 	2772 	2756
f 2566 	2586 	2772
f 2586 	2792 	2772
f 2586 	2588 	2792
f 2588 	2794 	2792
f 2588 	2590 	2794
f 2590 	2796 	2794
f 2590 	2592 	2796
f 2592 	2798 	2796
f 2592 	2596 	2798
f 2596 	2802 	2798
f 2596 	2508 	2802
f 2508 	2714 	2802
f 2508 	2503 	2714
f 2503 	2709 	2714
f 2503 	2434 	2709
f 2434 	2638 	2709
f 2434 	2433 	2638
f 2433 	2639 	2638
f 2433 	2432 	2639
f 2432 	2640 	2639
f 2432 	2436 	2640
f 2436 	2641 	2640
f 2436 	2435 	2641
f 2435 	2642 	2641
f 2435 	2438 	2642
f 2438 	2643 	2642
f 2438 	2437 	2643
f 2437 	2644 	2643
f 2437 	2440 	2644
f 2440 	2645 	2644
f 2440 	2439 	2645
f 2439 	2646 	2645
f 2439 	2442 	2646
f 2442 	2647 	2646
f 2442 	2441 	2647
f 2441 	2648 	2647
f 2441 	2444 	2648
f 2444 	2649 	2648
f 2444 	2443 	2649
f 2443 	2650 	2649
f 2443 	2446 	2650
f 2446 	2651 	2650
f 2446 	2445 	2651
f 2445 	2652 	2651
f 2445 	2448 	2652
f 2448 	2653 	2652
f 2448 	2447 	2653
f 2447 	2654 	2653
f 2447 	2450 	2654
f 2450 	2655 	2654
f 2450 	2449 	2655
f 2449 	2656 	2655
f 2449 	2452 	2656
f 2452 	2657 	2656
f 2452 	2451 	2657
f 2451 	2658 	2657
f 2451 	2454 	2658
f 2454 	2659 	2658
f 2454 	2453 	2659
f 2453 	2660 	2659
f 2453 	2456 	2660
f 2456 	2661 	2660
f 2456 	2455 	2661
f 2455 	2662 	2661
f 2455 	2458 	2662
f 2458 	2663 	2662
f 2458 	2457 	2663
f 2457 	2664 	2663
f 2457 	2460 	2664
f 2460 	2665 	2664
f 2460 	2459 	2665
f 2459 	2666 	2665
f 2459 	2462 	2666
f 2462 	2667 	2666
f 2462 	2461 	2667
f 2461 	2668 	2667
f 2461 	2464 	2668
f 2464 	2669 	2668
f 2464 	2463 	2669
f 2463 	2670 	2669
f 2463 	2466 	2670
f 2466 	2671 	2670
f 2466 	2465 	2671
f 2465 	2672 	2671
f 2465 	2468 	2672
f 2468 	2673 	2672
f 2468 	2467 	2673
f 2467 	2674 	2673
f 2467 	2470 	2674
f 2470 	2675 	2674
f 2470 	2469 	2675
f 2469 	2676 	2675
f 2469 	2472 	2676
f 2472 	2677 	2676
f 2472 	2471 	2677
f 2471 	2678 	2677
f 2471 	2474 	2678
f 2474 	2679 	2678
f 2474 	2473 	2679
f 2473 	2680 	2679
f 2473 	2476 	2680
f 2476 	2681 	2680
f 2476 	2475 	2681
f 2475 	2682 	2681
f 2475 	2478 	2682
f 2478 	2683 	2682
f 2478 	2477 	2683
f 2477 	2684 	2683
f 2477 	2480 	2684
f 2480 	2685 	2684
f 2480 	2479 	2685
f 2479 	2686 	2685
f 2479 	2504 	2686
f 2504 	2710 	2686
f 2504 	2483 	2710
f 2483 	2687 	2710
f 2483 	2482 	2687
f 2482 	2688 	2687
f 2482 	2481 	2688
f 2481 	2689 	2688
f 2481 	2485 	2689
f 2485 	2690 	2689
f 2485 	2484 	2690
f 2484 	2691 	2690
f 2484 	2495 	2691
f 2495 	2701 	2691
f 2495 	2499 	2701
f 2499 	2705 	2701
f 2499 	2509 	2705
f 2509 	2715 	2705
f 2509 	2488 	2715
f 2488 	2692 	2715
f 2488 	2487 	2692
f 2487 	2693 	2692
f 2487 	2486 	2693
f 2486 	2694 	2693
f 2486 	2519 	2694
f 2519 	2725 	2694
f 2519 	2523 	2725
f 2523 	2729 	2725
f 2523 	2527 	2729
f 2527 	2733 	2729
f 2527 	2531 	2733
f 2531 	2737 	2733
f 2531 	2535 	2737
f 2535 	2741 	2737
f 2535 	2539 	2741
f 2539 	2745 	2741
f 2539 	2543 	2745
f 2543 	2749 	2745
f 2543 	2547 	2749
f 2547 	2753 	2749
f 2547 	2552 	2753
f 2552 	2758 	2753
f 2552 	2555 	2758
f 2555 	2761 	2758
f 2555 	2558 	2761
f 2558 	2764 	2761
f 2558 	2561 	2764
f 2561 	2767 	2764
f 2561 	2564 	2767
f 2564 	2770 	2767
f 2564 	2567 	2770
f 2567 	2773 	2770
f 2567 	2570 	2773
f 2570 	2776 	2773
f 2570 	2573 	2776
f 2573 	2779 	2776
f 2573 	2576 	2779
f 2576 	2782 	2779
f 2576 	2579 	2782
f 2579 	2785 	2782
f 2579 	2577 	2785
f 2577 	2783 	2785
f 2577 	2574 	2783
f 2574 	2780 	2783
f 2574 	2571 	2780
f 2571 	2777 	2780
f 2571 	2568 	2777
f 2568 	2774 	2777
f 2568 	2565 	2774
f 2565 	2771 	2774
f 2565 	2562 	2771
f 2562 	2768 	2771
f 2562 	2559 	2768
f 2559 	2765 	2768
f 2559 	2556 	2765
f 2556 	2762 	2765
f 2556 	2553 	2762
f 2553 	2759 	2762
f 2553 	2548 	2759
f 2548 	2754 	2759
f 2548 	2544 	2754
f 2544 	2750 	2754
f 2544 	2540 	2750
f 2540 	2746 	2750
f 2540 	2536 	2746
f 2536 	2742 	2746
f 2536 	2532 	2742
f 2532 	2738 	2742
f 2532 	2528 	2738
f 2528 	2734 	2738
f 2528 	2524 	2734
f 2524 	2730 	2734
f 2524 	2520 	2730
f 2520 	2726 	2730
f 2520 	2516 	2726
f 2516 	2722 	2726
f 2516 	2513 	2722
f 2513 	2719 	2722
f 2513 	2510 	2719
f 2510 	2716 	2719
f 2510 	2505 	2716
f 2505 	2711 	2716
f 2505 	2500 	2711
f 2500 	2706 	2711
f 2500 	2496 	2706
f 2496 	2702 	2706
f 2496 	2491 	2702
f 2491 	2695 	2702
f 2491 	2490 	2695
f 2490 	2696 	2695
f 2490 	2489 	2696
f 2489 	2697 	2696
f 2489 	2493 	2697
f 2493 	2698 	2697
f 2493 	2492 	2698
f 2492 	2699 	2698
f 2492 	2497 	2699
f 2497 	2703 	2699
f 2497 	2501 	2703
f 2501 	2707 	2703
f 2501 	2506 	2707
f 2506 	2712 	2707
f 2506 	2511 	2712
f 2511 	2717 	2712
f 2511 	2514 	2717
f 2514 	2720 	2717
f 2514 	2517 	2720
f 2517 	2723 	2720
f 2517 	2521 	2723
f 2521 	2727 	2723
f 2521 	2525 	2727
f 2525 	2731 	2727
f 2525 	2529 	2731
f 2529 	2735 	2731
f 2529 	2533 	2735
f 2533 	2739 	2735
f 2533 	2537 	2739
f 2537 	2743 	2739
f 2537 	2541 	2743
f 2541 	2747 	2743
f 2541 	2545 	2747
f 2545 	2751 	2747
f 2545 	2549 	2751
f 2549 	2755 	2751
f 2549 	2581 	2755
f 2581 	2787 	2755
f 2581 	2583 	2787
f 2583 	2789 	2787
f 2583 	2585 	2789
f 2585 	2791 	2789
f 2585 	2587 	2791
f 2587 	2793 	2791
f 2587 	2589 	2793
f 2589 	2795 	2793
f 2589 	2591 	2795
f 2591 	2797 	2795
f 2591 	2593 	2797
f 2593 	2799 	2797
f 2593 	2595 	2799
f 2595 	2801 	2799
f 2595 	2597 	2801
f 2597 	2803 	2801
f 2597 	2598 	2803
f 2598 	2804 	2803
f 2598 	2599 	2804
f 2599 	2805 	2804
f 2599 	2601 	2805
f 2601 	2807 	2805
f 2601 	2603 	2807
f 2603 	2809 	2807
f 2603 	2605 	2809
f 2605 	2811 	2809
f 2605 	2607 	2811
f 2607 	2813 	2811
f 2607 	2609 	2813
f 2609 	2815 	2813
f 2609 	2611 	2815
f 2611 	2817 	2815
f 2611 	2613 	2817
f 2613 	2819 	2817
f 2613 	2615 	2819
f 2615 	2821 	2819
f 2615 	2617 	2821
f 2617 	2823 	2821
f 2617 	2620 	2823
f 2620 	2826 	2823
f 2620 	2621 	2826
f 2621 	2827 	2826
f 2621 	2623 	2827
f 2623 	2829 	2827
f 2623 	2625 	2829
f 2625 	2831 	2829
f 2625 	2627 	2831
f 2627 	2833 	2831
f 2627 	2629 	2833
f 2629 	2835 	2833
f 2629 	2631 	2835
f 2631 	2837 	2835
f 2631 	2633 	2837
f 2633 	2839 	2837
f 2633 	2634 	2839
f 2634 	2840 	2839
f 2634 	2632 	2840
f 2632 	2838 	2840
f 2632 	2630 	2838
f 2630 	2836 	2838
f 2630 	2628 	2836
f 2628 	2834 	2836
f 2628 	2626 	2834
f 2626 	2832 	2834
f 2626 	2624 	2832
f 2624 	2830 	2832
f 2624 	2622 	2830
f 2622 	2828 	2830
f 2622 	2619 	2828
f 2619 	2825 	2828
f 2619 	2618 	2825
f 2618 	2824 	2825
f 2618 	2616 	2824
f 2616 	2822 	2824
f 2616 	2614 	2822
f 2614 	2820 	2822
f 2614 	2612 	2820
f 2612 	2818 	2820
f 2612 	2610 	2818
f 2610 	2816 	2818
f 2610 	2608 	2816
f 2608 	2814 	2816
f 2608 	2606 	2814
f 2606 	2812 	2814
f 2606 	2604 	2812
f 2604 	2810 	2812
f 2604 	2602 	2810
f 2602 	2808 	2810
f 2602 	2600 	2808
f 2600 	2806 	2808
f 2600 	2594 	2806
f 2594 	2800 	2806
f 2594 	2584 	2800
f 2584 	2790 	2800
f 2584 	2582 	2790
f 2582 	2788 	2790
f 2582 	2580 	2788
f 2580 	2786 	2788
f 2580 	2578 	2786
f 2578 	2784 	2786
f 2578 	2575 	2784
f 2575 	2781 	2784
f 2575 	2572 	2781
f 2572 	2778 	2781
f 2572 	2569 	2778
f 2569 	2775 	2778
f 2569 	2563 	2775
f 2563 	2769 	2775
f 2563 	2560 	2769
f 2560 	2766 	2769
f 2560 	2557 	2766
f 2557 	2763 	2766
f 2557 	2554 	2763
f 2554 	2760 	2763
f 2554 	2551 	2760
f 2551 	2757 	2760
f 2551 	2431 	2757
f 2431 	2635 	2757
f 2431 	2430 	2635
f 2430 	2636 	2635
f 2841 	2842 	2843
f 2844 	2845 	2841
f 2846 	2847 	2844
f 2848 	2849 	2846
f 2850 	2851 	2848
f 2852 	2853 	2850
f 2854 	2855 	2852
f 2856 	2857 	2854
f 2858 	2859 	2856
f 2860 	2861 	2858
f 2862 	2863 	2860
f 2864 	2865 	2862
f 2866 	2867 	2864
f 2868 	2869 	2866
f 2870 	2871 	2868
f 2872 	2873 	2870
f 2874 	2875 	2872
f 2876 	2877 	2874
f 2878 	2879 	2876
f 2880 	2881 	2878
f 2882 	2883 	2880
f 2884 	2885 	2886
f 2887 	2888 	2884
f 2889 	2890 	2887
f 2891 	2892 	2889
f 2893 	2894 	2891
f 2895 	2896 	2893
f 2897 	2898 	2895
f 2899 	2900 	2897
f 2901 	2902 	2899
f 2903 	2904 	2901
f 2905 	2906 	2903
f 2907 	2908 	2905
f 2909 	2910 	2907
f 2911 	2912 	2909
f 2909 	2912 	2913
f 2914 	2915 	2909
f 2916 	2917 	2914
f 2918 	2919 	2916
f 2920 	2921 	2918
f 2922 	2923 	2920
f 2924 	2925 	2922
f 2926 	2927 	2924
f 2928 	2929 	2926
f 2930 	2931 	2928
f 2932 	2933 	2930
f 2934 	2935 	2932
f 2936 	2937 	2934
f 2938 	2939 	2936
f 2940 	2941 	2938
f 2942 	2943 	2940
f 2944 	2945 	2942
f 2946 	2947 	2944
f 2948 	2949 	2946
f 2950 	2951 	2948
f 2952 	2953 	2950
f 2954 	2955 	2952
f 2956 	2957 	2954
f 2958 	2959 	2956
f 2960 	2961 	2958
f 2962 	2963 	2960
f 2964 	2965 	2962
f 2966 	2967 	2964
f 2968 	2969 	2966
f 2970 	2971 	2968
f 2972 	2973 	2970
f 2974 	2975 	2972
f 2976 	2977 	2974
f 2978 	2979 	2976
f 2980 	2981 	2978
f 2982 	2983 	2980
f 2984 	2985 	2982
f 2986 	2987 	2984
f 2988 	2989 	2986
f 2990 	2991 	2988
f 2992 	2993 	2990
f 2994 	2995 	2992
f 2996 	2997 	2994
f 2998 	2999 	2996
f 2996 	2999 	3000
f 3001 	3002 	2996
f 3003 	3004 	3001
f 3005 	3006 	3003
f 3007 	3008 	3005
f 3009 	3010 	3007
f 3011 	3012 	3009
f 3013 	3014 	3011
f 3015 	3016 	3013
f 3017 	3018 	3015
f 3019 	3020 	3017
f 3021 	3022 	3019
f 3023 	3024 	3021
f 3025 	3026 	3023
f 3027 	3028 	3025
f 3029 	3030 	3027
f 3031 	3032 	3029
f 3033 	3034 	3031
f 3035 	3036 	3033
f 3037 	3038 	3035
f 3039 	3040 	3037
f 3041 	3042 	3039
f 3043 	3044 	3041
f 3045 	3046 	3043
f 3047 	3048 	3045
f 3049 	3050 	3047
f 3051 	3052 	3049
f 3053 	3054 	3051
f 3055 	3056 	3053
f 3057 	3058 	3055
f 3059 	3060 	3057
f 3061 	3062 	3063
f 3064 	3065 	3066
f 3067 	3068 	3069
f 3070 	3071 	3067
f 3072 	3073 	3070
f 3074 	3075 	3072
f 3076 	3077 	3078
f 3079 	3080 	3076
f 3081 	3082 	3083
f 3084 	3085 	3081
f 3086 	3087 	3084
f 3088 	3089 	3086
f 3090 	3091 	3088
f 3092 	3093 	3090
f 3094 	3095 	3092
f 3096 	3097 	3094
f 3098 	3099 	3096
f 3100 	3101 	3098
f 3102 	3103 	3100
f 3104 	3105 	3102
f 3106 	3107 	3104
f 3108 	3109 	3106
f 3110 	3111 	3108
f 3112 	3113 	3110
f 3114 	3115 	3112
f 3116 	3117 	3114
f 3118 	3119 	3116
f 3120 	3121 	3118
f 3122 	3123 	3120
f 3124 	3125 	3122
f 3126 	3127 	3124
f 3128 	3129 	3126
f 3130 	3131 	3128
f 3132 	3133 	3130
f 3134 	3135 	3136
f 3137 	3138 	3134
f 3139 	3140 	3137
f 3141 	3142 	3139
f 3143 	3144 	3141
f 3145 	3146 	3143
f 3147 	3148 	3145
f 3149 	3150 	3147
f 3151 	3152 	3149
f 3153 	3154 	3155
f 3156 	3157 	3153
f 3158 	3159 	3156
f 2841 	2843 	3158
f 2846 	2844 	2841
f 2850 	2848 	2846
f 2854 	2852 	2850
f 2858 	2856 	2854
f 2862 	2860 	2858
f 2866 	2864 	2862
f 2870 	2868 	2866
f 2874 	2872 	2870
f 2878 	2876 	2874
f 2882 	2880 	2878
f 2889 	2887 	2884
f 2893 	2891 	2889
f 2897 	2895 	2893
f 2901 	2899 	2897
f 2905 	2903 	2901
f 2909 	2907 	2905
f 3160 	2911 	2909
f 2909 	2913 	3161
f 2916 	2914 	2909
f 2920 	2918 	2916
f 2924 	2922 	2920
f 2928 	2926 	2924
f 2932 	2930 	2928
f 2936 	2934 	2932
f 2940 	2938 	2936
f 2944 	2942 	2940
f 2948 	2946 	2944
f 2952 	2950 	2948
f 2956 	2954 	2952
f 2960 	2958 	2956
f 2964 	2962 	2960
f 2968 	2966 	2964
f 2972 	2970 	2968
f 2976 	2974 	2972
f 2980 	2978 	2976
f 2984 	2982 	2980
f 2988 	2986 	2984
f 2992 	2990 	2988
f 2996 	2994 	2992
f 3162 	2998 	2996
f 2996 	3000 	3163
f 3003 	3001 	2996
f 3007 	3005 	3003
f 3011 	3009 	3007
f 3015 	3013 	3011
f 3019 	3017 	3015
f 3023 	3021 	3019
f 3027 	3025 	3023
f 3031 	3029 	3027
f 3035 	3033 	3031
f 3039 	3037 	3035
f 3043 	3041 	3039
f 3047 	3045 	3043
f 3051 	3049 	3047
f 3055 	3053 	3051
f 3059 	3057 	3055
f 3070 	3067 	3069
f 3074 	3072 	3070
f 3076 	3078 	3074
f 3164 	3079 	3076
f 3081 	3083 	3164
f 3086 	3084 	3081
f 3090 	3088 	3086
f 3094 	3092 	3090
f 3098 	3096 	3094
f 3102 	3100 	3098
f 3106 	3104 	3102
f 3110 	3108 	3106
f 3114 	3112 	3110
f 3118 	3116 	3114
f 3122 	3120 	3118
f 3126 	3124 	3122
f 3130 	3128 	3126
f 3134 	3136 	3165
f 3139 	3137 	3134
f 3143 	3141 	3139
f 3147 	3145 	3143
f 3151 	3149 	3147
f 3153 	3155 	3151
f 3158 	3156 	3153
f 2846 	2841 	3158
f 2854 	2850 	2846
f 2862 	2858 	2854
f 2870 	2866 	2862
f 2878 	2874 	2870
f 3166 	2882 	2878
f 2893 	2889 	2884
f 2901 	2897 	2893
f 2909 	2905 	2901
f 3167 	3160 	2909
f 2909 	3161 	3168
f 2920 	2916 	2909
f 2928 	2924 	2920
f 2936 	2932 	2928
f 2944 	2940 	2936
f 2952 	2948 	2944
f 2960 	2956 	2952
f 2968 	2964 	2960
f 2976 	2972 	2968
f 2984 	2980 	2976
f 2992 	2988 	2984
f 3162 	2996 	2992
f 2996 	3163 	3169
f 3007 	3003 	2996
f 3015 	3011 	3007
f 3023 	3019 	3015
f 3031 	3027 	3023
f 3039 	3035 	3031
f 3047 	3043 	3039
f 3055 	3051 	3047
f 3170 	3059 	3055
f 3070 	3069 	3171
f 3076 	3074 	3070
f 3081 	3164 	3076
f 3090 	3086 	3081
f 3098 	3094 	3090
f 3106 	3102 	3098
f 3114 	3110 	3106
f 3122 	3118 	3114
f 3130 	3126 	3122
f 3134 	3165 	3172
f 3143 	3139 	3134
f 3151 	3147 	3143
f 3158 	3153 	3151
f 2854 	2846 	3158
f 2870 	2862 	2854
f 3166 	2878 	2870
f 2901 	2893 	2884
f 3167 	2909 	2901
f 2909 	3168 	3173
f 2928 	2920 	2909
f 2952 	2944 	2936
f 2968 	2960 	2952
f 2984 	2976 	2968
f 3162 	2992 	2984
f 2996 	3169 	3174
f 3023 	3015 	3007
f 3039 	3031 	3023
f 3055 	3047 	3039
f 3076 	3070 	3171
f 3090 	3081 	3076
f 3106 	3098 	3090
f 3122 	3114 	3106
f 3132 	3130 	3122
f 3134 	3172 	3175
f 3151 	3143 	3134
f 2854 	3158 	3151
f 3166 	2870 	2854
f 3176 	3167 	2901
f 2909 	3173 	3177
f 2936 	2928 	2909
f 2968 	2952 	2936
f 3178 	3162 	2984
f 2996 	3174 	3179
f 3055 	3039 	3023
f 3076 	3171 	3180
f 3106 	3090 	3076
f 3132 	3122 	3106
f 3134 	3175 	3181
f 2854 	3151 	3134
f 3182 	3166 	2854
f 3183 	3176 	2901
f 2909 	3177 	3184
f 2984 	2968 	2936
f 3185 	3178 	2984
f 2996 	3179 	3186
f 3076 	3180 	3187
f 3134 	3181 	3188
f 2886 	3182 	2854
f 3189 	3183 	2901
f 2909 	3184 	3190
f 3191 	3185 	2984
f 2996 	3186 	3192
f 3076 	3187 	3193
f 3134 	3188 	3194
f 2884 	2886 	2854
f 3195 	3189 	2901
f 2909 	3190 	3196
f 3197 	3191 	2984
f 3007 	2996 	3192
f 3106 	3076 	3193
f 2854 	3134 	3194
f 3198 	3195 	2901
f 2909 	3196 	3199
f 3200 	3197 	2984
f 3007 	3192 	3201
f 3106 	3193 	3202
f 2854 	3194 	3203
f 3204 	3198 	2901
f 2909 	3199 	3205
f 3200 	2984 	2936
f 3007 	3201 	3206
f 2854 	3203 	3207
f 3208 	3204 	2901
f 2909 	3205 	3209
f 3210 	3200 	2936
f 3007 	3206 	3211
f 2854 	3207 	3212
f 3213 	3208 	2901
f 2909 	3209 	3214
f 3215 	3210 	2936
f 3007 	3211 	3216
f 2854 	3212 	3217
f 3218 	3213 	2901
f 2909 	3214 	3219
f 3220 	3215 	2936
f 3007 	3216 	3221
f 2854 	3217 	3222
f 3223 	3218 	2901
f 2909 	3219 	3224
f 3225 	3220 	2936
f 3007 	3221 	3226
f 2854 	3222 	3227
f 3228 	3223 	2901
f 2909 	3224 	3229
f 3230 	3225 	2936
f 3007 	3226 	3231
f 2854 	3227 	3232
f 3233 	3228 	2901
f 2909 	3229 	3234
f 3235 	3230 	2936
f 3007 	3231 	3236
f 2854 	3232 	3237
f 3238 	3233 	2901
f 2909 	3234 	3239
f 3240 	3235 	2936
f 3023 	3007 	3236
f 2854 	3237 	3241
f 3242 	3238 	2901
f 2909 	3239 	3243
f 3244 	3240 	2936
f 3023 	3236 	3245
f 2854 	3241 	3246
f 3247 	3242 	2901
f 2936 	2909 	3243
f 3248 	3244 	2936
f 3023 	3245 	3249
f 2854 	3246 	3250
f 3251 	3247 	2901
f 2936 	3243 	3252
f 3253 	3248 	2936
f 3023 	3249 	3254
f 2854 	3250 	3255
f 3256 	3251 	2901
f 2936 	3252 	3257
f 3258 	3253 	2936
f 3023 	3254 	3259
f 2854 	3255 	3260
f 3261 	3256 	2901
f 2936 	3257 	3262
f 3263 	3258 	2936
f 3023 	3259 	3264
f 2854 	3260 	3265
f 3266 	3261 	2901
f 2936 	3262 	3267
f 3268 	3263 	2936
f 3023 	3264 	3269
f 2854 	3265 	3270
f 3266 	2901 	2884
f 2936 	3267 	3271
f 3272 	3268 	2936
f 3023 	3269 	3273
f 2854 	3270 	3274
f 3275 	3266 	2884
f 2936 	3271 	3276
f 3023 	3273 	3277
f 2854 	3274 	3278
f 3279 	3275 	2884
f 2936 	3276 	3280
f 3023 	3277 	3281
f 2854 	3278 	3282
f 3283 	3279 	2884
f 2936 	3280 	3284
f 3023 	3281 	3285
f 2854 	3282 	3286
f 3287 	3283 	2884
f 2936 	3284 	3288
f 3023 	3285 	3289
f 2854 	3286 	3290
f 3291 	3287 	2884
f 2936 	3288 	3292
f 3023 	3289 	3293
f 2854 	3290 	3294
f 3295 	3291 	2884
f 3055 	3023 	3293
f 2854 	3294 	3296
f 3295 	2884 	2854
f 3055 	3293 	3297
f 2854 	3296 	3298
f 3299 	3295 	2854
f 3055 	3297 	3300
f 2854 	3298 	3301
f 3302 	3299 	2854
f 3055 	3300 	3303
f 2854 	3301 	3304
f 3305 	3302 	2854
f 3055 	3303 	3306
f 2854 	3304 	3307
f 3308 	3305 	2854
f 3055 	3306 	3309
f 2854 	3307 	3310
f 3311 	3308 	2854
f 3055 	3309 	3312
f 2854 	3310 	3313
f 3314 	3311 	2854
f 3055 	3312 	3315
f 3314 	2854 	3313
f 3055 	3315 	3316
f 3314 	3313 	3132
f 3055 	3316 	3317
f 3314 	3132 	3106
f 3055 	3317 	3318
f 3319 	3314 	3106
f 3055 	3318 	3320
f 3321 	3319 	3106
f 3055 	3320 	3322
f 3323 	3321 	3106
f 3055 	3322 	3272
f 3324 	3323 	3106
f 3170 	3055 	3272
f 3325 	3324 	3106
f 3326 	3170 	3272
f 3327 	3325 	3106
f 3328 	3326 	3272
f 3329 	3327 	3106
f 3330 	3328 	3272
f 3331 	3329 	3106
f 3332 	3330 	3272
f 3333 	3331 	3106
f 3334 	3332 	3272
f 3335 	3333 	3106
f 3336 	3334 	3272
f 3337 	3335 	3106
f 3338 	3336 	3272
f 3339 	3337 	3106
f 3340 	3338 	3272
f 3341 	3339 	3106
f 3342 	3340 	3272
f 3343 	3341 	3106
f 3344 	3342 	3272
f 3345 	3343 	3106
f 3346 	3344 	3272
f 3347 	3345 	3106
f 3346 	3272 	2936
f 3348 	3347 	3106
f 3349 	3346 	2936
f 3350 	3348 	3106
f 3351 	3349 	2936
f 3352 	3350 	3106
f 3353 	3351 	2936
f 3354 	3352 	3106
f 3355 	3353 	2936
f 3356 	3354 	3106
f 3357 	3355 	2936
f 3358 	3356 	3106
f 3063 	3357 	2936
f 3359 	3358 	3106
f 3061 	3063 	2936
f 3360 	3359 	3106
f 3361 	3061 	2936
f 3362 	3360 	3106
f 3363 	3361 	2936
f 3364 	3362 	3106
f 3365 	3363 	2936
f 3366 	3364 	3106
f 3367 	3365 	2936
f 3368 	3366 	3106
f 3369 	3367 	2936
f 3370 	3368 	3106
f 3371 	3369 	2936
f 3372 	3370 	3106
f 3373 	3371 	2936
f 3374 	3372 	3106
f 3375 	3373 	2936
f 3374 	3106 	3202
f 3376 	3375 	2936
f 3374 	3202 	3377
f 3066 	3376 	2936
f 3374 	3377 	3378
f 3066 	2936 	3292
f 3374 	3378 	3379
f 3064 	3066 	3292
f 3374 	3379 	3380
f 3064 	3292 	3381
f 3374 	3380 	3064
f 3064 	3381 	3382
f 3382 	3374 	3064
f 3383 	3384 	3385
f 3385 	3386 	3387
f 3387 	3388 	3389
f 3389 	3390 	3391
f 3391 	3392 	3393
f 3393 	3394 	3395
f 3395 	3396 	3397
f 3397 	3398 	3399
f 3399 	3400 	3401
f 3401 	3402 	3403
f 3403 	3404 	3405
f 3405 	3406 	3407
f 3407 	3408 	3409
f 3409 	3410 	3411
f 3411 	3412 	3413
f 3413 	3414 	3415
f 3415 	3416 	3417
f 3417 	3418 	3419
f 3419 	3420 	3421
f 3421 	3422 	3423
f 3423 	3424 	3425
f 3426 	3427 	3428
f 3428 	3429 	3430
f 3430 	3431 	3432
f 3432 	3433 	3434
f 3434 	3435 	3436
f 3436 	3437 	3438
f 3438 	3439 	3440
f 3440 	3441 	3442
f 3442 	3443 	3444
f 3444 	3445 	3446
f 3446 	3447 	3448
f 3448 	3449 	3450
f 3450 	3451 	3452
f 3452 	3453 	3454
f 3455 	3453 	3452
f 3452 	3456 	3457
f 3457 	3458 	3459
f 3459 	3460 	3461
f 3461 	3462 	3463
f 3463 	3464 	3465
f 3465 	3466 	3467
f 3467 	3468 	3469
f 3469 	3470 	3471
f 3471 	3472 	3473
f 3473 	3474 	3475
f 3475 	3476 	3477
f 3477 	3478 	3479
f 3479 	3480 	3481
f 3481 	3482 	3483
f 3483 	3484 	3485
f 3485 	3486 	3487
f 3487 	3488 	3489
f 3489 	3490 	3491
f 3491 	3492 	3493
f 3493 	3494 	3495
f 3495 	3496 	3497
f 3497 	3498 	3499
f 3499 	3500 	3501
f 3501 	3502 	3503
f 3503 	3504 	3505
f 3505 	3506 	3507
f 3507 	3508 	3509
f 3509 	3510 	3511
f 3511 	3512 	3513
f 3513 	3514 	3515
f 3515 	3516 	3517
f 3517 	3518 	3519
f 3519 	3520 	3521
f 3521 	3522 	3523
f 3523 	3524 	3525
f 3525 	3526 	3527
f 3527 	3528 	3529
f 3529 	3530 	3531
f 3531 	3532 	3533
f 3533 	3534 	3535
f 3535 	3536 	3537
f 3537 	3538 	3539
f 3539 	3540 	3541
f 3542 	3540 	3539
f 3539 	3543 	3544
f 3544 	3545 	3546
f 3546 	3547 	3548
f 3548 	3549 	3550
f 3550 	3551 	3552
f 3552 	3553 	3554
f 3554 	3555 	3556
f 3556 	3557 	3558
f 3558 	3559 	3560
f 3560 	3561 	3562
f 3562 	3563 	3564
f 3564 	3565 	3566
f 3566 	3567 	3568
f 3568 	3569 	3570
f 3570 	3571 	3572
f 3572 	3573 	3574
f 3574 	3575 	3576
f 3576 	3577 	3578
f 3578 	3579 	3580
f 3580 	3581 	3582
f 3582 	3583 	3584
f 3584 	3585 	3586
f 3586 	3587 	3588
f 3588 	3589 	3590
f 3590 	3591 	3592
f 3592 	3593 	3594
f 3594 	3595 	3596
f 3596 	3597 	3598
f 3598 	3599 	3600
f 3600 	3601 	3602
f 3603 	3604 	3605
f 3606 	3607 	3608
f 3609 	3610 	3611
f 3611 	3612 	3613
f 3613 	3614 	3615
f 3615 	3616 	3617
f 3618 	3619 	3620
f 3620 	3621 	3622
f 3623 	3624 	3625
f 3625 	3626 	3627
f 3627 	3628 	3629
f 3629 	3630 	3631
f 3631 	3632 	3633
f 3633 	3634 	3635
f 3635 	3636 	3637
f 3637 	3638 	3639
f 3639 	3640 	3641
f 3641 	3642 	3643
f 3643 	3644 	3645
f 3645 	3646 	3647
f 3647 	3648 	3649
f 3649 	3650 	3651
f 3651 	3652 	3653
f 3653 	3654 	3655
f 3655 	3656 	3657
f 3657 	3658 	3659
f 3659 	3660 	3661
f 3661 	3662 	3663
f 3663 	3664 	3665
f 3665 	3666 	3667
f 3667 	3668 	3669
f 3669 	3670 	3671
f 3671 	3672 	3673
f 3673 	3674 	3675
f 3676 	3677 	3678
f 3678 	3679 	3680
f 3680 	3681 	3682
f 3682 	3683 	3684
f 3684 	3685 	3686
f 3686 	3687 	3688
f 3688 	3689 	3690
f 3690 	3691 	3692
f 3692 	3693 	3694
f 3695 	3696 	3697
f 3697 	3698 	3699
f 3699 	3700 	3701
f 3701 	3383 	3385
f 3385 	3387 	3389
f 3389 	3391 	3393
f 3393 	3395 	3397
f 3397 	3399 	3401
f 3401 	3403 	3405
f 3405 	3407 	3409
f 3409 	3411 	3413
f 3413 	3415 	3417
f 3417 	3419 	3421
f 3421 	3423 	3425
f 3428 	3430 	3432
f 3432 	3434 	3436
f 3436 	3438 	3440
f 3440 	3442 	3444
f 3444 	3446 	3448
f 3448 	3450 	3452
f 3452 	3454 	3702
f 3703 	3455 	3452
f 3452 	3457 	3459
f 3459 	3461 	3463
f 3463 	3465 	3467
f 3467 	3469 	3471
f 3471 	3473 	3475
f 3475 	3477 	3479
f 3479 	3481 	3483
f 3483 	3485 	3487
f 3487 	3489 	3491
f 3491 	3493 	3495
f 3495 	3497 	3499
f 3499 	3501 	3503
f 3503 	3505 	3507
f 3507 	3509 	3511
f 3511 	3513 	3515
f 3515 	3517 	3519
f 3519 	3521 	3523
f 3523 	3525 	3527
f 3527 	3529 	3531
f 3531 	3533 	3535
f 3535 	3537 	3539
f 3539 	3541 	3704
f 3705 	3542 	3539
f 3539 	3544 	3546
f 3546 	3548 	3550
f 3550 	3552 	3554
f 3554 	3556 	3558
f 3558 	3560 	3562
f 3562 	3564 	3566
f 3566 	3568 	3570
f 3570 	3572 	3574
f 3574 	3576 	3578
f 3578 	3580 	3582
f 3582 	3584 	3586
f 3586 	3588 	3590
f 3590 	3592 	3594
f 3594 	3596 	3598
f 3598 	3600 	3602
f 3609 	3611 	3613
f 3613 	3615 	3617
f 3617 	3618 	3620
f 3620 	3622 	3706
f 3706 	3623 	3625
f 3625 	3627 	3629
f 3629 	3631 	3633
f 3633 	3635 	3637
f 3637 	3639 	3641
f 3641 	3643 	3645
f 3645 	3647 	3649
f 3649 	3651 	3653
f 3653 	3655 	3657
f 3657 	3659 	3661
f 3661 	3663 	3665
f 3665 	3667 	3669
f 3669 	3671 	3673
f 3707 	3676 	3678
f 3678 	3680 	3682
f 3682 	3684 	3686
f 3686 	3688 	3690
f 3690 	3692 	3694
f 3694 	3695 	3697
f 3697 	3699 	3701
f 3701 	3385 	3389
f 3389 	3393 	3397
f 3397 	3401 	3405
f 3405 	3409 	3413
f 3413 	3417 	3421
f 3421 	3425 	3708
f 3428 	3432 	3436
f 3436 	3440 	3444
f 3444 	3448 	3452
f 3452 	3702 	3709
f 3710 	3703 	3452
f 3452 	3459 	3463
f 3463 	3467 	3471
f 3471 	3475 	3479
f 3479 	3483 	3487
f 3487 	3491 	3495
f 3495 	3499 	3503
f 3503 	3507 	3511
f 3511 	3515 	3519
f 3519 	3523 	3527
f 3527 	3531 	3535
f 3535 	3539 	3704
f 3711 	3705 	3539
f 3539 	3546 	3550
f 3550 	3554 	3558
f 3558 	3562 	3566
f 3566 	3570 	3574
f 3574 	3578 	3582
f 3582 	3586 	3590
f 3590 	3594 	3598
f 3598 	3602 	3712
f 3713 	3609 	3613
f 3613 	3617 	3620
f 3620 	3706 	3625
f 3625 	3629 	3633
f 3633 	3637 	3641
f 3641 	3645 	3649
f 3649 	3653 	3657
f 3657 	3661 	3665
f 3665 	3669 	3673
f 3714 	3707 	3678
f 3678 	3682 	3686
f 3686 	3690 	3694
f 3694 	3697 	3701
f 3701 	3389 	3397
f 3397 	3405 	3413
f 3413 	3421 	3708
f 3428 	3436 	3444
f 3444 	3452 	3709
f 3715 	3710 	3452
f 3452 	3463 	3471
f 3479 	3487 	3495
f 3495 	3503 	3511
f 3511 	3519 	3527
f 3527 	3535 	3704
f 3716 	3711 	3539
f 3550 	3558 	3566
f 3566 	3574 	3582
f 3582 	3590 	3598
f 3713 	3613 	3620
f 3620 	3625 	3633
f 3633 	3641 	3649
f 3649 	3657 	3665
f 3665 	3673 	3675
f 3717 	3714 	3678
f 3678 	3686 	3694
f 3694 	3701 	3397
f 3397 	3413 	3708
f 3444 	3709 	3718
f 3719 	3715 	3452
f 3452 	3471 	3479
f 3479 	3495 	3511
f 3527 	3704 	3720
f 3721 	3716 	3539
f 3566 	3582 	3598
f 3722 	3713 	3620
f 3620 	3633 	3649
f 3649 	3665 	3675
f 3723 	3717 	3678
f 3678 	3694 	3397
f 3397 	3708 	3724
f 3444 	3718 	3725
f 3726 	3719 	3452
f 3479 	3511 	3527
f 3527 	3720 	3727
f 3728 	3721 	3539
f 3729 	3722 	3620
f 3730 	3723 	3678
f 3397 	3724 	3426
f 3444 	3725 	3731
f 3732 	3726 	3452
f 3527 	3727 	3733
f 3734 	3728 	3539
f 3735 	3729 	3620
f 3736 	3730 	3678
f 3397 	3426 	3428
f 3444 	3731 	3737
f 3738 	3732 	3452
f 3527 	3733 	3739
f 3734 	3539 	3550
f 3735 	3620 	3649
f 3736 	3678 	3397
f 3444 	3737 	3740
f 3741 	3738 	3452
f 3527 	3739 	3742
f 3743 	3734 	3550
f 3744 	3735 	3649
f 3745 	3736 	3397
f 3444 	3740 	3746
f 3747 	3741 	3452
f 3479 	3527 	3742
f 3748 	3743 	3550
f 3749 	3745 	3397
f 3444 	3746 	3750
f 3751 	3747 	3452
f 3479 	3742 	3752
f 3753 	3748 	3550
f 3754 	3749 	3397
f 3444 	3750 	3755
f 3756 	3751 	3452
f 3479 	3752 	3757
f 3758 	3753 	3550
f 3759 	3754 	3397
f 3444 	3755 	3760
f 3761 	3756 	3452
f 3479 	3757 	3762
f 3763 	3758 	3550
f 3764 	3759 	3397
f 3444 	3760 	3765
f 3766 	3761 	3452
f 3479 	3762 	3767
f 3768 	3763 	3550
f 3769 	3764 	3397
f 3444 	3765 	3770
f 3771 	3766 	3452
f 3479 	3767 	3772
f 3773 	3768 	3550
f 3774 	3769 	3397
f 3444 	3770 	3775
f 3776 	3771 	3452
f 3479 	3772 	3777
f 3778 	3773 	3550
f 3779 	3774 	3397
f 3444 	3775 	3780
f 3781 	3776 	3452
f 3479 	3777 	3782
f 3778 	3550 	3566
f 3783 	3779 	3397
f 3444 	3780 	3784
f 3785 	3781 	3452
f 3479 	3782 	3786
f 3787 	3778 	3566
f 3788 	3783 	3397
f 3444 	3784 	3789
f 3785 	3452 	3479
f 3479 	3786 	3790
f 3791 	3787 	3566
f 3792 	3788 	3397
f 3444 	3789 	3793
f 3794 	3785 	3479
f 3479 	3790 	3795
f 3796 	3791 	3566
f 3797 	3792 	3397
f 3444 	3793 	3798
f 3799 	3794 	3479
f 3479 	3795 	3800
f 3801 	3796 	3566
f 3802 	3797 	3397
f 3444 	3798 	3803
f 3804 	3799 	3479
f 3479 	3800 	3805
f 3806 	3801 	3566
f 3807 	3802 	3397
f 3444 	3803 	3808
f 3809 	3804 	3479
f 3479 	3805 	3810
f 3811 	3806 	3566
f 3812 	3807 	3397
f 3428 	3444 	3808
f 3813 	3809 	3479
f 3479 	3810 	3814
f 3815 	3811 	3566
f 3816 	3812 	3397
f 3428 	3808 	3817
f 3818 	3813 	3479
f 3819 	3815 	3566
f 3820 	3816 	3397
f 3428 	3817 	3821
f 3822 	3818 	3479
f 3823 	3819 	3566
f 3824 	3820 	3397
f 3428 	3821 	3825
f 3826 	3822 	3479
f 3827 	3823 	3566
f 3828 	3824 	3397
f 3428 	3825 	3829
f 3830 	3826 	3479
f 3831 	3827 	3566
f 3832 	3828 	3397
f 3428 	3829 	3833
f 3834 	3830 	3479
f 3835 	3831 	3566
f 3836 	3832 	3397
f 3428 	3833 	3837
f 3835 	3566 	3598
f 3838 	3836 	3397
f 3397 	3428 	3837
f 3839 	3835 	3598
f 3840 	3838 	3397
f 3397 	3837 	3841
f 3842 	3839 	3598
f 3843 	3840 	3397
f 3397 	3841 	3844
f 3845 	3842 	3598
f 3846 	3843 	3397
f 3397 	3844 	3847
f 3848 	3845 	3598
f 3849 	3846 	3397
f 3397 	3847 	3850
f 3851 	3848 	3598
f 3852 	3849 	3397
f 3397 	3850 	3853
f 3854 	3851 	3598
f 3855 	3852 	3397
f 3397 	3853 	3856
f 3857 	3854 	3598
f 3855 	3397 	3856
f 3858 	3857 	3598
f 3675 	3855 	3856
f 3859 	3858 	3598
f 3649 	3675 	3856
f 3860 	3859 	3598
f 3649 	3856 	3861
f 3862 	3860 	3598
f 3649 	3861 	3863
f 3864 	3862 	3598
f 3649 	3863 	3865
f 3814 	3864 	3598
f 3649 	3865 	3866
f 3814 	3598 	3712
f 3649 	3866 	3867
f 3814 	3712 	3868
f 3649 	3867 	3869
f 3814 	3868 	3870
f 3649 	3869 	3871
f 3814 	3870 	3872
f 3649 	3871 	3873
f 3814 	3872 	3874
f 3649 	3873 	3875
f 3814 	3874 	3876
f 3649 	3875 	3877
f 3814 	3876 	3878
f 3649 	3877 	3879
f 3814 	3878 	3880
f 3649 	3879 	3881
f 3814 	3880 	3882
f 3649 	3881 	3883
f 3814 	3882 	3884
f 3649 	3883 	3885
f 3814 	3884 	3886
f 3649 	3885 	3887
f 3814 	3886 	3888
f 3649 	3887 	3889
f 3479 	3814 	3888
f 3649 	3889 	3890
f 3479 	3888 	3891
f 3649 	3890 	3892
f 3479 	3891 	3893
f 3649 	3892 	3894
f 3479 	3893 	3895
f 3649 	3894 	3896
f 3479 	3895 	3897
f 3649 	3896 	3898
f 3479 	3897 	3899
f 3649 	3898 	3900
f 3479 	3899 	3603
f 3649 	3900 	3901
f 3479 	3603 	3605
f 3649 	3901 	3902
f 3479 	3605 	3903
f 3649 	3902 	3904
f 3479 	3903 	3905
f 3649 	3904 	3906
f 3479 	3905 	3907
f 3649 	3906 	3908
f 3479 	3907 	3909
f 3649 	3908 	3910
f 3479 	3909 	3911
f 3649 	3910 	3912
f 3479 	3911 	3913
f 3649 	3912 	3914
f 3479 	3913 	3915
f 3649 	3914 	3916
f 3479 	3915 	3917
f 3744 	3649 	3916
f 3479 	3917 	3918
f 3919 	3744 	3916
f 3479 	3918 	3606
f 3920 	3919 	3916
f 3834 	3479 	3606
f 3921 	3920 	3916
f 3834 	3606 	3608
f 3922 	3921 	3916
f 3923 	3834 	3608
f 3608 	3922 	3916
f 3924 	3923 	3608
f 3608 	3916 	3924
f 2843 	2842 	3383
f 2842 	3384 	3383
f 2842 	2841 	3384
f 2841 	3385 	3384
f 2841 	2845 	3385
f 2845 	3386 	3385
f 2845 	2844 	3386
f 2844 	3387 	3386
f 2844 	2847 	3387
f 2847 	3388 	3387
f 2847 	2846 	3388
f 2846 	3389 	3388
f 2846 	2849 	3389
f 2849 	3390 	3389
f 2849 	2848 	3390
f 2848 	3391 	3390
f 2848 	2851 	3391
f 2851 	3392 	3391
f 2851 	2850 	3392
f 2850 	3393 	3392
f 2850 	2853 	3393
f 2853 	3394 	3393
f 2853 	2852 	3394
f 2852 	3395 	3394
f 2852 	2855 	3395
f 2855 	3396 	3395
f 2855 	2854 	3396
f 2854 	3397 	3396
f 2854 	2857 	3397
f 2857 	3398 	3397
f 2857 	2856 	3398
f 2856 	3399 	3398
f 2856 	2859 	3399
f 2859 	3400 	3399
f 2859 	2858 	3400
f 2858 	3401 	3400
f 2858 	2861 	3401
f 2861 	3402 	3401
f 2861 	2860 	3402
f 2860 	3403 	3402
f 2860 	2863 	3403
f 2863 	3404 	3403
f 2863 	2862 	3404
f 2862 	3405 	3404
f 2862 	2865 	3405
f 2865 	3406 	3405
f 2865 	2864 	3406
f 2864 	3407 	3406
f 2864 	2867 	3407
f 2867 	3408 	3407
f 2867 	2866 	3408
f 2866 	3409 	3408
f 2866 	2869 	3409
f 2869 	3410 	3409
f 2869 	2868 	3410
f 2868 	3411 	3410
f 2868 	2871 	3411
f 2871 	3412 	3411
f 2871 	2870 	3412
f 2870 	3413 	3412
f 2870 	2873 	3413
f 2873 	3414 	3413
f 2873 	2872 	3414
f 2872 	3415 	3414
f 2872 	2875 	3415
f 2875 	3416 	3415
f 2875 	2874 	3416
f 2874 	3417 	3416
f 2874 	2877 	3417
f 2877 	3418 	3417
f 2877 	2876 	3418
f 2876 	3419 	3418
f 2876 	2879 	3419
f 2879 	3420 	3419
f 2879 	2878 	3420
f 2878 	3421 	3420
f 2878 	2881 	3421
f 2881 	3422 	3421
f 2881 	2880 	3422
f 2880 	3423 	3422
f 2880 	2883 	3423
f 2883 	3424 	3423
f 2883 	2882 	3424
f 2882 	3425 	3424
f 2882 	3166 	3425
f 3166 	3708 	3425
f 3166 	3182 	3708
f 3182 	3724 	3708
f 3182 	2886 	3724
f 2886 	3426 	3724
f 2886 	2885 	3426
f 2885 	3427 	3426
f 2885 	2884 	3427
f 2884 	3428 	3427
f 2884 	2888 	3428
f 2888 	3429 	3428
f 2888 	2887 	3429
f 2887 	3430 	3429
f 2887 	2890 	3430
f 2890 	3431 	3430
f 2890 	2889 	3431
f 2889 	3432 	3431
f 2889 	2892 	3432
f 2892 	3433 	3432
f 2892 	2891 	3433
f 2891 	3434 	3433
f 2891 	2894 	3434
f 2894 	3435 	3434
f 2894 	2893 	3435
f 2893 	3436 	3435
f 2893 	2896 	3436
f 2896 	3437 	3436
f 2896 	2895 	3437
f 2895 	3438 	3437
f 2895 	2898 	3438
f 2898 	3439 	3438
f 2898 	2897 	3439
f 2897 	3440 	3439
f 2897 	2900 	3440
f 2900 	3441 	3440
f 2900 	2899 	3441
f 2899 	3442 	3441
f 2899 	2902 	3442
f 2902 	3443 	3442
f 2902 	2901 	3443
f 2901 	3444 	3443
f 2901 	2904 	3444
f 2904 	3445 	3444
f 2904 	2903 	3445
f 2903 	3446 	3445
f 2903 	2906 	3446
f 2906 	3447 	3446
f 2906 	2905 	3447
f 2905 	3448 	3447
f 2905 	2908 	3448
f 2908 	3449 	3448
f 2908 	2907 	3449
f 2907 	3450 	3449
f 2907 	2910 	3450
f 2910 	3451 	3450
f 2910 	2909 	3451
f 2909 	3452 	3451
f 2909 	2915 	3452
f 2915 	3456 	3452
f 2915 	2914 	3456
f 2914 	3457 	3456
f 2914 	2917 	3457
f 2917 	3458 	3457
f 2917 	2916 	3458
f 2916 	3459 	3458
f 2916 	2919 	3459
f 2919 	3460 	3459
f 2919 	2918 	3460
f 2918 	3461 	3460
f 2918 	2921 	3461
f 2921 	3462 	3461
f 2921 	2920 	3462
f 2920 	3463 	3462
f 2920 	2923 	3463
f 2923 	3464 	3463
f 2923 	2922 	3464
f 2922 	3465 	3464
f 2922 	2925 	3465
f 2925 	3466 	3465
f 2925 	2924 	3466
f 2924 	3467 	3466
f 2924 	2927 	3467
f 2927 	3468 	3467
f 2927 	2926 	3468
f 2926 	3469 	3468
f 2926 	2929 	3469
f 2929 	3470 	3469
f 2929 	2928 	3470
f 2928 	3471 	3470
f 2928 	2931 	3471
f 2931 	3472 	3471
f 2931 	2930 	3472
f 2930 	3473 	3472
f 2930 	2933 	3473
f 2933 	3474 	3473
f 2933 	2932 	3474
f 2932 	3475 	3474
f 2932 	2935 	3475
f 2935 	3476 	3475
f 2935 	2934 	3476
f 2934 	3477 	3476
f 2934 	2937 	3477
f 2937 	3478 	3477
f 2937 	2936 	3478
f 2936 	3479 	3478
f 2936 	2939 	3479
f 2939 	3480 	3479
f 2939 	2938 	3480
f 2938 	3481 	3480
f 2938 	2941 	3481
f 2941 	3482 	3481
f 2941 	2940 	3482
f 2940 	3483 	3482
f 2940 	2943 	3483
f 2943 	3484 	3483
f 2943 	2942 	3484
f 2942 	3485 	3484
f 2942 	2945 	3485
f 2945 	3486 	3485
f 2945 	2944 	3486
f 2944 	3487 	3486
f 2944 	2947 	3487
f 2947 	3488 	3487
f 2947 	2946 	3488
f 2946 	3489 	3488
f 2946 	2949 	3489
f 2949 	3490 	3489
f 2949 	2948 	3490
f 2948 	3491 	3490
f 2948 	2951 	3491
f 2951 	3492 	3491
f 2951 	2950 	3492
f 2950 	3493 	3492
f 2950 	2953 	3493
f 2953 	3494 	3493
f 2953 	2952 	3494
f 2952 	3495 	3494
f 2952 	2955 	3495
f 2955 	3496 	3495
f 2955 	2954 	3496
f 2954 	3497 	3496
f 2954 	2957 	3497
f 2957 	3498 	3497
f 2957 	2956 	3498
f 2956 	3499 	3498
f 2956 	2959 	3499
f 2959 	3500 	3499
f 2959 	2958 	3500
f 2958 	3501 	3500
f 2958 	2961 	3501
f 2961 	3502 	3501
f 2961 	2960 	3502
f 2960 	3503 	3502
f 2960 	2963 	3503
f 2963 	3504 	3503
f 2963 	2962 	3504
f 2962 	3505 	3504
f 2962 	2965 	3505
f 2965 	3506 	3505
f 2965 	2964 	3506
f 2964 	3507 	3506
f 2964 	2967 	3507
f 2967 	3508 	3507
f 2967 	2966 	3508
f 2966 	3509 	3508
f 2966 	2969 	3509
f 2969 	3510 	3509
f 2969 	2968 	3510
f 2968 	3511 	3510
f 2968 	2971 	3511
f 2971 	3512 	3511
f 2971 	2970 	3512
f 2970 	3513 	3512
f 2970 	2973 	3513
f 2973 	3514 	3513
f 2973 	2972 	3514
f 2972 	3515 	3514
f 2972 	2975 	3515
f 2975 	3516 	3515
f 2975 	2974 	3516
f 2974 	3517 	3516
f 2974 	2977 	3517
f 2977 	3518 	3517
f 2977 	2976 	3518
f 2976 	3519 	3518
f 2976 	2979 	3519
f 2979 	3520 	3519
f 2979 	2978 	3520
f 2978 	3521 	3520
f 2978 	2981 	3521
f 2981 	3522 	3521
f 2981 	2980 	3522
f 2980 	3523 	3522
f 2980 	2983 	3523
f 2983 	3524 	3523
f 2983 	2982 	3524
f 2982 	3525 	3524
f 2982 	2985 	3525
f 2985 	3526 	3525
f 2985 	2984 	3526
f 2984 	3527 	3526
f 2984 	2987 	3527
f 2987 	3528 	3527
f 2987 	2986 	3528
f 2986 	3529 	3528
f 2986 	2989 	3529
f 2989 	3530 	3529
f 2989 	2988 	3530
f 2988 	3531 	3530
f 2988 	2991 	3531
f 2991 	3532 	3531
f 2991 	2990 	3532
f 2990 	3533 	3532
f 2990 	2993 	3533
f 2993 	3534 	3533
f 2993 	2992 	3534
f 2992 	3535 	3534
f 2992 	2995 	3535
f 2995 	3536 	3535
f 2995 	2994 	3536
f 2994 	3537 	3536
f 2994 	2997 	3537
f 2997 	3538 	3537
f 2997 	2996 	3538
f 2996 	3539 	3538
f 2996 	3002 	3539
f 3002 	3543 	3539
f 3002 	3001 	3543
f 3001 	3544 	3543
f 3001 	3004 	3544
f 3004 	3545 	3544
f 3004 	3003 	3545
f 3003 	3546 	3545
f 3003 	3006 	3546
f 3006 	3547 	3546
f 3006 	3005 	3547
f 3005 	3548 	3547
f 3005 	3008 	3548
f 3008 	3549 	3548
f 3008 	3007 	3549
f 3007 	3550 	3549
f 3007 	3010 	3550
f 3010 	3551 	3550
f 3010 	3009 	3551
f 3009 	3552 	3551
f 3009 	3012 	3552
f 3012 	3553 	3552
f 3012 	3011 	3553
f 3011 	3554 	3553
f 3011 	3014 	3554
f 3014 	3555 	3554
f 3014 	3013 	3555
f 3013 	3556 	3555
f 3013 	3016 	3556
f 3016 	3557 	3556
f 3016 	3015 	3557
f 3015 	3558 	3557
f 3015 	3018 	3558
f 3018 	3559 	3558
f 3018 	3017 	3559
f 3017 	3560 	3559
f 3017 	3020 	3560
f 3020 	3561 	3560
f 3020 	3019 	3561
f 3019 	3562 	3561
f 3019 	3022 	3562
f 3022 	3563 	3562
f 3022 	3021 	3563
f 3021 	3564 	3563
f 3021 	3024 	3564
f 3024 	3565 	3564
f 3024 	3023 	3565
f 3023 	3566 	3565
f 3023 	3026 	3566
f 3026 	3567 	3566
f 3026 	3025 	3567
f 3025 	3568 	3567
f 3025 	3028 	3568
f 3028 	3569 	3568
f 3028 	3027 	3569
f 3027 	3570 	3569
f 3027 	3030 	3570
f 3030 	3571 	3570
f 3030 	3029 	3571
f 3029 	3572 	3571
f 3029 	3032 	3572
f 3032 	3573 	3572
f 3032 	3031 	3573
f 3031 	3574 	3573
f 3031 	3034 	3574
f 3034 	3575 	3574
f 3034 	3033 	3575
f 3033 	3576 	3575
f 3033 	3036 	3576
f 3036 	3577 	3576
f 3036 	3035 	3577
f 3035 	3578 	3577
f 3035 	3038 	3578
f 3038 	3579 	3578
f 3038 	3037 	3579
f 3037 	3580 	3579
f 3037 	3040 	3580
f 3040 	3581 	3580
f 3040 	3039 	3581
f 3039 	3582 	3581
f 3039 	3042 	3582
f 3042 	3583 	3582
f 3042 	3041 	3583
f 3041 	3584 	3583
f 3041 	3044 	3584
f 3044 	3585 	3584
f 3044 	3043 	3585
f 3043 	3586 	3585
f 3043 	3046 	3586
f 3046 	3587 	3586
f 3046 	3045 	3587
f 3045 	3588 	3587
f 3045 	3048 	3588
f 3048 	3589 	3588
f 3048 	3047 	3589
f 3047 	3590 	3589
f 3047 	3050 	3590
f 3050 	3591 	3590
f 3050 	3049 	3591
f 3049 	3592 	3591
f 3049 	3052 	3592
f 3052 	3593 	3592
f 3052 	3051 	3593
f 3051 	3594 	3593
f 3051 	3054 	3594
f 3054 	3595 	3594
f 3054 	3053 	3595
f 3053 	3596 	3595
f 3053 	3056 	3596
f 3056 	3597 	3596
f 3056 	3055 	3597
f 3055 	3598 	3597
f 3055 	3058 	3598
f 3058 	3599 	3598
f 3058 	3057 	3599
f 3057 	3600 	3599
f 3057 	3060 	3600
f 3060 	3601 	3600
f 3060 	3059 	3601
f 3059 	3602 	3601
f 3059 	3170 	3602
f 3170 	3712 	3602
f 3170 	3326 	3712
f 3326 	3868 	3712
f 3326 	3328 	3868
f 3328 	3870 	3868
f 3328 	3330 	3870
f 3330 	3872 	3870
f 3330 	3332 	3872
f 3332 	3874 	3872
f 3332 	3334 	3874
f 3334 	3876 	3874
f 3334 	3336 	3876
f 3336 	3878 	3876
f 3336 	3338 	3878
f 3338 	3880 	3878
f 3338 	3340 	3880
f 3340 	3882 	3880
f 3340 	3342 	3882
f 3342 	3884 	3882
f 3342 	3344 	3884
f 3344 	3886 	3884
f 3344 	3346 	3886
f 3346 	3888 	3886
f 3346 	3349 	3888
f 3349 	3891 	3888
f 3349 	3351 	3891
f 3351 	3893 	3891
f 3351 	3353 	3893
f 3353 	3895 	3893
f 3353 	3355 	3895
f 3355 	3897 	3895
f 3355 	3357 	3897
f 3357 	3899 	3897
f 3357 	3063 	3899
f 3063 	3603 	3899
f 3063 	3062 	3603
f 3062 	3604 	3603
f 3062 	3061 	3604
f 3061 	3605 	3604
f 3061 	3361 	3605
f 3361 	3903 	3605
f 3361 	3363 	3903
f 3363 	3905 	3903
f 3363 	3365 	3905
f 3365 	3907 	3905
f 3365 	3367 	3907
f 3367 	3909 	3907
f 3367 	3369 	3909
f 3369 	3911 	3909
f 3369 	3371 	3911
f 3371 	3913 	3911
f 3371 	3373 	3913
f 3373 	3915 	3913
f 3373 	3375 	3915
f 3375 	3917 	3915
f 3375 	3376 	3917
f 3376 	3918 	3917
f 3376 	3066 	3918
f 3066 	3606 	3918
f 3066 	3065 	3606
f 3065 	3607 	3606
f 3065 	3064 	3607
f 3064 	3608 	3607
f 3064 	3380 	3608
f 3380 	3922 	3608
f 3380 	3379 	3922
f 3379 	3921 	3922
f 3379 	3378 	3921
f 3378 	3920 	3921
f 3378 	3377 	3920
f 3377 	3919 	3920
f 3377 	3202 	3919
f 3202 	3744 	3919
f 3202 	3193 	3744
f 3193 	3735 	3744
f 3193 	3187 	3735
f 3187 	3729 	3735
f 3187 	3180 	3729
f 3180 	3722 	3729
f 3180 	3171 	3722
f 3171 	3713 	3722
f 3171 	3069 	3713
f 3069 	3609 	3713
f 3069 	3068 	3609
f 3068 	3610 	3609
f 3068 	3067 	3610
f 3067 	3611 	3610
f 3067 	3071 	3611
f 3071 	3612 	3611
f 3071 	3070 	3612
f 3070 	3613 	3612
f 3070 	3073 	3613
f 3073 	3614 	3613
f 3073 	3072 	3614
f 3072 	3615 	3614
f 3072 	3075 	3615
f 3075 	3616 	3615
f 3075 	3074 	3616
f 3074 	3617 	3616
f 3074 	3078 	3617
f 3078 	3618 	3617
f 3078 	3077 	3618
f 3077 	3619 	3618
f 3077 	3076 	3619
f 3076 	3620 	3619
f 3076 	3080 	3620
f 3080 	3621 	3620
f 3080 	3079 	3621
f 3079 	3622 	3621
f 3079 	3164 	3622
f 3164 	3706 	3622
f 3164 	3083 	3706
f 3083 	3623 	3706
f 3083 	3082 	3623
f 3082 	3624 	3623
f 3082 	3081 	3624
f 3081 	3625 	3624
f 3081 	3085 	3625
f 3085 	3626 	3625
f 3085 	3084 	3626
f 3084 	3627 	3626
f 3084 	3087 	3627
f 3087 	3628 	3627
f 3087 	3086 	3628
f 3086 	3629 	3628
f 3086 	3089 	3629
f 3089 	3630 	3629
f 3089 	3088 	3630
f 3088 	3631 	3630
f 3088 	3091 	3631
f 3091 	3632 	3631
f 3091 	3090 	3632
f 3090 	3633 	3632
f 3090 	3093 	3633
f 3093 	3634 	3633
f 3093 	3092 	3634
f 3092 	3635 	3634
f 3092 	3095 	3635
f 3095 	3636 	3635
f 3095 	3094 	3636
f 3094 	3637 	3636
f 3094 	3097 	3637
f 3097 	3638 	3637
f 3097 	3096 	3638
f 3096 	3639 	3638
f 3096 	3099 	3639
f 3099 	3640 	3639
f 3099 	3098 	3640
f 3098 	3641 	3640
f 3098 	3101 	3641
f 3101 	3642 	3641
f 3101 	3100 	3642
f 3100 	3643 	3642
f 3100 	3103 	3643
f 3103 	3644 	3643
f 3103 	3102 	3644
f 3102 	3645 	3644
f 3102 	3105 	3645
f 3105 	3646 	3645
f 3105 	3104 	3646
f 3104 	3647 	3646
f 3104 	3107 	3647
f 3107 	3648 	3647
f 3107 	3106 	3648
f 3106 	3649 	3648
f 3106 	3109 	3649
f 3109 	3650 	3649
f 3109 	3108 	3650
f 3108 	3651 	3650
f 3108 	3111 	3651
f 3111 	3652 	3651
f 3111 	3110 	3652
f 3110 	3653 	3652
f 3110 	3113 	3653
f 3113 	3654 	3653
f 3113 	3112 	3654
f 3112 	3655 	3654
f 3112 	3115 	3655
f 3115 	3656 	3655
f 3115 	3114 	3656
f 3114 	3657 	3656
f 3114 	3117 	3657
f 3117 	3658 	3657
f 3117 	3116 	3658
f 3116 	3659 	3658
f 3116 	3119 	3659
f 3119 	3660 	3659
f 3119 	3118 	3660
f 3118 	3661 	3660
f 3118 	3121 	3661
f 3121 	3662 	3661
f 3121 	3120 	3662
f 3120 	3663 	3662
f 3120 	3123 	3663
f 3123 	3664 	3663
f 3123 	3122 	3664
f 3122 	3665 	3664
f 3122 	3125 	3665
f 3125 	3666 	3665
f 3125 	3124 	3666
f 3124 	3667 	3666
f 3124 	3127 	3667
f 3127 	3668 	3667
f 3127 	3126 	3668
f 3126 	3669 	3668
f 3126 	3129 	3669
f 3129 	3670 	3669
f 3129 	3128 	3670
f 3128 	3671 	3670
f 3128 	3131 	3671
f 3131 	3672 	3671
f 3131 	3130 	3672
f 3130 	3673 	3672
f 3130 	3133 	3673
f 3133 	3674 	3673
f 3133 	3132 	3674
f 3132 	3675 	3674
f 3132 	3313 	3675
f 3313 	3855 	3675
f 3313 	3310 	3855
f 3310 	3852 	3855
f 3310 	3307 	3852
f 3307 	3849 	3852
f 3307 	3304 	3849
f 3304 	3846 	3849
f 3304 	3301 	3846
f 3301 	3843 	3846
f 3301 	3298 	3843
f 3298 	3840 	3843
f 3298 	3296 	3840
f 3296 	3838 	3840
f 3296 	3294 	3838
f 3294 	3836 	3838
f 3294 	3290 	3836
f 3290 	3832 	3836
f 3290 	3286 	3832
f 3286 	3828 	3832
f 3286 	3282 	3828
f 3282 	3824 	3828
f 3282 	3278 	3824
f 3278 	3820 	3824
f 3278 	3274 	3820
f 3274 	3816 	3820
f 3274 	3270 	3816
f 3270 	3812 	3816
f 3270 	3265 	3812
f 3265 	3807 	3812
f 3265 	3260 	3807
f 3260 	3802 	3807
f 3260 	3255 	3802
f 3255 	3797 	3802
f 3255 	3250 	3797
f 3250 	3792 	3797
f 3250 	3246 	3792
f 3246 	3788 	3792
f 3246 	3241 	3788
f 3241 	3783 	3788
f 3241 	3237 	3783
f 3237 	3779 	3783
f 3237 	3232 	3779
f 3232 	3774 	3779
f 3232 	3227 	3774
f 3227 	3769 	3774
f 3227 	3222 	3769
f 3222 	3764 	3769
f 3222 	3217 	3764
f 3217 	3759 	3764
f 3217 	3212 	3759
f 3212 	3754 	3759
f 3212 	3207 	3754
f 3207 	3749 	3754
f 3207 	3203 	3749
f 3203 	3745 	3749
f 3203 	3194 	3745
f 3194 	3736 	3745
f 3194 	3188 	3736
f 3188 	3730 	3736
f 3188 	3181 	3730
f 3181 	3723 	3730
f 3181 	3175 	3723
f 3175 	3717 	3723
f 3175 	3172 	3717
f 3172 	3714 	3717
f 3172 	3165 	3714
f 3165 	3707 	3714
f 3165 	3136 	3707
f 3136 	3676 	3707
f 3136 	3135 	3676
f 3135 	3677 	3676
f 3135 	3134 	3677
f 3134 	3678 	3677
f 3134 	3138 	3678
f 3138 	3679 	3678
f 3138 	3137 	3679
f 3137 	3680 	3679
f 3137 	3140 	3680
f 3140 	3681 	3680
f 3140 	3139 	3681
f 3139 	3682 	3681
f 3139 	3142 	3682
f 3142 	3683 	3682
f 3142 	3141 	3683
f 3141 	3684 	3683
f 3141 	3144 	3684
f 3144 	3685 	3684
f 3144 	3143 	3685
f 3143 	3686 	3685
f 3143 	3146 	3686
f 3146 	3687 	3686
f 3146 	3145 	3687
f 3145 	3688 	3687
f 3145 	3148 	3688
f 3148 	3689 	3688
f 3148 	3147 	3689
f 3147 	3690 	3689
f 3147 	3150 	3690
f 3150 	3691 	3690
f 3150 	3149 	3691
f 3149 	3692 	3691
f 3149 	3152 	3692
f 3152 	3693 	3692
f 3152 	3151 	3693
f 3151 	3694 	3693
f 3151 	3155 	3694
f 3155 	3695 	3694
f 3155 	3154 	3695
f 3154 	3696 	3695
f 3154 	3153 	3696
f 3153 	3697 	3696
f 3153 	3157 	3697
f 3157 	3698 	3697
f 3157 	3156 	3698
f 3156 	3699 	3698
f 3156 	3159 	3699
f 3159 	3700 	3699
f 3159 	3158 	3700
f 3158 	3701 	3700
f 3158 	2843 	3701
f 2843 	3383 	3701
f 2998 	3162 	3541
f 3162 	3704 	3541
f 3162 	3178 	3704
f 3178 	3720 	3704
f 3178 	3185 	3720
f 3185 	3727 	3720
f 3185 	3191 	3727
f 3191 	3733 	3727
f 3191 	3197 	3733
f 3197 	3739 	3733
f 3197 	3200 	3739
f 3200 	3742 	3739
f 3200 	3210 	3742
f 3210 	3752 	3742
f 3210 	3215 	3752
f 3215 	3757 	3752
f 3215 	3220 	3757
f 3220 	3762 	3757
f 3220 	3225 	3762
f 3225 	3767 	3762
f 3225 	3230 	3767
f 3230 	3772 	3767
f 3230 	3235 	3772
f 3235 	3777 	3772
f 3235 	3240 	3777
f 3240 	3782 	3777
f 3240 	3244 	3782
f 3244 	3786 	3782
f 3244 	3248 	3786
f 3248 	3790 	3786
f 3248 	3253 	3790
f 3253 	3795 	3790
f 3253 	3258 	3795
f 3258 	3800 	3795
f 3258 	3263 	3800
f 3263 	3805 	3800
f 3263 	3268 	3805
f 3268 	3810 	3805
f 3268 	3272 	3810
f 3272 	3814 	3810
f 3272 	3322 	3814
f 3322 	3864 	3814
f 3322 	3320 	3864
f 3320 	3862 	3864
f 3320 	3318 	3862
f 3318 	3860 	3862
f 3318 	3317 	3860
f 3317 	3859 	3860
f 3317 	3316 	3859
f 3316 	3858 	3859
f 3316 	3315 	3858
f 3315 	3857 	3858
f 3315 	3312 	3857
f 3312 	3854 	3857
f 3312 	3309 	3854
f 3309 	3851 	3854
f 3309 	3306 	3851
f 3306 	3848 	3851
f 3306 	3303 	3848
f 3303 	3845 	3848
f 3303 	3300 	3845
f 3300 	3842 	3845
f 3300 	3297 	3842
f 3297 	3839 	3842
f 3297 	3293 	3839
f 3293 	3835 	3839
f 3293 	3289 	3835
f 3289 	3831 	3835
f 3289 	3285 	3831
f 3285 	3827 	3831
f 3285 	3281 	3827
f 3281 	3823 	3827
f 3281 	3277 	3823
f 3277 	3819 	3823
f 3277 	3273 	3819
f 3273 	3815 	3819
f 3273 	3269 	3815
f 3269 	3811 	3815
f 3269 	3264 	3811
f 3264 	3806 	3811
f 3264 	3259 	3806
f 3259 	3801 	3806
f 3259 	3254 	3801
f 3254 	3796 	3801
f 3254 	3249 	3796
f 3249 	3791 	3796
f 3249 	3245 	3791
f 3245 	3787 	3791
f 3245 	3236 	3787
f 3236 	3778 	3787
f 3236 	3231 	3778
f 3231 	3773 	3778
f 3231 	3226 	3773
f 3226 	3768 	3773
f 3226 	3221 	3768
f 3221 	3763 	3768
f 3221 	3216 	3763
f 3216 	3758 	3763
f 3216 	3211 	3758
f 3211 	3753 	3758
f 3211 	3206 	3753
f 3206 	3748 	3753
f 3206 	3201 	3748
f 3201 	3743 	3748
f 3201 	3192 	3743
f 3192 	3734 	3743
f 3192 	3186 	3734
f 3186 	3728 	3734
f 3186 	3179 	3728
f 3179 	3721 	3728
f 3179 	3174 	3721
f 3174 	3716 	3721
f 3174 	3169 	3716
f 3169 	3711 	3716
f 3169 	3163 	3711
f 3163 	3705 	3711
f 3163 	3000 	3705
f 3000 	3542 	3705
f 3000 	2999 	3542
f 2999 	3540 	3542
f 2999 	2998 	3540
f 2998 	3541 	3540
f 2911 	3160 	3454
f 3160 	3702 	3454
f 3160 	3167 	3702
f 3167 	3709 	3702
f 3167 	3176 	3709
f 3176 	3718 	3709
f 3176 	3183 	3718
f 3183 	3725 	3718
f 3183 	3189 	3725
f 3189 	3731 	3725
f 3189 	3195 	3731
f 3195 	3737 	3731
f 3195 	3198 	3737
f 3198 	3740 	3737
f 3198 	3204 	3740
f 3204 	3746 	3740
f 3204 	3208 	3746
f 3208 	3750 	3746
f 3208 	3213 	3750
f 3213 	3755 	3750
f 3213 	3218 	3755
f 3218 	3760 	3755
f 3218 	3223 	3760
f 3223 	3765 	3760
f 3223 	3228 	3765
f 3228 	3770 	3765
f 3228 	3233 	3770
f 3233 	3775 	3770
f 3233 	3238 	3775
f 3238 	3780 	3775
f 3238 	3242 	3780
f 3242 	3784 	3780
f 3242 	3247 	3784
f 3247 	3789 	3784
f 3247 	3251 	3789
f 3251 	3793 	3789
f 3251 	3256 	3793
f 3256 	3798 	3793
f 3256 	3261 	3798
f 3261 	3803 	3798
f 3261 	3266 	3803
f 3266 	3808 	3803
f 3266 	3275 	3808
f 3275 	3817 	3808
f 3275 	3279 	3817
f 3279 	3821 	3817
f 3279 	3283 	3821
f 3283 	3825 	3821
f 3283 	3287 	3825
f 3287 	3829 	3825
f 3287 	3291 	3829
f 3291 	3833 	3829
f 3291 	3295 	3833
f 3295 	3837 	3833
f 3295 	3299 	3837
f 3299 	3841 	3837
f 3299 	3302 	3841
f 3302 	3844 	3841
f 3302 	3305 	3844
f 3305 	3847 	3844
f 3305 	3308 	3847
f 3308 	3850 	3847
f 3308 	3311 	3850
f 3311 	3853 	3850
f 3311 	3314 	3853
f 3314 	3856 	3853
f 3314 	3319 	3856
f 3319 	3861 	3856
f 3319 	3321 	3861
f 3321 	3863 	3861
f 3321 	3323 	3863
f 3323 	3865 	3863
f 3323 	3324 	3865
f 3324 	3866 	3865
f 3324 	3325 	3866
f 3325 	3867 	3866
f 3325 	3327 	3867
f 3327 	3869 	3867
f 3327 	3329 	3869
f 3329 	3871 	3869
f 3329 	3331 	3871
f 3331 	3873 	3871
f 3331 	3333 	3873
f 3333 	3875 	3873
f 3333 	3335 	3875
f 3335 	3877 	3875
f 3335 	3337 	3877
f 3337 	3879 	3877
f 3337 	3339 	3879
f 3339 	3881 	3879
f 3339 	3341 	3881
f 3341 	3883 	3881
f 3341 	3343 	3883
f 3343 	3885 	3883
f 3343 	3345 	3885
f 3345 	3887 	3885
f 3345 	3347 	3887
f 3347 	3889 	3887
f 3347 	3348 	3889
f 3348 	3890 	3889
f 3348 	3350 	3890
f 3350 	3892 	3890
f 3350 	3352 	3892
f 3352 	3894 	3892
f 3352 	3354 	3894
f 3354 	3896 	3894
f 3354 	3356 	3896
f 3356 	3898 	3896
f 3356 	3358 	3898
f 3358 	3900 	3898
f 3358 	3359 	3900
f 3359 	3901 	3900
f 3359 	3360 	3901
f 3360 	3902 	3901
f 3360 	3362 	3902
f 3362 	3904 	3902
f 3362 	3364 	3904
f 3364 	3906 	3904
f 3364 	3366 	3906
f 3366 	3908 	3906
f 3366 	3368 	3908
f 3368 	3910 	3908
f 3368 	3370 	3910
f 3370 	3912 	3910
f 3370 	3372 	3912
f 3372 	3914 	3912
f 3372 	3374 	3914
f 3374 	3916 	3914
f 3374 	3382 	3916
f 3382 	3924 	3916
f 3382 	3381 	3924
f 3381 	3923 	3924
f 3381 	3292 	3923
f 3292 	3834 	3923
f 3292 	3288 	3834
f 3288 	3830 	3834
f 3288 	3284 	3830
f 3284 	3826 	3830
f 3284 	3280 	3826
f 3280 	3822 	3826
f 3280 	3276 	3822
f 3276 	3818 	3822
f 3276 	3271 	3818
f 3271 	3813 	3818
f 3271 	3267 	3813
f 3267 	3809 	3813
f 3267 	3262 	3809
f 3262 	3804 	3809
f 3262 	3257 	3804
f 3257 	3799 	3804
f 3257 	3252 	3799
f 3252 	3794 	3799
f 3252 	3243 	3794
f 3243 	3785 	3794
f 3243 	3239 	3785
f 3239 	3781 	3785
f 3239 	3234 	3781
f 3234 	3776 	3781
f 3234 	3229 	3776
f 3229 	3771 	3776
f 3229 	3224 	3771
f 3224 	3766 	3771
f 3224 	3219 	3766
f 3219 	3761 	3766
f 3219 	3214 	3761
f 3214 	3756 	3761
f 3214 	3209 	3756
f 3209 	3751 	3756
f 3209 	3205 	3751
f 3205 	3747 	3751
f 3205 	3199 	3747
f 3199 	3741 	3747
f 3199 	3196 	3741
f 3196 	3738 	3741
f 3196 	3190 	3738
f 3190 	3732 	3738
f 3190 	3184 	3732
f 3184 	3726 	3732
f 3184 	3177 	3726
f 3177 	3719 	3726
f 3177 	3173 	3719
f 3173 	3715 	3719
f 3173 	3168 	3715
f 3168 	3710 	3715
f 3168 	3161 	3710
f 3161 	3703 	3710
f 3161 	2913 	3703
f 2913 	3455 	3703
f 2913 	2912 	3455
f 2912 	3453 	3455
f 2912 	2911 	3453
f 2911 	3454 	3453
f 3925 	3926 	3927
f 3928 	3929 	3925
f 3930 	3931 	3932
f 3933 	3934 	3935
f 3936 	3937 	3938
f 3939 	3940 	3936
f 3941 	3942 	3939
f 3943 	3944 	3941
f 3945 	3946 	3943
f 3947 	3948 	3945
f 3949 	3950 	3947
f 3951 	3952 	3949
f 3953 	3954 	3951
f 3955 	3956 	3953
f 3957 	3958 	3955
f 3959 	3960 	3957
f 3961 	3962 	3959
f 3963 	3964 	3961
f 3965 	3966 	3963
f 3967 	3968 	3965
f 3969 	3970 	3967
f 3971 	3972 	3969
f 3973 	3928 	3925
f 3974 	3930 	3932
f 3975 	3933 	3935
f 3939 	3936 	3938
f 3943 	3941 	3939
f 3947 	3945 	3943
f 3951 	3949 	3947
f 3955 	3953 	3951
f 3959 	3957 	3955
f 3963 	3961 	3959
f 3967 	3965 	3963
f 3971 	3969 	3967
f 3976 	3973 	3925
f 3977 	3974 	3932
f 3978 	3975 	3935
f 3939 	3938 	3979
f 3947 	3943 	3939
f 3955 	3951 	3947
f 3963 	3959 	3955
f 3971 	3967 	3963
f 3980 	3976 	3925
f 3981 	3977 	3932
f 3982 	3978 	3935
f 3947 	3939 	3979
f 3963 	3955 	3947
f 3983 	3971 	3963
f 3984 	3980 	3925
f 3985 	3981 	3932
f 3986 	3982 	3935
f 3947 	3979 	3987
f 3983 	3963 	3947
f 3988 	3984 	3925
f 3989 	3985 	3932
f 3990 	3986 	3935
f 3947 	3987 	3991
f 3988 	3925 	3927
f 3992 	3989 	3932
f 3993 	3990 	3935
f 3947 	3991 	3994
f 3995 	3988 	3927
f 3996 	3992 	3932
f 3997 	3993 	3935
f 3947 	3994 	3998
f 3999 	3995 	3927
f 4000 	3996 	3932
f 4001 	3997 	3935
f 3947 	3998 	4002
f 4003 	3999 	3927
f 4004 	4000 	3932
f 4005 	4001 	3935
f 4006 	4003 	3927
f 4007 	4004 	3932
f 4008 	4005 	3935
f 4009 	4006 	3927
f 4010 	4007 	3932
f 4011 	4008 	3935
f 4012 	4009 	3927
f 4013 	4010 	3932
f 4014 	4011 	3935
f 4015 	4012 	3927
f 4016 	4013 	3932
f 4017 	4014 	3935
f 4018 	4015 	3927
f 4019 	4016 	3932
f 4020 	4017 	3935
f 4021 	4018 	3927
f 4022 	4019 	3932
f 4020 	3935 	4023
f 4024 	4021 	3927
f 4025 	4022 	3932
f 4020 	4023 	4026
f 4027 	4024 	3927
f 4028 	4025 	3932
f 4029 	4020 	4026
f 4027 	3927 	3983
f 4030 	4028 	3932
f 4029 	4026 	4031
f 4032 	4027 	3983
f 4030 	3932 	4033
f 4029 	4031 	4034
f 4035 	4032 	3983
f 4030 	4033 	4036
f 4029 	4034 	4037
f 4038 	4035 	3983
f 4030 	4036 	4039
f 4029 	4037 	4040
f 4041 	4038 	3983
f 4030 	4039 	4042
f 4029 	4040 	4043
f 4042 	4041 	3983
f 4044 	4030 	4042
f 4029 	4043 	4045
f 4046 	4044 	4042
f 4029 	4045 	4047
f 4048 	4046 	4042
f 4029 	4047 	4049
f 4050 	4048 	4042
f 4029 	4049 	4051
f 4052 	4050 	4042
f 4053 	4029 	4051
f 4054 	4052 	4042
f 4053 	4051 	4055
f 4054 	4042 	3983
f 4053 	4055 	4056
f 4057 	4054 	3983
f 4058 	4053 	4056
f 4059 	4057 	3983
f 4002 	4058 	4056
f 4060 	4059 	3983
f 3947 	4002 	4056
f 4061 	4060 	3983
f 3947 	4056 	4062
f 4063 	4061 	3983
f 3947 	4062 	4064
f 4065 	4063 	3983
f 3947 	4064 	4066
f 4067 	4065 	3983
f 3947 	4066 	4068
f 4069 	4067 	3983
f 3947 	4068 	4070
f 4071 	4069 	3983
f 3947 	4070 	4072
f 4073 	4071 	3983
f 3947 	4072 	4074
f 4075 	4073 	3983
f 3947 	4074 	4076
f 4077 	4075 	3983
f 3947 	4076 	4078
f 4079 	4077 	3983
f 3947 	4078 	4080
f 4081 	4079 	3983
f 3947 	4080 	4082
f 4083 	4081 	3983
f 3947 	4082 	4084
f 4085 	4083 	3983
f 3947 	4084 	4086
f 4087 	4085 	3983
f 3947 	4086 	4088
f 4089 	4087 	3983
f 3947 	4088 	4090
f 4089 	3983 	3947
f 3947 	4090 	4091
f 4092 	4089 	3947
f 3947 	4091 	4093
f 4093 	4092 	3947
f 4094 	4095 	4096
f 4096 	4097 	4098
f 4099 	4100 	4101
f 4102 	4103 	4104
f 4105 	4106 	4107
f 4107 	4108 	4109
f 4109 	4110 	4111
f 4111 	4112 	4113
f 4113 	4114 	4115
f 4115 	4116 	4117
f 4117 	4118 	4119
f 4119 	4120 	4121
f 4121 	4122 	4123
f 4123 	4124 	4125
f 4125 	4126 	4127
f 4127 	4128 	4129
f 4129 	4130 	4131
f 4131 	4132 	4133
f 4133 	4134 	4135
f 4135 	4136 	4137
f 4137 	4138 	4139
f 4139 	4140 	4141
f 4096 	4098 	4142
f 4099 	4101 	4143
f 4102 	4104 	4144
f 4105 	4107 	4109
f 4109 	4111 	4113
f 4113 	4115 	4117
f 4117 	4119 	4121
f 4121 	4123 	4125
f 4125 	4127 	4129
f 4129 	4131 	4133
f 4133 	4135 	4137
f 4137 	4139 	4141
f 4096 	4142 	4145
f 4099 	4143 	4146
f 4102 	4144 	4147
f 4148 	4105 	4109
f 4109 	4113 	4117
f 4117 	4121 	4125
f 4125 	4129 	4133
f 4133 	4137 	4141
f 4096 	4145 	4149
f 4099 	4146 	4150
f 4102 	4147 	4151
f 4148 	4109 	4117
f 4117 	4125 	4133
f 4133 	4141 	4152
f 4096 	4149 	4153
f 4099 	4150 	4154
f 4102 	4151 	4155
f 4156 	4148 	4117
f 4117 	4133 	4152
f 4096 	4153 	4157
f 4099 	4154 	4158
f 4102 	4155 	4159
f 4160 	4156 	4117
f 4094 	4096 	4157
f 4099 	4158 	4161
f 4102 	4159 	4162
f 4163 	4160 	4117
f 4094 	4157 	4164
f 4099 	4161 	4165
f 4102 	4162 	4166
f 4167 	4163 	4117
f 4094 	4164 	4168
f 4099 	4165 	4169
f 4102 	4166 	4170
f 4171 	4167 	4117
f 4094 	4168 	4172
f 4099 	4169 	4173
f 4102 	4170 	4174
f 4094 	4172 	4175
f 4099 	4173 	4176
f 4102 	4174 	4177
f 4094 	4175 	4178
f 4099 	4176 	4179
f 4102 	4177 	4180
f 4094 	4178 	4181
f 4099 	4179 	4182
f 4102 	4180 	4183
f 4094 	4181 	4184
f 4099 	4182 	4185
f 4102 	4183 	4186
f 4094 	4184 	4187
f 4099 	4185 	4188
f 4102 	4186 	4189
f 4094 	4187 	4190
f 4099 	4188 	4191
f 4192 	4102 	4189
f 4094 	4190 	4193
f 4099 	4191 	4194
f 4195 	4192 	4189
f 4094 	4193 	4196
f 4099 	4194 	4197
f 4195 	4189 	4198
f 4152 	4094 	4196
f 4099 	4197 	4199
f 4200 	4195 	4198
f 4152 	4196 	4201
f 4202 	4099 	4199
f 4203 	4200 	4198
f 4152 	4201 	4204
f 4205 	4202 	4199
f 4206 	4203 	4198
f 4152 	4204 	4207
f 4208 	4205 	4199
f 4209 	4206 	4198
f 4152 	4207 	4210
f 4211 	4208 	4199
f 4212 	4209 	4198
f 4152 	4210 	4211
f 4211 	4199 	4213
f 4214 	4212 	4198
f 4211 	4213 	4215
f 4216 	4214 	4198
f 4211 	4215 	4217
f 4218 	4216 	4198
f 4211 	4217 	4219
f 4220 	4218 	4198
f 4211 	4219 	4221
f 4220 	4198 	4222
f 4211 	4221 	4223
f 4224 	4220 	4222
f 4152 	4211 	4223
f 4225 	4224 	4222
f 4152 	4223 	4226
f 4225 	4222 	4227
f 4152 	4226 	4228
f 4225 	4227 	4171
f 4152 	4228 	4229
f 4225 	4171 	4117
f 4152 	4229 	4230
f 4231 	4225 	4117
f 4152 	4230 	4232
f 4233 	4231 	4117
f 4152 	4232 	4234
f 4235 	4233 	4117
f 4152 	4234 	4236
f 4237 	4235 	4117
f 4152 	4236 	4238
f 4239 	4237 	4117
f 4152 	4238 	4240
f 4241 	4239 	4117
f 4152 	4240 	4242
f 4243 	4241 	4117
f 4152 	4242 	4244
f 4245 	4243 	4117
f 4152 	4244 	4246
f 4247 	4245 	4117
f 4152 	4246 	4248
f 4249 	4247 	4117
f 4152 	4248 	4250
f 4251 	4249 	4117
f 4152 	4250 	4252
f 4253 	4251 	4117
f 4152 	4252 	4254
f 4255 	4253 	4117
f 4152 	4254 	4256
f 4257 	4255 	4117
f 4152 	4256 	4258
f 4259 	4257 	4117
f 4117 	4152 	4258
f 4260 	4259 	4117
f 4117 	4258 	4261
f 4262 	4260 	4117
f 4117 	4261 	4262
f 3925 	3929 	4096
f 3929 	4097 	4096
f 3929 	3928 	4097
f 3928 	4098 	4097
f 3928 	3973 	4098
f 3973 	4142 	4098
f 3973 	3976 	4142
f 3976 	4145 	4142
f 3976 	3980 	4145
f 3980 	4149 	4145
f 3980 	3984 	4149
f 3984 	4153 	4149
f 3984 	3988 	4153
f 3988 	4157 	4153
f 3988 	3995 	4157
f 3995 	4164 	4157
f 3995 	3999 	4164
f 3999 	4168 	4164
f 3999 	4003 	4168
f 4003 	4172 	4168
f 4003 	4006 	4172
f 4006 	4175 	4172
f 4006 	4009 	4175
f 4009 	4178 	4175
f 4009 	4012 	4178
f 4012 	4181 	4178
f 4012 	4015 	4181
f 4015 	4184 	4181
f 4015 	4018 	4184
f 4018 	4187 	4184
f 4018 	4021 	4187
f 4021 	4190 	4187
f 4021 	4024 	4190
f 4024 	4193 	4190
f 4024 	4027 	4193
f 4027 	4196 	4193
f 4027 	4032 	4196
f 4032 	4201 	4196
f 4032 	4035 	4201
f 4035 	4204 	4201
f 4035 	4038 	4204
f 4038 	4207 	4204
f 4038 	4041 	4207
f 4041 	4210 	4207
f 4041 	4042 	4210
f 4042 	4211 	4210
f 4042 	4039 	4211
f 4039 	4208 	4211
f 4039 	4036 	4208
f 4036 	4205 	4208
f 4036 	4033 	4205
f 4033 	4202 	4205
f 4033 	3932 	4202
f 3932 	4099 	4202
f 3932 	3931 	4099
f 3931 	4100 	4099
f 3931 	3930 	4100
f 3930 	4101 	4100
f 3930 	3974 	4101
f 3974 	4143 	4101
f 3974 	3977 	4143
f 3977 	4146 	4143
f 3977 	3981 	4146
f 3981 	4150 	4146
f 3981 	3985 	4150
f 3985 	4154 	4150
f 3985 	3989 	4154
f 3989 	4158 	4154
f 3989 	3992 	4158
f 3992 	4161 	4158
f 3992 	3996 	4161
f 3996 	4165 	4161
f 3996 	4000 	4165
f 4000 	4169 	4165
f 4000 	4004 	4169
f 4004 	4173 	4169
f 4004 	4007 	4173
f 4007 	4176 	4173
f 4007 	4010 	4176
f 4010 	4179 	4176
f 4010 	4013 	4179
f 4013 	4182 	4179
f 4013 	4016 	4182
f 4016 	4185 	4182
f 4016 	4019 	4185
f 4019 	4188 	4185
f 4019 	4022 	4188
f 4022 	4191 	4188
f 4022 	4025 	4191
f 4025 	4194 	4191
f 4025 	4028 	4194
f 4028 	4197 	4194
f 4028 	4030 	4197
f 4030 	4199 	4197
f 4030 	4044 	4199
f 4044 	4213 	4199
f 4044 	4046 	4213
f 4046 	4215 	4213
f 4046 	4048 	4215
f 4048 	4217 	4215
f 4048 	4050 	4217
f 4050 	4219 	4217
f 4050 	4052 	4219
f 4052 	4221 	4219
f 4052 	4054 	4221
f 4054 	4223 	4221
f 4054 	4057 	4223
f 4057 	4226 	4223
f 4057 	4059 	4226
f 4059 	4228 	4226
f 4059 	4060 	4228
f 4060 	4229 	4228
f 4060 	4061 	4229
f 4061 	4230 	4229
f 4061 	4063 	4230
f 4063 	4232 	4230
f 4063 	4065 	4232
f 4065 	4234 	4232
f 4065 	4067 	4234
f 4067 	4236 	4234
f 4067 	4069 	4236
f 4069 	4238 	4236
f 4069 	4071 	4238
f 4071 	4240 	4238
f 4071 	4073 	4240
f 4073 	4242 	4240
f 4073 	4075 	4242
f 4075 	4244 	4242
f 4075 	4077 	4244
f 4077 	4246 	4244
f 4077 	4079 	4246
f 4079 	4248 	4246
f 4079 	4081 	4248
f 4081 	4250 	4248
f 4081 	4083 	4250
f 4083 	4252 	4250
f 4083 	4085 	4252
f 4085 	4254 	4252
f 4085 	4087 	4254
f 4087 	4256 	4254
f 4087 	4089 	4256
f 4089 	4258 	4256
f 4089 	4092 	4258
f 4092 	4261 	4258
f 4092 	4093 	4261
f 4093 	4262 	4261
f 4093 	4091 	4262
f 4091 	4260 	4262
f 4091 	4090 	4260
f 4090 	4259 	4260
f 4090 	4088 	4259
f 4088 	4257 	4259
f 4088 	4086 	4257
f 4086 	4255 	4257
f 4086 	4084 	4255
f 4084 	4253 	4255
f 4084 	4082 	4253
f 4082 	4251 	4253
f 4082 	4080 	4251
f 4080 	4249 	4251
f 4080 	4078 	4249
f 4078 	4247 	4249
f 4078 	4076 	4247
f 4076 	4245 	4247
f 4076 	4074 	4245
f 4074 	4243 	4245
f 4074 	4072 	4243
f 4072 	4241 	4243
f 4072 	4070 	4241
f 4070 	4239 	4241
f 4070 	4068 	4239
f 4068 	4237 	4239
f 4068 	4066 	4237
f 4066 	4235 	4237
f 4066 	4064 	4235
f 4064 	4233 	4235
f 4064 	4062 	4233
f 4062 	4231 	4233
f 4062 	4056 	4231
f 4056 	4225 	4231
f 4056 	4055 	4225
f 4055 	4224 	4225
f 4055 	4051 	4224
f 4051 	4220 	4224
f 4051 	4049 	4220
f 4049 	4218 	4220
f 4049 	4047 	4218
f 4047 	4216 	4218
f 4047 	4045 	4216
f 4045 	4214 	4216
f 4045 	4043 	4214
f 4043 	4212 	4214
f 4043 	4040 	4212
f 4040 	4209 	4212
f 4040 	4037 	4209
f 4037 	4206 	4209
f 4037 	4034 	4206
f 4034 	4203 	4206
f 4034 	4031 	4203
f 4031 	4200 	4203
f 4031 	4026 	4200
f 4026 	4195 	4200
f 4026 	4023 	4195
f 4023 	4192 	4195
f 4023 	3935 	4192
f 3935 	4102 	4192
f 3935 	3934 	4102
f 3934 	4103 	4102
f 3934 	3933 	4103
f 3933 	4104 	4103
f 3933 	3975 	4104
f 3975 	4144 	4104
f 3975 	3978 	4144
f 3978 	4147 	4144
f 3978 	3982 	4147
f 3982 	4151 	4147
f 3982 	3986 	4151
f 3986 	4155 	4151
f 3986 	3990 	4155
f 3990 	4159 	4155
f 3990 	3993 	4159
f 3993 	4162 	4159
f 3993 	3997 	4162
f 3997 	4166 	4162
f 3997 	4001 	4166
f 4001 	4170 	4166
f 4001 	4005 	4170
f 4005 	4174 	4170
f 4005 	4008 	4174
f 4008 	4177 	4174
f 4008 	4011 	4177
f 4011 	4180 	4177
f 4011 	4014 	4180
f 4014 	4183 	4180
f 4014 	4017 	4183
f 4017 	4186 	4183
f 4017 	4020 	4186
f 4020 	4189 	4186
f 4020 	4029 	4189
f 4029 	4198 	4189
f 4029 	4053 	4198
f 4053 	4222 	4198
f 4053 	4058 	4222
f 4058 	4227 	4222
f 4058 	4002 	4227
f 4002 	4171 	4227
f 4002 	3998 	4171
f 3998 	4167 	4171
f 3998 	3994 	4167
f 3994 	4163 	4167
f 3994 	3991 	4163
f 3991 	4160 	4163
f 3991 	3987 	4160
f 3987 	4156 	4160
f 3987 	3979 	4156
f 3979 	4148 	4156
f 3979 	3938 	4148
f 3938 	4105 	4148
f 3938 	3937 	4105
f 3937 	4106 	4105
f 3937 	3936 	4106
f 3936 	4107 	4106
f 3936 	3940 	4107
f 3940 	4108 	4107
f 3940 	3939 	4108
f 3939 	4109 	4108
f 3939 	3942 	4109
f 3942 	4110 	4109
f 3942 	3941 	4110
f 3941 	4111 	4110
f 3941 	3944 	4111
f 3944 	4112 	4111
f 3944 	3943 	4112
f 3943 	4113 	4112
f 3943 	3946 	4113
f 3946 	4114 	4113
f 3946 	3945 	4114
f 3945 	4115 	4114
f 3945 	3948 	4115
f 3948 	4116 	4115
f 3948 	3947 	4116
f 3947 	4117 	4116
f 3947 	3950 	4117
f 3950 	4118 	4117
f 3950 	3949 	4118
f 3949 	4119 	4118
f 3949 	3952 	4119
f 3952 	4120 	4119
f 3952 	3951 	4120
f 3951 	4121 	4120
f 3951 	3954 	4121
f 3954 	4122 	4121
f 3954 	3953 	4122
f 3953 	4123 	4122
f 3953 	3956 	4123
f 3956 	4124 	4123
f 3956 	3955 	4124
f 3955 	4125 	4124
f 3955 	3958 	4125
f 3958 	4126 	4125
f 3958 	3957 	4126
f 3957 	4127 	4126
f 3957 	3960 	4127
f 3960 	4128 	4127
f 3960 	3959 	4128
f 3959 	4129 	4128
f 3959 	3962 	4129
f 3962 	4130 	4129
f 3962 	3961 	4130
f 3961 	4131 	4130
f 3961 	3964 	4131
f 3964 	4132 	4131
f 3964 	3963 	4132
f 3963 	4133 	4132
f 3963 	3966 	4133
f 3966 	4134 	4133
f 3966 	3965 	4134
f 3965 	4135 	4134
f 3965 	3968 	4135
f 3968 	4136 	4135
f 3968 	3967 	4136
f 3967 	4137 	4136
f 3967 	3970 	4137
f 3970 	4138 	4137
f 3970 	3969 	4138
f 3969 	4139 	4138
f 3969 	3972 	4139
f 3972 	4140 	4139
f 3972 	3971 	4140
f 3971 	4141 	4140
f 3971 	3983 	4141
f 3983 	4152 	4141
f 3983 	3927 	4152
f 3927 	4094 	4152
f 3927 	3926 	4094
f 3926 	4095 	4094
f 3926 	3925 	4095
f 3925 	4096 	4095
f 4263 	4264 	4265
f 4266 	4267 	4263
f 4268 	4269 	4266
f 4270 	4271 	4268
f 4272 	4273 	4270
f 4274 	4275 	4272
f 4276 	4277 	4274
f 4277 	4276 	4278
f 4279 	4280 	4277
f 4281 	4282 	4279
f 4283 	4284 	4281
f 4285 	4286 	4283
f 4287 	4288 	4285
f 4289 	4290 	4287
f 4291 	4292 	4289
f 4293 	4294 	4291
f 4295 	4296 	4293
f 4297 	4298 	4295
f 4299 	4300 	4297
f 4301 	4302 	4299
f 4303 	4304 	4301
f 4305 	4306 	4303
f 4307 	4308 	4305
f 4309 	4310 	4307
f 4311 	4312 	4309
f 4313 	4314 	4311
f 4315 	4316 	4313
f 4317 	4318 	4315
f 4319 	4320 	4317
f 4321 	4322 	4319
f 4323 	4324 	4321
f 4325 	4326 	4323
f 4327 	4328 	4329
f 4330 	4331 	4327
f 4332 	4333 	4334
f 4335 	4336 	4332
f 4337 	4338 	4335
f 4339 	4340 	4337
f 4341 	4342 	4339
f 4343 	4344 	4341
f 4345 	4346 	4343
f 4347 	4348 	4345
f 4349 	4350 	4347
f 4351 	4352 	4349
f 4353 	4354 	4351
f 4355 	4356 	4353
f 4357 	4358 	4355
f 4359 	4360 	4357
f 4361 	4362 	4359
f 4363 	4364 	4361
f 4365 	4366 	4363
f 4367 	4368 	4365
f 4369 	4370 	4367
f 4371 	4372 	4369
f 4373 	4374 	4371
f 4375 	4376 	4373
f 4377 	4378 	4375
f 4379 	4380 	4377
f 4381 	4382 	4379
f 4383 	4384 	4381
f 4385 	4386 	4383
f 4387 	4388 	4385
f 4389 	4390 	4387
f 4391 	4392 	4389
f 4393 	4394 	4391
f 4266 	4263 	4265
f 4270 	4268 	4266
f 4274 	4272 	4270
f 4395 	4276 	4274
f 4277 	4278 	4396
f 4281 	4279 	4277
f 4285 	4283 	4281
f 4289 	4287 	4285
f 4293 	4291 	4289
f 4297 	4295 	4293
f 4301 	4299 	4297
f 4305 	4303 	4301
f 4309 	4307 	4305
f 4313 	4311 	4309
f 4317 	4315 	4313
f 4321 	4319 	4317
f 4325 	4323 	4321
f 4397 	4330 	4327
f 4335 	4332 	4334
f 4339 	4337 	4335
f 4343 	4341 	4339
f 4347 	4345 	4343
f 4351 	4349 	4347
f 4355 	4353 	4351
f 4359 	4357 	4355
f 4363 	4361 	4359
f 4367 	4365 	4363
f 4371 	4369 	4367
f 4375 	4373 	4371
f 4379 	4377 	4375
f 4383 	4381 	4379
f 4387 	4385 	4383
f 4391 	4389 	4387
f 4398 	4393 	4391
f 4270 	4266 	4265
f 4395 	4274 	4270
f 4277 	4396 	4399
f 4285 	4281 	4277
f 4293 	4289 	4285
f 4301 	4297 	4293
f 4309 	4305 	4301
f 4317 	4313 	4309
f 4325 	4321 	4317
f 4400 	4397 	4327
f 4339 	4335 	4334
f 4347 	4343 	4339
f 4355 	4351 	4347
f 4363 	4359 	4355
f 4371 	4367 	4363
f 4379 	4375 	4371
f 4387 	4383 	4379
f 4398 	4391 	4387
f 4401 	4395 	4270
f 4277 	4399 	4402
f 4293 	4285 	4277
f 4309 	4301 	4293
f 4325 	4317 	4309
f 4400 	4327 	4329
f 4339 	4334 	4403
f 4355 	4347 	4339
f 4371 	4363 	4355
f 4387 	4379 	4371
f 4404 	4398 	4387
f 4405 	4401 	4270
f 4277 	4402 	4406
f 4309 	4293 	4277
f 4407 	4400 	4329
f 4339 	4403 	4408
f 4371 	4355 	4339
f 4404 	4387 	4371
f 4409 	4405 	4270
f 4277 	4406 	4410
f 4411 	4407 	4329
f 4412 	4404 	4371
f 4413 	4409 	4270
f 4277 	4410 	4414
f 4415 	4411 	4329
f 4416 	4412 	4371
f 4417 	4413 	4270
f 4277 	4414 	4418
f 4419 	4415 	4329
f 4420 	4416 	4371
f 4421 	4417 	4270
f 4277 	4418 	4422
f 4423 	4419 	4329
f 4424 	4420 	4371
f 4425 	4421 	4270
f 4309 	4277 	4422
f 4426 	4423 	4329
f 4427 	4424 	4371
f 4428 	4425 	4270
f 4309 	4422 	4429
f 4430 	4426 	4329
f 4431 	4427 	4371
f 4432 	4428 	4270
f 4309 	4429 	4433
f 4434 	4430 	4329
f 4435 	4431 	4371
f 4436 	4432 	4270
f 4309 	4433 	4437
f 4438 	4434 	4329
f 4439 	4435 	4371
f 4440 	4436 	4270
f 4309 	4437 	4441
f 4442 	4438 	4329
f 4443 	4439 	4371
f 4444 	4440 	4270
f 4309 	4441 	4445
f 4446 	4442 	4329
f 4447 	4443 	4371
f 4448 	4444 	4270
f 4309 	4445 	4449
f 4446 	4329 	4325
f 4450 	4447 	4371
f 4451 	4448 	4270
f 4309 	4449 	4452
f 4453 	4446 	4325
f 4454 	4450 	4371
f 4451 	4270 	4265
f 4309 	4452 	4455
f 4456 	4453 	4325
f 4457 	4454 	4371
f 4458 	4451 	4265
f 4309 	4455 	4459
f 4460 	4456 	4325
f 4461 	4457 	4371
f 4462 	4458 	4265
f 4309 	4459 	4463
f 4464 	4460 	4325
f 4465 	4461 	4371
f 4466 	4462 	4265
f 4309 	4463 	4467
f 4468 	4464 	4325
f 4469 	4465 	4371
f 4470 	4466 	4265
f 4309 	4467 	4471
f 4472 	4468 	4325
f 4473 	4469 	4371
f 4474 	4470 	4265
f 4309 	4471 	4475
f 4476 	4472 	4325
f 4477 	4473 	4371
f 4478 	4474 	4265
f 4309 	4475 	4479
f 4480 	4476 	4325
f 4481 	4477 	4371
f 4482 	4478 	4265
f 4309 	4479 	4483
f 4408 	4480 	4325
f 4484 	4481 	4371
f 4485 	4482 	4265
f 4309 	4483 	4486
f 4339 	4408 	4325
f 4487 	4484 	4371
f 4488 	4485 	4265
f 4325 	4309 	4486
f 4489 	4487 	4371
f 4490 	4488 	4265
f 4325 	4486 	4491
f 4489 	4371 	4339
f 4325 	4491 	4492
f 4493 	4489 	4339
f 4325 	4492 	4494
f 4495 	4493 	4339
f 4325 	4494 	4496
f 4497 	4495 	4339
f 4325 	4496 	4498
f 4499 	4497 	4339
f 4325 	4498 	4500
f 4501 	4499 	4339
f 4325 	4500 	4502
f 4503 	4501 	4339
f 4325 	4502 	4504
f 4505 	4503 	4339
f 4325 	4504 	4506
f 4507 	4505 	4339
f 4325 	4506 	4508
f 4509 	4507 	4339
f 4325 	4508 	4510
f 4511 	4509 	4339
f 4339 	4325 	4510
f 4512 	4511 	4339
f 4339 	4510 	4490
f 4513 	4512 	4339
f 4339 	4490 	4265
f 4514 	4513 	4339
f 4339 	4265 	4515
f 4516 	4514 	4339
f 4339 	4515 	4517
f 4518 	4516 	4339
f 4339 	4517 	4519
f 4520 	4518 	4339
f 4339 	4519 	4521
f 4522 	4520 	4339
f 4339 	4521 	4523
f 4524 	4522 	4339
f 4339 	4523 	4524
f 4525 	4526 	4527
f 4527 	4528 	4529
f 4529 	4530 	4531
f 4531 	4532 	4533
f 4533 	4534 	4535
f 4535 	4536 	4537
f 4537 	4538 	4539
f 4540 	4539 	4538
f 4538 	4541 	4542
f 4542 	4543 	4544
f 4544 	4545 	4546
f 4546 	4547 	4548
f 4548 	4549 	4550
f 4550 	4551 	4552
f 4552 	4553 	4554
f 4554 	4555 	4556
f 4556 	4557 	4558
f 4558 	4559 	4560
f 4560 	4561 	4562
f 4562 	4563 	4564
f 4564 	4565 	4566
f 4566 	4567 	4568
f 4568 	4569 	4570
f 4570 	4571 	4572
f 4572 	4573 	4574
f 4574 	4575 	4576
f 4576 	4577 	4578
f 4578 	4579 	4580
f 4580 	4581 	4582
f 4582 	4583 	4584
f 4584 	4585 	4586
f 4586 	4587 	4588
f 4589 	4590 	4591
f 4591 	4592 	4593
f 4594 	4595 	4596
f 4596 	4597 	4598
f 4598 	4599 	4600
f 4600 	4601 	4602
f 4602 	4603 	4604
f 4604 	4605 	4606
f 4606 	4607 	4608
f 4608 	4609 	4610
f 4610 	4611 	4612
f 4612 	4613 	4614
f 4614 	4615 	4616
f 4616 	4617 	4618
f 4618 	4619 	4620
f 4620 	4621 	4622
f 4622 	4623 	4624
f 4624 	4625 	4626
f 4626 	4627 	4628
f 4628 	4629 	4630
f 4630 	4631 	4632
f 4632 	4633 	4634
f 4634 	4635 	4636
f 4636 	4637 	4638
f 4638 	4639 	4640
f 4640 	4641 	4642
f 4642 	4643 	4644
f 4644 	4645 	4646
f 4646 	4647 	4648
f 4648 	4649 	4650
f 4650 	4651 	4652
f 4652 	4653 	4654
f 4654 	4655 	4656
f 4525 	4527 	4529
f 4529 	4531 	4533
f 4533 	4535 	4537
f 4537 	4539 	4657
f 4658 	4540 	4538
f 4538 	4542 	4544
f 4544 	4546 	4548
f 4548 	4550 	4552
f 4552 	4554 	4556
f 4556 	4558 	4560
f 4560 	4562 	4564
f 4564 	4566 	4568
f 4568 	4570 	4572
f 4572 	4574 	4576
f 4576 	4578 	4580
f 4580 	4582 	4584
f 4584 	4586 	4588
f 4591 	4593 	4659
f 4594 	4596 	4598
f 4598 	4600 	4602
f 4602 	4604 	4606
f 4606 	4608 	4610
f 4610 	4612 	4614
f 4614 	4616 	4618
f 4618 	4620 	4622
f 4622 	4624 	4626
f 4626 	4628 	4630
f 4630 	4632 	4634
f 4634 	4636 	4638
f 4638 	4640 	4642
f 4642 	4644 	4646
f 4646 	4648 	4650
f 4650 	4652 	4654
f 4654 	4656 	4660
f 4525 	4529 	4533
f 4533 	4537 	4657
f 4661 	4658 	4538
f 4538 	4544 	4548
f 4548 	4552 	4556
f 4556 	4560 	4564
f 4564 	4568 	4572
f 4572 	4576 	4580
f 4580 	4584 	4588
f 4591 	4659 	4662
f 4594 	4598 	4602
f 4602 	4606 	4610
f 4610 	4614 	4618
f 4618 	4622 	4626
f 4626 	4630 	4634
f 4634 	4638 	4642
f 4642 	4646 	4650
f 4650 	4654 	4660
f 4533 	4657 	4663
f 4664 	4661 	4538
f 4538 	4548 	4556
f 4556 	4564 	4572
f 4572 	4580 	4588
f 4589 	4591 	4662
f 4665 	4594 	4602
f 4602 	4610 	4618
f 4618 	4626 	4634
f 4634 	4642 	4650
f 4650 	4660 	4666
f 4533 	4663 	4667
f 4668 	4664 	4538
f 4538 	4556 	4572
f 4589 	4662 	4669
f 4670 	4665 	4602
f 4602 	4618 	4634
f 4634 	4650 	4666
f 4533 	4667 	4671
f 4672 	4668 	4538
f 4589 	4669 	4673
f 4634 	4666 	4674
f 4533 	4671 	4675
f 4676 	4672 	4538
f 4589 	4673 	4677
f 4634 	4674 	4678
f 4533 	4675 	4679
f 4680 	4676 	4538
f 4589 	4677 	4681
f 4634 	4678 	4682
f 4533 	4679 	4683
f 4684 	4680 	4538
f 4589 	4681 	4685
f 4634 	4682 	4686
f 4533 	4683 	4687
f 4684 	4538 	4572
f 4589 	4685 	4688
f 4634 	4686 	4689
f 4533 	4687 	4690
f 4691 	4684 	4572
f 4589 	4688 	4692
f 4634 	4689 	4693
f 4533 	4690 	4694
f 4695 	4691 	4572
f 4589 	4692 	4696
f 4634 	4693 	4697
f 4533 	4694 	4698
f 4699 	4695 	4572
f 4589 	4696 	4700
f 4634 	4697 	4701
f 4533 	4698 	4702
f 4703 	4699 	4572
f 4589 	4700 	4704
f 4634 	4701 	4705
f 4533 	4702 	4706
f 4707 	4703 	4572
f 4589 	4704 	4708
f 4634 	4705 	4709
f 4533 	4706 	4710
f 4711 	4707 	4572
f 4588 	4589 	4708
f 4634 	4709 	4712
f 4533 	4710 	4713
f 4714 	4711 	4572
f 4588 	4708 	4715
f 4634 	4712 	4716
f 4525 	4533 	4713
f 4717 	4714 	4572
f 4588 	4715 	4718
f 4634 	4716 	4719
f 4525 	4713 	4720
f 4721 	4717 	4572
f 4588 	4718 	4722
f 4634 	4719 	4723
f 4525 	4720 	4724
f 4725 	4721 	4572
f 4588 	4722 	4726
f 4634 	4723 	4727
f 4525 	4724 	4728
f 4729 	4725 	4572
f 4588 	4726 	4730
f 4634 	4727 	4731
f 4525 	4728 	4732
f 4733 	4729 	4572
f 4588 	4730 	4734
f 4634 	4731 	4735
f 4525 	4732 	4736
f 4737 	4733 	4572
f 4588 	4734 	4738
f 4634 	4735 	4739
f 4525 	4736 	4740
f 4741 	4737 	4572
f 4588 	4738 	4742
f 4634 	4739 	4743
f 4525 	4740 	4744
f 4745 	4741 	4572
f 4588 	4742 	4670
f 4634 	4743 	4746
f 4525 	4744 	4747
f 4748 	4745 	4572
f 4588 	4670 	4602
f 4634 	4746 	4749
f 4525 	4747 	4750
f 4748 	4572 	4588
f 4634 	4749 	4751
f 4525 	4750 	4752
f 4753 	4748 	4588
f 4602 	4634 	4751
f 4754 	4753 	4588
f 4602 	4751 	4755
f 4756 	4754 	4588
f 4602 	4755 	4757
f 4758 	4756 	4588
f 4602 	4757 	4759
f 4760 	4758 	4588
f 4602 	4759 	4761
f 4762 	4760 	4588
f 4602 	4761 	4763
f 4764 	4762 	4588
f 4602 	4763 	4765
f 4766 	4764 	4588
f 4602 	4765 	4767
f 4768 	4766 	4588
f 4602 	4767 	4769
f 4770 	4768 	4588
f 4602 	4769 	4771
f 4772 	4770 	4588
f 4602 	4771 	4773
f 4772 	4588 	4602
f 4602 	4773 	4774
f 4752 	4772 	4602
f 4602 	4774 	4775
f 4525 	4752 	4602
f 4602 	4775 	4776
f 4777 	4525 	4602
f 4602 	4776 	4778
f 4779 	4777 	4602
f 4602 	4778 	4780
f 4781 	4779 	4602
f 4602 	4780 	4782
f 4783 	4781 	4602
f 4602 	4782 	4784
f 4785 	4783 	4602
f 4602 	4784 	4786
f 4786 	4785 	4602
f 4489 	4493 	4751
f 4493 	4755 	4751
f 4493 	4495 	4755
f 4495 	4757 	4755
f 4495 	4497 	4757
f 4497 	4759 	4757
f 4497 	4499 	4759
f 4499 	4761 	4759
f 4499 	4501 	4761
f 4501 	4763 	4761
f 4501 	4503 	4763
f 4503 	4765 	4763
f 4503 	4505 	4765
f 4505 	4767 	4765
f 4505 	4507 	4767
f 4507 	4769 	4767
f 4507 	4509 	4769
f 4509 	4771 	4769
f 4509 	4511 	4771
f 4511 	4773 	4771
f 4511 	4512 	4773
f 4512 	4774 	4773
f 4512 	4513 	4774
f 4513 	4775 	4774
f 4513 	4514 	4775
f 4514 	4776 	4775
f 4514 	4516 	4776
f 4516 	4778 	4776
f 4516 	4518 	4778
f 4518 	4780 	4778
f 4518 	4520 	4780
f 4520 	4782 	4780
f 4520 	4522 	4782
f 4522 	4784 	4782
f 4522 	4524 	4784
f 4524 	4786 	4784
f 4524 	4523 	4786
f 4523 	4785 	4786
f 4523 	4521 	4785
f 4521 	4783 	4785
f 4521 	4519 	4783
f 4519 	4781 	4783
f 4519 	4517 	4781
f 4517 	4779 	4781
f 4517 	4515 	4779
f 4515 	4777 	4779
f 4515 	4265 	4777
f 4265 	4525 	4777
f 4265 	4264 	4525
f 4264 	4526 	4525
f 4264 	4263 	4526
f 4263 	4527 	4526
f 4263 	4267 	4527
f 4267 	4528 	4527
f 4267 	4266 	4528
f 4266 	4529 	4528
f 4266 	4269 	4529
f 4269 	4530 	4529
f 4269 	4268 	4530
f 4268 	4531 	4530
f 4268 	4271 	4531
f 4271 	4532 	4531
f 4271 	4270 	4532
f 4270 	4533 	4532
f 4270 	4273 	4533
f 4273 	4534 	4533
f 4273 	4272 	4534
f 4272 	4535 	4534
f 4272 	4275 	4535
f 4275 	4536 	4535
f 4275 	4274 	4536
f 4274 	4537 	4536
f 4274 	4277 	4537
f 4277 	4538 	4537
f 4277 	4280 	4538
f 4280 	4541 	4538
f 4280 	4279 	4541
f 4279 	4542 	4541
f 4279 	4282 	4542
f 4282 	4543 	4542
f 4282 	4281 	4543
f 4281 	4544 	4543
f 4281 	4284 	4544
f 4284 	4545 	4544
f 4284 	4283 	4545
f 4283 	4546 	4545
f 4283 	4286 	4546
f 4286 	4547 	4546
f 4286 	4285 	4547
f 4285 	4548 	4547
f 4285 	4288 	4548
f 4288 	4549 	4548
f 4288 	4287 	4549
f 4287 	4550 	4549
f 4287 	4290 	4550
f 4290 	4551 	4550
f 4290 	4289 	4551
f 4289 	4552 	4551
f 4289 	4292 	4552
f 4292 	4553 	4552
f 4292 	4291 	4553
f 4291 	4554 	4553
f 4291 	4294 	4554
f 4294 	4555 	4554
f 4294 	4293 	4555
f 4293 	4556 	4555
f 4293 	4296 	4556
f 4296 	4557 	4556
f 4296 	4295 	4557
f 4295 	4558 	4557
f 4295 	4298 	4558
f 4298 	4559 	4558
f 4298 	4297 	4559
f 4297 	4560 	4559
f 4297 	4300 	4560
f 4300 	4561 	4560
f 4300 	4299 	4561
f 4299 	4562 	4561
f 4299 	4302 	4562
f 4302 	4563 	4562
f 4302 	4301 	4563
f 4301 	4564 	4563
f 4301 	4304 	4564
f 4304 	4565 	4564
f 4304 	4303 	4565
f 4303 	4566 	4565
f 4303 	4306 	4566
f 4306 	4567 	4566
f 4306 	4305 	4567
f 4305 	4568 	4567
f 4305 	4308 	4568
f 4308 	4569 	4568
f 4308 	4307 	4569
f 4307 	4570 	4569
f 4307 	4310 	4570
f 4310 	4571 	4570
f 4310 	4309 	4571
f 4309 	4572 	4571
f 4309 	4312 	4572
f 4312 	4573 	4572
f 4312 	4311 	4573
f 4311 	4574 	4573
f 4311 	4314 	4574
f 4314 	4575 	4574
f 4314 	4313 	4575
f 4313 	4576 	4575
f 4313 	4316 	4576
f 4316 	4577 	4576
f 4316 	4315 	4577
f 4315 	4578 	4577
f 4315 	4318 	4578
f 4318 	4579 	4578
f 4318 	4317 	4579
f 4317 	4580 	4579
f 4317 	4320 	4580
f 4320 	4581 	4580
f 4320 	4319 	4581
f 4319 	4582 	4581
f 4319 	4322 	4582
f 4322 	4583 	4582
f 4322 	4321 	4583
f 4321 	4584 	4583
f 4321 	4324 	4584
f 4324 	4585 	4584
f 4324 	4323 	4585
f 4323 	4586 	4585
f 4323 	4326 	4586
f 4326 	4587 	4586
f 4326 	4325 	4587
f 4325 	4588 	4587
f 4325 	4329 	4588
f 4329 	4589 	4588
f 4329 	4328 	4589
f 4328 	4590 	4589
f 4328 	4327 	4590
f 4327 	4591 	4590
f 4327 	4331 	4591
f 4331 	4592 	4591
f 4331 	4330 	4592
f 4330 	4593 	4592
f 4330 	4397 	4593
f 4397 	4659 	4593
f 4397 	4400 	4659
f 4400 	4662 	4659
f 4400 	4407 	4662
f 4407 	4669 	4662
f 4407 	4411 	4669
f 4411 	4673 	4669
f 4411 	4415 	4673
f 4415 	4677 	4673
f 4415 	4419 	4677
f 4419 	4681 	4677
f 4419 	4423 	4681
f 4423 	4685 	4681
f 4423 	4426 	4685
f 4426 	4688 	4685
f 4426 	4430 	4688
f 4430 	4692 	4688
f 4430 	4434 	4692
f 4434 	4696 	4692
f 4434 	4438 	4696
f 4438 	4700 	4696
f 4438 	4442 	4700
f 4442 	4704 	4700
f 4442 	4446 	4704
f 4446 	4708 	4704
f 4446 	4453 	4708
f 4453 	4715 	4708
f 4453 	4456 	4715
f 4456 	4718 	4715
f 4456 	4460 	4718
f 4460 	4722 	4718
f 4460 	4464 	4722
f 4464 	4726 	4722
f 4464 	4468 	4726
f 4468 	4730 	4726
f 4468 	4472 	4730
f 4472 	4734 	4730
f 4472 	4476 	4734
f 4476 	4738 	4734
f 4476 	4480 	4738
f 4480 	4742 	4738
f 4480 	4408 	4742
f 4408 	4670 	4742
f 4408 	4403 	4670
f 4403 	4665 	4670
f 4403 	4334 	4665
f 4334 	4594 	4665
f 4334 	4333 	4594
f 4333 	4595 	4594
f 4333 	4332 	4595
f 4332 	4596 	4595
f 4332 	4336 	4596
f 4336 	4597 	4596
f 4336 	4335 	4597
f 4335 	4598 	4597
f 4335 	4338 	4598
f 4338 	4599 	4598
f 4338 	4337 	4599
f 4337 	4600 	4599
f 4337 	4340 	4600
f 4340 	4601 	4600
f 4340 	4339 	4601
f 4339 	4602 	4601
f 4339 	4342 	4602
f 4342 	4603 	4602
f 4342 	4341 	4603
f 4341 	4604 	4603
f 4341 	4344 	4604
f 4344 	4605 	4604
f 4344 	4343 	4605
f 4343 	4606 	4605
f 4343 	4346 	4606
f 4346 	4607 	4606
f 4346 	4345 	4607
f 4345 	4608 	4607
f 4345 	4348 	4608
f 4348 	4609 	4608
f 4348 	4347 	4609
f 4347 	4610 	4609
f 4347 	4350 	4610
f 4350 	4611 	4610
f 4350 	4349 	4611
f 4349 	4612 	4611
f 4349 	4352 	4612
f 4352 	4613 	4612
f 4352 	4351 	4613
f 4351 	4614 	4613
f 4351 	4354 	4614
f 4354 	4615 	4614
f 4354 	4353 	4615
f 4353 	4616 	4615
f 4353 	4356 	4616
f 4356 	4617 	4616
f 4356 	4355 	4617
f 4355 	4618 	4617
f 4355 	4358 	4618
f 4358 	4619 	4618
f 4358 	4357 	4619
f 4357 	4620 	4619
f 4357 	4360 	4620
f 4360 	4621 	4620
f 4360 	4359 	4621
f 4359 	4622 	4621
f 4359 	4362 	4622
f 4362 	4623 	4622
f 4362 	4361 	4623
f 4361 	4624 	4623
f 4361 	4364 	4624
f 4364 	4625 	4624
f 4364 	4363 	4625
f 4363 	4626 	4625
f 4363 	4366 	4626
f 4366 	4627 	4626
f 4366 	4365 	4627
f 4365 	4628 	4627
f 4365 	4368 	4628
f 4368 	4629 	4628
f 4368 	4367 	4629
f 4367 	4630 	4629
f 4367 	4370 	4630
f 4370 	4631 	4630
f 4370 	4369 	4631
f 4369 	4632 	4631
f 4369 	4372 	4632
f 4372 	4633 	4632
f 4372 	4371 	4633
f 4371 	4634 	4633
f 4371 	4374 	4634
f 4374 	4635 	4634
f 4374 	4373 	4635
f 4373 	4636 	4635
f 4373 	4376 	4636
f 4376 	4637 	4636
f 4376 	4375 	4637
f 4375 	4638 	4637
f 4375 	4378 	4638
f 4378 	4639 	4638
f 4378 	4377 	4639
f 4377 	4640 	4639
f 4377 	4380 	4640
f 4380 	4641 	4640
f 4380 	4379 	4641
f 4379 	4642 	4641
f 4379 	4382 	4642
f 4382 	4643 	4642
f 4382 	4381 	4643
f 4381 	4644 	4643
f 4381 	4384 	4644
f 4384 	4645 	4644
f 4384 	4383 	4645
f 4383 	4646 	4645
f 4383 	4386 	4646
f 4386 	4647 	4646
f 4386 	4385 	4647
f 4385 	4648 	4647
f 4385 	4388 	4648
f 4388 	4649 	4648
f 4388 	4387 	4649
f 4387 	4650 	4649
f 4387 	4390 	4650
f 4390 	4651 	4650
f 4390 	4389 	4651
f 4389 	4652 	4651
f 4389 	4392 	4652
f 4392 	4653 	4652
f 4392 	4391 	4653
f 4391 	4654 	4653
f 4391 	4394 	4654
f 4394 	4655 	4654
f 4394 	4393 	4655
f 4393 	4656 	4655
f 4393 	4398 	4656
f 4398 	4660 	4656
f 4398 	4404 	4660
f 4404 	4666 	4660
f 4404 	4412 	4666
f 4412 	4674 	4666
f 4412 	4416 	4674
f 4416 	4678 	4674
f 4416 	4420 	4678
f 4420 	4682 	4678
f 4420 	4424 	4682
f 4424 	4686 	4682
f 4424 	4427 	4686
f 4427 	4689 	4686
f 4427 	4431 	4689
f 4431 	4693 	4689
f 4431 	4435 	4693
f 4435 	4697 	4693
f 4435 	4439 	4697
f 4439 	4701 	4697
f 4439 	4443 	4701
f 4443 	4705 	4701
f 4443 	4447 	4705
f 4447 	4709 	4705
f 4447 	4450 	4709
f 4450 	4712 	4709
f 4450 	4454 	4712
f 4454 	4716 	4712
f 4454 	4457 	4716
f 4457 	4719 	4716
f 4457 	4461 	4719
f 4461 	4723 	4719
f 4461 	4465 	4723
f 4465 	4727 	4723
f 4465 	4469 	4727
f 4469 	4731 	4727
f 4469 	4473 	4731
f 4473 	4735 	4731
f 4473 	4477 	4735
f 4477 	4739 	4735
f 4477 	4481 	4739
f 4481 	4743 	4739
f 4481 	4484 	4743
f 4484 	4746 	4743
f 4484 	4487 	4746
f 4487 	4749 	4746
f 4487 	4489 	4749
f 4489 	4751 	4749
f 4395 	4401 	4657
f 4401 	4663 	4657
f 4401 	4405 	4663
f 4405 	4667 	4663
f 4405 	4409 	4667
f 4409 	4671 	4667
f 4409 	4413 	4671
f 4413 	4675 	4671
f 4413 	4417 	4675
f 4417 	4679 	4675
f 4417 	4421 	4679
f 4421 	4683 	4679
f 4421 	4425 	4683
f 4425 	4687 	4683
f 4425 	4428 	4687
f 4428 	4690 	4687
f 4428 	4432 	4690
f 4432 	4694 	4690
f 4432 	4436 	4694
f 4436 	4698 	4694
f 4436 	4440 	4698
f 4440 	4702 	4698
f 4440 	4444 	4702
f 4444 	4706 	4702
f 4444 	4448 	4706
f 4448 	4710 	4706
f 4448 	4451 	4710
f 4451 	4713 	4710
f 4451 	4458 	4713
f 4458 	4720 	4713
f 4458 	4462 	4720
f 4462 	4724 	4720
f 4462 	4466 	4724
f 4466 	4728 	4724
f 4466 	4470 	4728
f 4470 	4732 	4728
f 4470 	4474 	4732
f 4474 	4736 	4732
f 4474 	4478 	4736
f 4478 	4740 	4736
f 4478 	4482 	4740
f 4482 	4744 	4740
f 4482 	4485 	4744
f 4485 	4747 	4744
f 4485 	4488 	4747
f 4488 	4750 	4747
f 4488 	4490 	4750
f 4490 	4752 	4750
f 4490 	4510 	4752
f 4510 	4772 	4752
f 4510 	4508 	4772
f 4508 	4770 	4772
f 4508 	4506 	4770
f 4506 	4768 	4770
f 4506 	4504 	4768
f 4504 	4766 	4768
f 4504 	4502 	4766
f 4502 	4764 	4766
f 4502 	4500 	4764
f 4500 	4762 	4764
f 4500 	4498 	4762
f 4498 	4760 	4762
f 4498 	4496 	4760
f 4496 	4758 	4760
f 4496 	4494 	4758
f 4494 	4756 	4758
f 4494 	4492 	4756
f 4492 	4754 	4756
f 4492 	4491 	4754
f 4491 	4753 	4754
f 4491 	4486 	4753
f 4486 	4748 	4753
f 4486 	4483 	4748
f 4483 	4745 	4748
f 4483 	4479 	4745
f 4479 	4741 	4745
f 4479 	4475 	4741
f 4475 	4737 	4741
f 4475 	4471 	4737
f 4471 	4733 	4737
f 4471 	4467 	4733
f 4467 	4729 	4733
f 4467 	4463 	4729
f 4463 	4725 	4729
f 4463 	4459 	4725
f 4459 	4721 	4725
f 4459 	4455 	4721
f 4455 	4717 	4721
f 4455 	4452 	4717
f 4452 	4714 	4717
f 4452 	4449 	4714
f 4449 	4711 	4714
f 4449 	4445 	4711
f 4445 	4707 	4711
f 4445 	4441 	4707
f 4441 	4703 	4707
f 4441 	4437 	4703
f 4437 	4699 	4703
f 4437 	4433 	4699
f 4433 	4695 	4699
f 4433 	4429 	4695
f 4429 	4691 	4695
f 4429 	4422 	4691
f 4422 	4684 	4691
f 4422 	4418 	4684
f 4418 	4680 	4684
f 4418 	4414 	4680
f 4414 	4676 	4680
f 4414 	4410 	4676
f 4410 	4672 	4676
f 4410 	4406 	4672
f 4406 	4668 	4672
f 4406 	4402 	4668
f 4402 	4664 	4668
f 4402 	4399 	4664
f 4399 	4661 	4664
f 4399 	4396 	4661
f 4396 	4658 	4661
f 4396 	4278 	4658
f 4278 	4540 	4658
f 4278 	4276 	4540
f 4276 	4539 	4540
f 4276 	4395 	4539
f 4395 	4657 	4539
f 4787 	4788 	4789
f 4790 	4791 	4792
f 4793 	4794 	4790
f 4795 	4796 	4793
f 4797 	4798 	4795
f 4799 	4800 	4797
f 4801 	4802 	4799
f 4803 	4804 	4801
f 4805 	4806 	4803
f 4807 	4808 	4805
f 4809 	4810 	4807
f 4811 	4812 	4809
f 4813 	4814 	4811
f 4815 	4816 	4813
f 4817 	4818 	4815
f 4819 	4820 	4817
f 4821 	4822 	4819
f 4823 	4824 	4821
f 4825 	4826 	4823
f 4827 	4828 	4825
f 4829 	4830 	4827
f 4831 	4832 	4829
f 4833 	4834 	4831
f 4835 	4836 	4833
f 4837 	4838 	4835
f 4839 	4840 	4841
f 4842 	4843 	4839
f 4844 	4845 	4846
f 4847 	4848 	4849
f 4850 	4851 	4847
f 4852 	4787 	4789
f 4793 	4790 	4792
f 4797 	4795 	4793
f 4801 	4799 	4797
f 4805 	4803 	4801
f 4809 	4807 	4805
f 4813 	4811 	4809
f 4817 	4815 	4813
f 4821 	4819 	4817
f 4825 	4823 	4821
f 4829 	4827 	4825
f 4833 	4831 	4829
f 4837 	4835 	4833
f 4853 	4842 	4839
f 4847 	4849 	4854
f 4855 	4850 	4847
f 4856 	4852 	4789
f 4797 	4793 	4792
f 4805 	4801 	4797
f 4813 	4809 	4805
f 4821 	4817 	4813
f 4829 	4825 	4821
f 4837 	4833 	4829
f 4857 	4853 	4839
f 4847 	4854 	4858
f 4859 	4855 	4847
f 4860 	4856 	4789
f 4797 	4792 	4861
f 4813 	4805 	4797
f 4829 	4821 	4813
f 4862 	4837 	4829
f 4857 	4839 	4841
f 4847 	4858 	4863
f 4864 	4859 	4847
f 4865 	4860 	4789
f 4797 	4861 	4866
f 4829 	4813 	4797
f 4867 	4857 	4841
f 4847 	4863 	4868
f 4869 	4864 	4847
f 4870 	4865 	4789
f 4846 	4867 	4841
f 4847 	4868 	4871
f 4872 	4869 	4847
f 4873 	4870 	4789
f 4844 	4846 	4841
f 4847 	4871 	4874
f 4875 	4872 	4847
f 4876 	4873 	4789
f 4877 	4844 	4841
f 4847 	4874 	4878
f 4879 	4875 	4847
f 4880 	4876 	4789
f 4881 	4877 	4841
f 4847 	4878 	4882
f 4883 	4879 	4847
f 4884 	4880 	4789
f 4885 	4881 	4841
f 4847 	4882 	4886
f 4887 	4883 	4847
f 4888 	4884 	4789
f 4889 	4885 	4841
f 4847 	4886 	4890
f 4891 	4887 	4847
f 4892 	4888 	4789
f 4893 	4889 	4841
f 4847 	4890 	4894
f 4895 	4891 	4847
f 4896 	4892 	4789
f 4897 	4893 	4841
f 4847 	4894 	4898
f 4899 	4895 	4847
f 4900 	4896 	4789
f 4901 	4897 	4841
f 4847 	4898 	4902
f 4903 	4899 	4847
f 4904 	4900 	4789
f 4905 	4901 	4841
f 4847 	4902 	4906
f 4907 	4903 	4847
f 4908 	4904 	4789
f 4905 	4841 	4862
f 4907 	4847 	4906
f 4908 	4789 	4909
f 4910 	4905 	4862
f 4907 	4906 	4911
f 4908 	4909 	4912
f 4913 	4910 	4862
f 4907 	4911 	4914
f 4908 	4912 	4915
f 4916 	4913 	4862
f 4907 	4914 	4917
f 4908 	4915 	4918
f 4919 	4916 	4862
f 4907 	4917 	4920
f 4908 	4918 	4921
f 4922 	4919 	4862
f 4907 	4920 	4923
f 4924 	4908 	4921
f 4925 	4922 	4862
f 4907 	4923 	4926
f 4924 	4921 	4927
f 4928 	4925 	4862
f 4907 	4926 	4929
f 4924 	4927 	4930
f 4931 	4928 	4862
f 4907 	4929 	4932
f 4924 	4930 	4933
f 4934 	4931 	4862
f 4907 	4932 	4935
f 4924 	4933 	4936
f 4937 	4934 	4862
f 4907 	4935 	4937
f 4924 	4936 	4938
f 4937 	4862 	4829
f 4939 	4907 	4937
f 4924 	4938 	4940
f 4941 	4939 	4937
f 4924 	4940 	4942
f 4943 	4941 	4937
f 4944 	4924 	4942
f 4945 	4943 	4937
f 4946 	4944 	4942
f 4947 	4945 	4937
f 4948 	4946 	4942
f 4949 	4947 	4937
f 4950 	4948 	4942
f 4951 	4949 	4937
f 4950 	4942 	4952
f 4953 	4951 	4937
f 4954 	4950 	4952
f 4955 	4953 	4937
f 4866 	4954 	4952
f 4956 	4955 	4937
f 4797 	4866 	4952
f 4957 	4956 	4937
f 4797 	4952 	4958
f 4959 	4957 	4937
f 4797 	4958 	4960
f 4961 	4959 	4937
f 4797 	4960 	4962
f 4963 	4961 	4937
f 4797 	4962 	4964
f 4965 	4963 	4937
f 4797 	4964 	4966
f 4967 	4965 	4937
f 4797 	4966 	4968
f 4969 	4967 	4937
f 4797 	4968 	4970
f 4971 	4969 	4937
f 4797 	4970 	4972
f 4973 	4971 	4937
f 4797 	4972 	4974
f 4975 	4973 	4937
f 4797 	4974 	4976
f 4975 	4937 	4829
f 4797 	4976 	4977
f 4978 	4975 	4829
f 4829 	4797 	4977
f 4979 	4978 	4829
f 4829 	4977 	4980
f 4981 	4979 	4829
f 4829 	4980 	4982
f 4983 	4981 	4829
f 4829 	4982 	4984
f 4985 	4983 	4829
f 4829 	4984 	4986
f 4987 	4985 	4829
f 4829 	4986 	4988
f 4989 	4987 	4829
f 4829 	4988 	4990
f 4991 	4989 	4829
f 4829 	4990 	4992
f 4992 	4991 	4829
f 4993 	4994 	4995
f 4996 	4997 	4998
f 4998 	4999 	5000
f 5000 	5001 	5002
f 5002 	5003 	5004
f 5004 	5005 	5006
f 5006 	5007 	5008
f 5008 	5009 	5010
f 5010 	5011 	5012
f 5012 	5013 	5014
f 5014 	5015 	5016
f 5016 	5017 	5018
f 5018 	5019 	5020
f 5020 	5021 	5022
f 5022 	5023 	5024
f 5024 	5025 	5026
f 5026 	5027 	5028
f 5028 	5029 	5030
f 5030 	5031 	5032
f 5032 	5033 	5034
f 5034 	5035 	5036
f 5036 	5037 	5038
f 5038 	5039 	5040
f 5040 	5041 	5042
f 5042 	5043 	5044
f 5045 	5046 	5047
f 5047 	5048 	5049
f 5050 	5051 	5052
f 5053 	5054 	5055
f 5055 	5056 	5057
f 4993 	4995 	5058
f 4996 	4998 	5000
f 5000 	5002 	5004
f 5004 	5006 	5008
f 5008 	5010 	5012
f 5012 	5014 	5016
f 5016 	5018 	5020
f 5020 	5022 	5024
f 5024 	5026 	5028
f 5028 	5030 	5032
f 5032 	5034 	5036
f 5036 	5038 	5040
f 5040 	5042 	5044
f 5047 	5049 	5059
f 5060 	5053 	5055
f 5055 	5057 	5061
f 4993 	5058 	5062
f 4996 	5000 	5004
f 5004 	5008 	5012
f 5012 	5016 	5020
f 5020 	5024 	5028
f 5028 	5032 	5036
f 5036 	5040 	5044
f 5047 	5059 	5063
f 5064 	5060 	5055
f 5055 	5061 	5065
f 4993 	5062 	5066
f 5067 	4996 	5004
f 5004 	5012 	5020
f 5020 	5028 	5036
f 5036 	5044 	5068
f 5045 	5047 	5063
f 5069 	5064 	5055
f 5055 	5065 	5070
f 4993 	5066 	5071
f 5072 	5067 	5004
f 5004 	5020 	5036
f 5045 	5063 	5073
f 5074 	5069 	5055
f 5055 	5070 	5075
f 4993 	5071 	5076
f 5045 	5073 	5050
f 5077 	5074 	5055
f 5055 	5075 	5078
f 4993 	5076 	5079
f 5045 	5050 	5052
f 5080 	5077 	5055
f 5055 	5078 	5081
f 4993 	5079 	5082
f 5045 	5052 	5083
f 5084 	5080 	5055
f 5055 	5081 	5085
f 4993 	5082 	5086
f 5045 	5083 	5087
f 5088 	5084 	5055
f 5055 	5085 	5089
f 4993 	5086 	5090
f 5045 	5087 	5091
f 5092 	5088 	5055
f 5055 	5089 	5093
f 4993 	5090 	5094
f 5045 	5091 	5095
f 5096 	5092 	5055
f 5055 	5093 	5097
f 4993 	5094 	5098
f 5045 	5095 	5099
f 5100 	5096 	5055
f 5055 	5097 	5101
f 4993 	5098 	5102
f 5045 	5099 	5103
f 5104 	5100 	5055
f 5055 	5101 	5105
f 4993 	5102 	5106
f 5045 	5103 	5107
f 5108 	5104 	5055
f 5055 	5105 	5109
f 4993 	5106 	5110
f 5045 	5107 	5111
f 5112 	5108 	5055
f 5055 	5109 	5113
f 4993 	5110 	5114
f 5068 	5045 	5111
f 5112 	5055 	5113
f 5115 	4993 	5114
f 5068 	5111 	5116
f 5117 	5112 	5113
f 5118 	5115 	5114
f 5068 	5116 	5119
f 5120 	5117 	5113
f 5121 	5118 	5114
f 5068 	5119 	5122
f 5123 	5120 	5113
f 5124 	5121 	5114
f 5068 	5122 	5125
f 5126 	5123 	5113
f 5127 	5124 	5114
f 5068 	5125 	5128
f 5129 	5126 	5113
f 5127 	5114 	5130
f 5068 	5128 	5131
f 5132 	5129 	5113
f 5133 	5127 	5130
f 5068 	5131 	5134
f 5135 	5132 	5113
f 5136 	5133 	5130
f 5068 	5134 	5137
f 5138 	5135 	5113
f 5139 	5136 	5130
f 5068 	5137 	5140
f 5141 	5138 	5113
f 5142 	5139 	5130
f 5068 	5140 	5143
f 5143 	5141 	5113
f 5144 	5142 	5130
f 5036 	5068 	5143
f 5143 	5113 	5145
f 5146 	5144 	5130
f 5143 	5145 	5147
f 5148 	5146 	5130
f 5143 	5147 	5149
f 5148 	5130 	5150
f 5143 	5149 	5151
f 5148 	5150 	5152
f 5143 	5151 	5153
f 5148 	5152 	5154
f 5143 	5153 	5155
f 5148 	5154 	5156
f 5143 	5155 	5157
f 5158 	5148 	5156
f 5143 	5157 	5159
f 5158 	5156 	5160
f 5143 	5159 	5161
f 5158 	5160 	5072
f 5143 	5161 	5162
f 5158 	5072 	5004
f 5143 	5162 	5163
f 5164 	5158 	5004
f 5143 	5163 	5165
f 5166 	5164 	5004
f 5143 	5165 	5167
f 5168 	5166 	5004
f 5143 	5167 	5169
f 5170 	5168 	5004
f 5143 	5169 	5171
f 5172 	5170 	5004
f 5143 	5171 	5173
f 5174 	5172 	5004
f 5143 	5173 	5175
f 5176 	5174 	5004
f 5143 	5175 	5177
f 5178 	5176 	5004
f 5143 	5177 	5179
f 5180 	5178 	5004
f 5143 	5179 	5181
f 5182 	5180 	5004
f 5036 	5143 	5181
f 5183 	5182 	5004
f 5036 	5181 	5184
f 5183 	5004 	5036
f 5036 	5184 	5185
f 5186 	5183 	5036
f 5036 	5185 	5187
f 5188 	5186 	5036
f 5036 	5187 	5189
f 5190 	5188 	5036
f 5036 	5189 	5191
f 5192 	5190 	5036
f 5036 	5191 	5193
f 5194 	5192 	5036
f 5036 	5193 	5195
f 5196 	5194 	5036
f 5036 	5195 	5197
f 5198 	5196 	5036
f 5036 	5197 	5198
f 4788 	4787 	4994
f 4787 	4995 	4994
f 4787 	4852 	4995
f 4852 	5058 	4995
f 4852 	4856 	5058
f 4856 	5062 	5058
f 4856 	4860 	5062
f 4860 	5066 	5062
f 4860 	4865 	5066
f 4865 	5071 	5066
f 4865 	4870 	5071
f 4870 	5076 	5071
f 4870 	4873 	5076
f 4873 	5079 	5076
f 4873 	4876 	5079
f 4876 	5082 	5079
f 4876 	4880 	5082
f 4880 	5086 	5082
f 4880 	4884 	5086
f 4884 	5090 	5086
f 4884 	4888 	5090
f 4888 	5094 	5090
f 4888 	4892 	5094
f 4892 	5098 	5094
f 4892 	4896 	5098
f 4896 	5102 	5098
f 4896 	4900 	5102
f 4900 	5106 	5102
f 4900 	4904 	5106
f 4904 	5110 	5106
f 4904 	4908 	5110
f 4908 	5114 	5110
f 4908 	4924 	5114
f 4924 	5130 	5114
f 4924 	4944 	5130
f 4944 	5150 	5130
f 4944 	4946 	5150
f 4946 	5152 	5150
f 4946 	4948 	5152
f 4948 	5154 	5152
f 4948 	4950 	5154
f 4950 	5156 	5154
f 4950 	4954 	5156
f 4954 	5160 	5156
f 4954 	4866 	5160
f 4866 	5072 	5160
f 4866 	4861 	5072
f 4861 	5067 	5072
f 4861 	4792 	5067
f 4792 	4996 	5067
f 4792 	4791 	4996
f 4791 	4997 	4996
f 4791 	4790 	4997
f 4790 	4998 	4997
f 4790 	4794 	4998
f 4794 	4999 	4998
f 4794 	4793 	4999
f 4793 	5000 	4999
f 4793 	4796 	5000
f 4796 	5001 	5000
f 4796 	4795 	5001
f 4795 	5002 	5001
f 4795 	4798 	5002
f 4798 	5003 	5002
f 4798 	4797 	5003
f 4797 	5004 	5003
f 4797 	4800 	5004
f 4800 	5005 	5004
f 4800 	4799 	5005
f 4799 	5006 	5005
f 4799 	4802 	5006
f 4802 	5007 	5006
f 4802 	4801 	5007
f 4801 	5008 	5007
f 4801 	4804 	5008
f 4804 	5009 	5008
f 4804 	4803 	5009
f 4803 	5010 	5009
f 4803 	4806 	5010
f 4806 	5011 	5010
f 4806 	4805 	5011
f 4805 	5012 	5011
f 4805 	4808 	5012
f 4808 	5013 	5012
f 4808 	4807 	5013
f 4807 	5014 	5013
f 4807 	4810 	5014
f 4810 	5015 	5014
f 4810 	4809 	5015
f 4809 	5016 	5015
f 4809 	4812 	5016
f 4812 	5017 	5016
f 4812 	4811 	5017
f 4811 	5018 	5017
f 4811 	4814 	5018
f 4814 	5019 	5018
f 4814 	4813 	5019
f 4813 	5020 	5019
f 4813 	4816 	5020
f 4816 	5021 	5020
f 4816 	4815 	5021
f 4815 	5022 	5021
f 4815 	4818 	5022
f 4818 	5023 	5022
f 4818 	4817 	5023
f 4817 	5024 	5023
f 4817 	4820 	5024
f 4820 	5025 	5024
f 4820 	4819 	5025
f 4819 	5026 	5025
f 4819 	4822 	5026
f 4822 	5027 	5026
f 4822 	4821 	5027
f 4821 	5028 	5027
f 4821 	4824 	5028
f 4824 	5029 	5028
f 4824 	4823 	5029
f 4823 	5030 	5029
f 4823 	4826 	5030
f 4826 	5031 	5030
f 4826 	4825 	5031
f 4825 	5032 	5031
f 4825 	4828 	5032
f 4828 	5033 	5032
f 4828 	4827 	5033
f 4827 	5034 	5033
f 4827 	4830 	5034
f 4830 	5035 	5034
f 4830 	4829 	5035
f 4829 	5036 	5035
f 4829 	4832 	5036
f 4832 	5037 	5036
f 4832 	4831 	5037
f 4831 	5038 	5037
f 4831 	4834 	5038
f 4834 	5039 	5038
f 4834 	4833 	5039
f 4833 	5040 	5039
f 4833 	4836 	5040
f 4836 	5041 	5040
f 4836 	4835 	5041
f 4835 	5042 	5041
f 4835 	4838 	5042
f 4838 	5043 	5042
f 4838 	4837 	5043
f 4837 	5044 	5043
f 4837 	4862 	5044
f 4862 	5068 	5044
f 4862 	4841 	5068
f 4841 	5045 	5068
f 4841 	4840 	5045
f 4840 	5046 	5045
f 4840 	4839 	5046
f 4839 	5047 	5046
f 4839 	4843 	5047
f 4843 	5048 	5047
f 4843 	4842 	5048
f 4842 	5049 	5048
f 4842 	4853 	5049
f 4853 	5059 	5049
f 4853 	4857 	5059
f 4857 	5063 	5059
f 4857 	4867 	5063
f 4867 	5073 	5063
f 4867 	4846 	5073
f 4846 	5050 	5073
f 4846 	4845 	5050
f 4845 	5051 	5050
f 4845 	4844 	5051
f 4844 	5052 	5051
f 4844 	4877 	5052
f 4877 	5083 	5052
f 4877 	4881 	5083
f 4881 	5087 	5083
f 4881 	4885 	5087
f 4885 	5091 	5087
f 4885 	4889 	5091
f 4889 	5095 	5091
f 4889 	4893 	5095
f 4893 	5099 	5095
f 4893 	4897 	5099
f 4897 	5103 	5099
f 4897 	4901 	5103
f 4901 	5107 	5103
f 4901 	4905 	5107
f 4905 	5111 	5107
f 4905 	4910 	5111
f 4910 	5116 	5111
f 4910 	4913 	5116
f 4913 	5119 	5116
f 4913 	4916 	5119
f 4916 	5122 	5119
f 4916 	4919 	5122
f 4919 	5125 	5122
f 4919 	4922 	5125
f 4922 	5128 	5125
f 4922 	4925 	5128
f 4925 	5131 	5128
f 4925 	4928 	5131
f 4928 	5134 	5131
f 4928 	4931 	5134
f 4931 	5137 	5134
f 4931 	4934 	5137
f 4934 	5140 	5137
f 4934 	4937 	5140
f 4937 	5143 	5140
f 4937 	4935 	5143
f 4935 	5141 	5143
f 4935 	4932 	5141
f 4932 	5138 	5141
f 4932 	4929 	5138
f 4929 	5135 	5138
f 4929 	4926 	5135
f 4926 	5132 	5135
f 4926 	4923 	5132
f 4923 	5129 	5132
f 4923 	4920 	5129
f 4920 	5126 	5129
f 4920 	4917 	5126
f 4917 	5123 	5126
f 4917 	4914 	5123
f 4914 	5120 	5123
f 4914 	4911 	5120
f 4911 	5117 	5120
f 4911 	4906 	5117
f 4906 	5112 	5117
f 4906 	4902 	5112
f 4902 	5108 	5112
f 4902 	4898 	5108
f 4898 	5104 	5108
f 4898 	4894 	5104
f 4894 	5100 	5104
f 4894 	4890 	5100
f 4890 	5096 	5100
f 4890 	4886 	5096
f 4886 	5092 	5096
f 4886 	4882 	5092
f 4882 	5088 	5092
f 4882 	4878 	5088
f 4878 	5084 	5088
f 4878 	4874 	5084
f 4874 	5080 	5084
f 4874 	4871 	5080
f 4871 	5077 	5080
f 4871 	4868 	5077
f 4868 	5074 	5077
f 4868 	4863 	5074
f 4863 	5069 	5074
f 4863 	4858 	5069
f 4858 	5064 	5069
f 4858 	4854 	5064
f 4854 	5060 	5064
f 4854 	4849 	5060
f 4849 	5053 	5060
f 4849 	4848 	5053
f 4848 	5054 	5053
f 4848 	4847 	5054
f 4847 	5055 	5054
f 4847 	4851 	5055
f 4851 	5056 	5055
f 4851 	4850 	5056
f 4850 	5057 	5056
f 4850 	4855 	5057
f 4855 	5061 	5057
f 4855 	4859 	5061
f 4859 	5065 	5061
f 4859 	4864 	5065
f 4864 	5070 	5065
f 4864 	4869 	5070
f 4869 	5075 	5070
f 4869 	4872 	5075
f 4872 	5078 	5075
f 4872 	4875 	5078
f 4875 	5081 	5078
f 4875 	4879 	5081
f 4879 	5085 	5081
f 4879 	4883 	5085
f 4883 	5089 	5085
f 4883 	4887 	5089
f 4887 	5093 	5089
f 4887 	4891 	5093
f 4891 	5097 	5093
f 4891 	4895 	5097
f 4895 	5101 	5097
f 4895 	4899 	5101
f 4899 	5105 	5101
f 4899 	4903 	5105
f 4903 	5109 	5105
f 4903 	4907 	5109
f 4907 	5113 	5109
f 4907 	4939 	5113
f 4939 	5145 	5113
f 4939 	4941 	5145
f 4941 	5147 	5145
f 4941 	4943 	5147
f 4943 	5149 	5147
f 4943 	4945 	5149
f 4945 	5151 	5149
f 4945 	4947 	5151
f 4947 	5153 	5151
f 4947 	4949 	5153
f 4949 	5155 	5153
f 4949 	4951 	5155
f 4951 	5157 	5155
f 4951 	4953 	5157
f 4953 	5159 	5157
f 4953 	4955 	5159
f 4955 	5161 	5159
f 4955 	4956 	5161
f 4956 	5162 	5161
f 4956 	4957 	5162
f 4957 	5163 	5162
f 4957 	4959 	5163
f 4959 	5165 	5163
f 4959 	4961 	5165
f 4961 	5167 	5165
f 4961 	4963 	5167
f 4963 	5169 	5167
f 4963 	4965 	5169
f 4965 	5171 	5169
f 4965 	4967 	5171
f 4967 	5173 	5171
f 4967 	4969 	5173
f 4969 	5175 	5173
f 4969 	4971 	5175
f 4971 	5177 	5175
f 4971 	4973 	5177
f 4973 	5179 	5177
f 4973 	4975 	5179
f 4975 	5181 	5179
f 4975 	4978 	5181
f 4978 	5184 	5181
f 4978 	4979 	5184
f 4979 	5185 	5184
f 4979 	4981 	5185
f 4981 	5187 	5185
f 4981 	4983 	5187
f 4983 	5189 	5187
f 4983 	4985 	5189
f 4985 	5191 	5189
f 4985 	4987 	5191
f 4987 	5193 	5191
f 4987 	4989 	5193
f 4989 	5195 	5193
f 4989 	4991 	5195
f 4991 	5197 	5195
f 4991 	4992 	5197
f 4992 	5198 	5197
f 4992 	4990 	5198
f 4990 	5196 	5198
f 4990 	4988 	5196
f 4988 	5194 	5196
f 4988 	4986 	5194
f 4986 	5192 	5194
f 4986 	4984 	5192
f 4984 	5190 	5192
f 4984 	4982 	5190
f 4982 	5188 	5190
f 4982 	4980 	5188
f 4980 	5186 	5188
f 4980 	4977 	5186
f 4977 	5183 	5186
f 4977 	4976 	5183
f 4976 	5182 	5183
f 4976 	4974 	5182
f 4974 	5180 	5182
f 4974 	4972 	5180
f 4972 	5178 	5180
f 4972 	4970 	5178
f 4970 	5176 	5178
f 4970 	4968 	5176
f 4968 	5174 	5176
f 4968 	4966 	5174
f 4966 	5172 	5174
f 4966 	4964 	5172
f 4964 	5170 	5172
f 4964 	4962 	5170
f 4962 	5168 	5170
f 4962 	4960 	5168
f 4960 	5166 	5168
f 4960 	4958 	5166
f 4958 	5164 	5166
f 4958 	4952 	5164
f 4952 	5158 	5164
f 4952 	4942 	5158
f 4942 	5148 	5158
f 4942 	4940 	5148
f 4940 	5146 	5148
f 4940 	4938 	5146
f 4938 	5144 	5146
f 4938 	4936 	5144
f 4936 	5142 	5144
f 4936 	4933 	5142
f 4933 	5139 	5142
f 4933 	4930 	5139
f 4930 	5136 	5139
f 4930 	4927 	5136
f 4927 	5133 	5136
f 4927 	4921 	5133
f 4921 	5127 	5133
f 4921 	4918 	5127
f 4918 	5124 	5127
f 4918 	4915 	5124
f 4915 	5121 	5124
f 4915 	4912 	5121
f 4912 	5118 	5121
f 4912 	4909 	5118
f 4909 	5115 	5118
f 4909 	4789 	5115
f 4789 	4993 	5115
f 4789 	4788 	4993
f 4788 	4994 	4993
f 5199 	5200 	5201
f 5202 	5203 	5199
f 5204 	5205 	5202
f 5206 	5207 	5204
f 5208 	5209 	5206
f 5210 	5211 	5208
f 5212 	5213 	5210
f 5214 	5215 	5212
f 5216 	5217 	5214
f 5218 	5219 	5216
f 5220 	5221 	5218
f 5222 	5223 	5220
f 5224 	5225 	5222
f 5226 	5227 	5224
f 5228 	5229 	5226
f 5230 	5231 	5228
f 5232 	5233 	5230
f 5234 	5235 	5232
f 5236 	5237 	5234
f 5234 	5237 	5238
f 5239 	5240 	5234
f 5241 	5242 	5239
f 5243 	5244 	5241
f 5245 	5246 	5243
f 5247 	5248 	5245
f 5249 	5250 	5247
f 5251 	5252 	5249
f 5253 	5254 	5251
f 5255 	5256 	5253
f 5257 	5258 	5255
f 5259 	5260 	5257
f 5261 	5262 	5259
f 5263 	5264 	5261
f 5265 	5266 	5263
f 5267 	5268 	5265
f 5269 	5270 	5267
f 5271 	5272 	5269
f 5201 	5273 	5271
f 5202 	5199 	5201
f 5206 	5204 	5202
f 5210 	5208 	5206
f 5214 	5212 	5210
f 5218 	5216 	5214
f 5222 	5220 	5218
f 5226 	5224 	5222
f 5230 	5228 	5226
f 5234 	5232 	5230
f 5274 	5236 	5234
f 5234 	5238 	5275
f 5241 	5239 	5234
f 5245 	5243 	5241
f 5249 	5247 	5245
f 5253 	5251 	5249
f 5257 	5255 	5253
f 5261 	5259 	5257
f 5265 	5263 	5261
f 5269 	5267 	5265
f 5201 	5271 	5269
f 5206 	5202 	5201
f 5214 	5210 	5206
f 5222 	5218 	5214
f 5230 	5226 	5222
f 5274 	5234 	5230
f 5234 	5275 	5276
f 5245 	5241 	5234
f 5253 	5249 	5245
f 5261 	5257 	5253
f 5269 	5265 	5261
f 5206 	5201 	5269
f 5222 	5214 	5206
f 5277 	5274 	5230
f 5234 	5276 	5278
f 5253 	5245 	5234
f 5279 	5277 	5230
f 5234 	5278 	5280
f 5261 	5253 	5234
f 5281 	5279 	5230
f 5234 	5280 	5282
f 5283 	5281 	5230
f 5234 	5282 	5284
f 5285 	5283 	5230
f 5234 	5284 	5286
f 5287 	5285 	5230
f 5234 	5286 	5288
f 5289 	5287 	5230
f 5234 	5288 	5290
f 5291 	5289 	5230
f 5234 	5290 	5292
f 5293 	5291 	5230
f 5234 	5292 	5294
f 5295 	5293 	5230
f 5234 	5294 	5296
f 5297 	5295 	5230
f 5234 	5296 	5298
f 5299 	5297 	5230
f 5234 	5298 	5300
f 5299 	5230 	5222
f 5234 	5300 	5301
f 5302 	5299 	5222
f 5261 	5234 	5301
f 5303 	5302 	5222
f 5261 	5301 	5304
f 5305 	5303 	5222
f 5261 	5304 	5306
f 5307 	5305 	5222
f 5261 	5306 	5308
f 5309 	5307 	5222
f 5261 	5308 	5310
f 5311 	5309 	5222
f 5261 	5310 	5312
f 5313 	5311 	5222
f 5261 	5312 	5314
f 5315 	5313 	5222
f 5261 	5314 	5316
f 5317 	5315 	5222
f 5261 	5316 	5318
f 5319 	5317 	5222
f 5261 	5318 	5320
f 5321 	5319 	5222
f 5261 	5320 	5322
f 5323 	5321 	5222
f 5261 	5322 	5324
f 5325 	5323 	5222
f 5261 	5324 	5326
f 5325 	5222 	5206
f 5261 	5326 	5327
f 5328 	5325 	5206
f 5261 	5327 	5329
f 5330 	5328 	5206
f 5261 	5329 	5331
f 5332 	5330 	5206
f 5261 	5331 	5333
f 5334 	5332 	5206
f 5261 	5333 	5335
f 5336 	5334 	5206
f 5269 	5261 	5335
f 5337 	5336 	5206
f 5269 	5335 	5338
f 5339 	5337 	5206
f 5269 	5338 	5340
f 5341 	5339 	5206
f 5269 	5340 	5342
f 5343 	5341 	5206
f 5269 	5342 	5344
f 5343 	5206 	5269
f 5269 	5344 	5345
f 5346 	5343 	5269
f 5269 	5345 	5347
f 5348 	5346 	5269
f 5269 	5347 	5349
f 5350 	5348 	5269
f 5269 	5349 	5351
f 5352 	5350 	5269
f 5269 	5351 	5353
f 5354 	5352 	5269
f 5269 	5353 	5355
f 5356 	5354 	5269
f 5269 	5355 	5357
f 5358 	5356 	5269
f 5269 	5357 	5359
f 5360 	5358 	5269
f 5269 	5359 	5361
f 5362 	5360 	5269
f 5269 	5361 	5363
f 5364 	5362 	5269
f 5269 	5363 	5365
f 5366 	5364 	5269
f 5269 	5365 	5366
f 5367 	5368 	5369
f 5369 	5370 	5371
f 5371 	5372 	5373
f 5373 	5374 	5375
f 5375 	5376 	5377
f 5377 	5378 	5379
f 5379 	5380 	5381
f 5381 	5382 	5383
f 5383 	5384 	5385
f 5385 	5386 	5387
f 5387 	5388 	5389
f 5389 	5390 	5391
f 5391 	5392 	5393
f 5393 	5394 	5395
f 5395 	5396 	5397
f 5397 	5398 	5399
f 5399 	5400 	5401
f 5401 	5402 	5403
f 5403 	5404 	5405
f 5406 	5404 	5403
f 5403 	5407 	5408
f 5408 	5409 	5410
f 5410 	5411 	5412
f 5412 	5413 	5414
f 5414 	5415 	5416
f 5416 	5417 	5418
f 5418 	5419 	5420
f 5420 	5421 	5422
f 5422 	5423 	5424
f 5424 	5425 	5426
f 5426 	5427 	5428
f 5428 	5429 	5430
f 5430 	5431 	5432
f 5432 	5433 	5434
f 5434 	5435 	5436
f 5436 	5437 	5438
f 5438 	5439 	5440
f 5440 	5441 	5367
f 5367 	5369 	5371
f 5371 	5373 	5375
f 5375 	5377 	5379
f 5379 	5381 	5383
f 5383 	5385 	5387
f 5387 	5389 	5391
f 5391 	5393 	5395
f 5395 	5397 	5399
f 5399 	5401 	5403
f 5403 	5405 	5442
f 5443 	5406 	5403
f 5403 	5408 	5410
f 5410 	5412 	5414
f 5414 	5416 	5418
f 5418 	5420 	5422
f 5422 	5424 	5426
f 5426 	5428 	5430
f 5430 	5432 	5434
f 5434 	5436 	5438
f 5438 	5440 	5367
f 5367 	5371 	5375
f 5375 	5379 	5383
f 5383 	5387 	5391
f 5391 	5395 	5399
f 5399 	5403 	5442
f 5444 	5443 	5403
f 5403 	5410 	5414
f 5414 	5418 	5422
f 5422 	5426 	5430
f 5430 	5434 	5438
f 5438 	5367 	5375
f 5375 	5383 	5391
f 5399 	5442 	5445
f 5446 	5444 	5403
f 5403 	5414 	5422
f 5399 	5445 	5447
f 5448 	5446 	5403
f 5403 	5422 	5430
f 5399 	5447 	5449
f 5450 	5448 	5403
f 5399 	5449 	5451
f 5452 	5450 	5403
f 5399 	5451 	5453
f 5454 	5452 	5403
f 5399 	5453 	5455
f 5456 	5454 	5403
f 5399 	5455 	5457
f 5458 	5456 	5403
f 5399 	5457 	5459
f 5460 	5458 	5403
f 5399 	5459 	5461
f 5462 	5460 	5403
f 5399 	5461 	5463
f 5464 	5462 	5403
f 5399 	5463 	5465
f 5466 	5464 	5403
f 5399 	5465 	5467
f 5468 	5466 	5403
f 5391 	5399 	5467
f 5469 	5468 	5403
f 5391 	5467 	5470
f 5469 	5403 	5430
f 5391 	5470 	5471
f 5472 	5469 	5430
f 5391 	5471 	5473
f 5474 	5472 	5430
f 5391 	5473 	5475
f 5476 	5474 	5430
f 5391 	5475 	5477
f 5478 	5476 	5430
f 5391 	5477 	5479
f 5480 	5478 	5430
f 5391 	5479 	5481
f 5482 	5480 	5430
f 5391 	5481 	5483
f 5484 	5482 	5430
f 5391 	5483 	5485
f 5486 	5484 	5430
f 5391 	5485 	5487
f 5488 	5486 	5430
f 5391 	5487 	5489
f 5490 	5488 	5430
f 5391 	5489 	5491
f 5492 	5490 	5430
f 5391 	5491 	5493
f 5494 	5492 	5430
f 5375 	5391 	5493
f 5495 	5494 	5430
f 5375 	5493 	5496
f 5497 	5495 	5430
f 5375 	5496 	5498
f 5499 	5497 	5430
f 5375 	5498 	5500
f 5501 	5499 	5430
f 5375 	5500 	5502
f 5503 	5501 	5430
f 5375 	5502 	5504
f 5503 	5430 	5438
f 5375 	5504 	5505
f 5506 	5503 	5438
f 5375 	5505 	5507
f 5508 	5506 	5438
f 5375 	5507 	5509
f 5510 	5508 	5438
f 5375 	5509 	5511
f 5512 	5510 	5438
f 5438 	5375 	5511
f 5513 	5512 	5438
f 5438 	5511 	5514
f 5515 	5513 	5438
f 5438 	5514 	5516
f 5517 	5515 	5438
f 5438 	5516 	5518
f 5519 	5517 	5438
f 5438 	5518 	5520
f 5521 	5519 	5438
f 5438 	5520 	5522
f 5523 	5521 	5438
f 5438 	5522 	5524
f 5525 	5523 	5438
f 5438 	5524 	5526
f 5527 	5525 	5438
f 5438 	5526 	5528
f 5529 	5527 	5438
f 5438 	5528 	5530
f 5531 	5529 	5438
f 5438 	5530 	5532
f 5533 	5531 	5438
f 5438 	5532 	5534
f 5534 	5533 	5438
f 5200 	5199 	5368
f 5199 	5369 	5368
f 5199 	5203 	5369
f 5203 	5370 	5369
f 5203 	5202 	5370
f 5202 	5371 	5370
f 5202 	5205 	5371
f 5205 	5372 	5371
f 5205 	5204 	5372
f 5204 	5373 	5372
f 5204 	5207 	5373
f 5207 	5374 	5373
f 5207 	5206 	5374
f 5206 	5375 	5374
f 5206 	5209 	5375
f 5209 	5376 	5375
f 5209 	5208 	5376
f 5208 	5377 	5376
f 5208 	5211 	5377
f 5211 	5378 	5377
f 5211 	5210 	5378
f 5210 	5379 	5378
f 5210 	5213 	5379
f 5213 	5380 	5379
f 5213 	5212 	5380
f 5212 	5381 	5380
f 5212 	5215 	5381
f 5215 	5382 	5381
f 5215 	5214 	5382
f 5214 	5383 	5382
f 5214 	5217 	5383
f 5217 	5384 	5383
f 5217 	5216 	5384
f 5216 	5385 	5384
f 5216 	5219 	5385
f 5219 	5386 	5385
f 5219 	5218 	5386
f 5218 	5387 	5386
f 5218 	5221 	5387
f 5221 	5388 	5387
f 5221 	5220 	5388
f 5220 	5389 	5388
f 5220 	5223 	5389
f 5223 	5390 	5389
f 5223 	5222 	5390
f 5222 	5391 	5390
f 5222 	5225 	5391
f 5225 	5392 	5391
f 5225 	5224 	5392
f 5224 	5393 	5392
f 5224 	5227 	5393
f 5227 	5394 	5393
f 5227 	5226 	5394
f 5226 	5395 	5394
f 5226 	5229 	5395
f 5229 	5396 	5395
f 5229 	5228 	5396
f 5228 	5397 	5396
f 5228 	5231 	5397
f 5231 	5398 	5397
f 5231 	5230 	5398
f 5230 	5399 	5398
f 5230 	5233 	5399
f 5233 	5400 	5399
f 5233 	5232 	5400
f 5232 	5401 	5400
f 5232 	5235 	5401
f 5235 	5402 	5401
f 5235 	5234 	5402
f 5234 	5403 	5402
f 5234 	5240 	5403
f 5240 	5407 	5403
f 5240 	5239 	5407
f 5239 	5408 	5407
f 5239 	5242 	5408
f 5242 	5409 	5408
f 5242 	5241 	5409
f 5241 	5410 	5409
f 5241 	5244 	5410
f 5244 	5411 	5410
f 5244 	5243 	5411
f 5243 	5412 	5411
f 5243 	5246 	5412
f 5246 	5413 	5412
f 5246 	5245 	5413
f 5245 	5414 	5413
f 5245 	5248 	5414
f 5248 	5415 	5414
f 5248 	5247 	5415
f 5247 	5416 	5415
f 5247 	5250 	5416
f 5250 	5417 	5416
f 5250 	5249 	5417
f 5249 	5418 	5417
f 5249 	5252 	5418
f 5252 	5419 	5418
f 5252 	5251 	5419
f 5251 	5420 	5419
f 5251 	5254 	5420
f 5254 	5421 	5420
f 5254 	5253 	5421
f 5253 	5422 	5421
f 5253 	5256 	5422
f 5256 	5423 	5422
f 5256 	5255 	5423
f 5255 	5424 	5423
f 5255 	5258 	5424
f 5258 	5425 	5424
f 5258 	5257 	5425
f 5257 	5426 	5425
f 5257 	5260 	5426
f 5260 	5427 	5426
f 5260 	5259 	5427
f 5259 	5428 	5427
f 5259 	5262 	5428
f 5262 	5429 	5428
f 5262 	5261 	5429
f 5261 	5430 	5429
f 5261 	5264 	5430
f 5264 	5431 	5430
f 5264 	5263 	5431
f 5263 	5432 	5431
f 5263 	5266 	5432
f 5266 	5433 	5432
f 5266 	5265 	5433
f 5265 	5434 	5433
f 5265 	5268 	5434
f 5268 	5435 	5434
f 5268 	5267 	5435
f 5267 	5436 	5435
f 5267 	5270 	5436
f 5270 	5437 	5436
f 5270 	5269 	5437
f 5269 	5438 	5437
f 5269 	5272 	5438
f 5272 	5439 	5438
f 5272 	5271 	5439
f 5271 	5440 	5439
f 5271 	5273 	5440
f 5273 	5441 	5440
f 5273 	5201 	5441
f 5201 	5367 	5441
f 5201 	5200 	5367
f 5200 	5368 	5367
f 5236 	5274 	5405
f 5274 	5442 	5405
f 5274 	5277 	5442
f 5277 	5445 	5442
f 5277 	5279 	5445
f 5279 	5447 	5445
f 5279 	5281 	5447
f 5281 	5449 	5447
f 5281 	5283 	5449
f 5283 	5451 	5449
f 5283 	5285 	5451
f 5285 	5453 	5451
f 5285 	5287 	5453
f 5287 	5455 	5453
f 5287 	5289 	5455
f 5289 	5457 	5455
f 5289 	5291 	5457
f 5291 	5459 	5457
f 5291 	5293 	5459
f 5293 	5461 	5459
f 5293 	5295 	5461
f 5295 	5463 	5461
f 5295 	5297 	5463
f 5297 	5465 	5463
f 5297 	5299 	5465
f 5299 	5467 	5465
f 5299 	5302 	5467
f 5302 	5470 	5467
f 5302 	5303 	5470
f 5303 	5471 	5470
f 5303 	5305 	5471
f 5305 	5473 	5471
f 5305 	5307 	5473
f 5307 	5475 	5473
f 5307 	5309 	5475
f 5309 	5477 	5475
f 5309 	5311 	5477
f 5311 	5479 	5477
f 5311 	5313 	5479
f 5313 	5481 	5479
f 5313 	5315 	5481
f 5315 	5483 	5481
f 5315 	5317 	5483
f 5317 	5485 	5483
f 5317 	5319 	5485
f 5319 	5487 	5485
f 5319 	5321 	5487
f 5321 	5489 	5487
f 5321 	5323 	5489
f 5323 	5491 	5489
f 5323 	5325 	5491
f 5325 	5493 	5491
f 5325 	5328 	5493
f 5328 	5496 	5493
f 5328 	5330 	5496
f 5330 	5498 	5496
f 5330 	5332 	5498
f 5332 	5500 	5498
f 5332 	5334 	5500
f 5334 	5502 	5500
f 5334 	5336 	5502
f 5336 	5504 	5502
f 5336 	5337 	5504
f 5337 	5505 	5504
f 5337 	5339 	5505
f 5339 	5507 	5505
f 5339 	5341 	5507
f 5341 	5509 	5507
f 5341 	5343 	5509
f 5343 	5511 	5509
f 5343 	5346 	5511
f 5346 	5514 	5511
f 5346 	5348 	5514
f 5348 	5516 	5514
f 5348 	5350 	5516
f 5350 	5518 	5516
f 5350 	5352 	5518
f 5352 	5520 	5518
f 5352 	5354 	5520
f 5354 	5522 	5520
f 5354 	5356 	5522
f 5356 	5524 	5522
f 5356 	5358 	5524
f 5358 	5526 	5524
f 5358 	5360 	5526
f 5360 	5528 	5526
f 5360 	5362 	5528
f 5362 	5530 	5528
f 5362 	5364 	5530
f 5364 	5532 	5530
f 5364 	5366 	5532
f 5366 	5534 	5532
f 5366 	5365 	5534
f 5365 	5533 	5534
f 5365 	5363 	5533
f 5363 	5531 	5533
f 5363 	5361 	5531
f 5361 	5529 	5531
f 5361 	5359 	5529
f 5359 	5527 	5529
f 5359 	5357 	5527
f 5357 	5525 	5527
f 5357 	5355 	5525
f 5355 	5523 	5525
f 5355 	5353 	5523
f 5353 	5521 	5523
f 5353 	5351 	5521
f 5351 	5519 	5521
f 5351 	5349 	5519
f 5349 	5517 	5519
f 5349 	5347 	5517
f 5347 	5515 	5517
f 5347 	5345 	5515
f 5345 	5513 	5515
f 5345 	5344 	5513
f 5344 	5512 	5513
f 5344 	5342 	5512
f 5342 	5510 	5512
f 5342 	5340 	5510
f 5340 	5508 	5510
f 5340 	5338 	5508
f 5338 	5506 	5508
f 5338 	5335 	5506
f 5335 	5503 	5506
f 5335 	5333 	5503
f 5333 	5501 	5503
f 5333 	5331 	5501
f 5331 	5499 	5501
f 5331 	5329 	5499
f 5329 	5497 	5499
f 5329 	5327 	5497
f 5327 	5495 	5497
f 5327 	5326 	5495
f 5326 	5494 	5495
f 5326 	5324 	5494
f 5324 	5492 	5494
f 5324 	5322 	5492
f 5322 	5490 	5492
f 5322 	5320 	5490
f 5320 	5488 	5490
f 5320 	5318 	5488
f 5318 	5486 	5488
f 5318 	5316 	5486
f 5316 	5484 	5486
f 5316 	5314 	5484
f 5314 	5482 	5484
f 5314 	5312 	5482
f 5312 	5480 	5482
f 5312 	5310 	5480
f 5310 	5478 	5480
f 5310 	5308 	5478
f 5308 	5476 	5478
f 5308 	5306 	5476
f 5306 	5474 	5476
f 5306 	5304 	5474
f 5304 	5472 	5474
f 5304 	5301 	5472
f 5301 	5469 	5472
f 5301 	5300 	5469
f 5300 	5468 	5469
f 5300 	5298 	5468
f 5298 	5466 	5468
f 5298 	5296 	5466
f 5296 	5464 	5466
f 5296 	5294 	5464
f 5294 	5462 	5464
f 5294 	5292 	5462
f 5292 	5460 	5462
f 5292 	5290 	5460
f 5290 	5458 	5460
f 5290 	5288 	5458
f 5288 	5456 	5458
f 5288 	5286 	5456
f 5286 	5454 	5456
f 5286 	5284 	5454
f 5284 	5452 	5454
f 5284 	5282 	5452
f 5282 	5450 	5452
f 5282 	5280 	5450
f 5280 	5448 	5450
f 5280 	5278 	5448
f 5278 	5446 	5448
f 5278 	5276 	5446
f 5276 	5444 	5446
f 5276 	5275 	5444
f 5275 	5443 	5444
f 5275 	5238 	5443
f 5238 	5406 	5443
f 5238 	5237 	5406
f 5237 	5404 	5406
f 5237 	5236 	5404
f 5236 	5405 	5404
f 5535 	5536 	5537
f 5538 	5539 	5540
f 5541 	5542 	5543
f 5544 	5545 	5546
f 5547 	5548 	5544
f 5549 	5550 	5547
f 5551 	5552 	5549
f 5553 	5554 	5551
f 5555 	5556 	5553
f 5557 	5558 	5555
f 5559 	5560 	5557
f 5561 	5562 	5559
f 5563 	5564 	5561
f 5565 	5566 	5563
f 5567 	5568 	5565
f 5569 	5570 	5567
f 5571 	5572 	5569
f 5573 	5574 	5571
f 5575 	5576 	5577
f 5578 	5579 	5575
f 5580 	5581 	5578
f 5582 	5583 	5580
f 5584 	5585 	5582
f 5586 	5587 	5584
f 5588 	5589 	5586
f 5590 	5591 	5588
f 5592 	5593 	5590
f 5594 	5595 	5592
f 5540 	5535 	5537
f 5596 	5538 	5540
f 5541 	5543 	5597
f 5547 	5544 	5546
f 5551 	5549 	5547
f 5555 	5553 	5551
f 5559 	5557 	5555
f 5563 	5561 	5559
f 5567 	5565 	5563
f 5571 	5569 	5567
f 5577 	5573 	5571
f 5578 	5575 	5577
f 5582 	5580 	5578
f 5586 	5584 	5582
f 5590 	5588 	5586
f 5594 	5592 	5590
f 5596 	5540 	5537
f 5541 	5597 	5598
f 5551 	5547 	5546
f 5559 	5555 	5551
f 5567 	5563 	5559
f 5577 	5571 	5567
f 5582 	5578 	5577
f 5590 	5586 	5582
f 5599 	5594 	5590
f 5596 	5537 	5600
f 5541 	5598 	5601
f 5559 	5551 	5546
f 5577 	5567 	5559
f 5590 	5582 	5577
f 5602 	5599 	5590
f 5596 	5600 	5603
f 5541 	5601 	5604
f 5577 	5559 	5546
f 5602 	5590 	5577
f 5596 	5603 	5605
f 5541 	5604 	5606
f 5607 	5602 	5577
f 5608 	5596 	5605
f 5541 	5606 	5609
f 5610 	5607 	5577
f 5608 	5605 	5611
f 5541 	5609 	5612
f 5613 	5610 	5577
f 5614 	5608 	5611
f 5541 	5612 	5615
f 5616 	5613 	5577
f 5617 	5614 	5611
f 5541 	5615 	5618
f 5619 	5616 	5577
f 5620 	5617 	5611
f 5541 	5618 	5621
f 5622 	5619 	5577
f 5623 	5620 	5611
f 5546 	5541 	5621
f 5624 	5622 	5577
f 5623 	5611 	5625
f 5546 	5621 	5623
f 5626 	5624 	5577
f 5546 	5623 	5625
f 5627 	5626 	5577
f 5546 	5625 	5628
f 5629 	5627 	5577
f 5577 	5546 	5628
f 5630 	5629 	5577
f 5577 	5628 	5631
f 5632 	5630 	5577
f 5577 	5631 	5633
f 5634 	5632 	5577
f 5577 	5633 	5634
f 5635 	5636 	5637
f 5638 	5639 	5640
f 5641 	5642 	5643
f 5644 	5645 	5646
f 5646 	5647 	5648
f 5648 	5649 	5650
f 5650 	5651 	5652
f 5652 	5653 	5654
f 5654 	5655 	5656
f 5656 	5657 	5658
f 5658 	5659 	5660
f 5660 	5661 	5662
f 5662 	5663 	5664
f 5664 	5665 	5666
f 5666 	5667 	5668
f 5668 	5669 	5670
f 5670 	5671 	5672
f 5672 	5673 	5674
f 5675 	5676 	5677
f 5677 	5678 	5679
f 5679 	5680 	5681
f 5681 	5682 	5683
f 5683 	5684 	5685
f 5685 	5686 	5687
f 5687 	5688 	5689
f 5689 	5690 	5691
f 5691 	5692 	5693
f 5693 	5694 	5695
f 5635 	5637 	5638
f 5638 	5640 	5696
f 5697 	5641 	5643
f 5644 	5646 	5648
f 5648 	5650 	5652
f 5652 	5654 	5656
f 5656 	5658 	5660
f 5660 	5662 	5664
f 5664 	5666 	5668
f 5668 	5670 	5672
f 5672 	5674 	5675
f 5675 	5677 	5679
f 5679 	5681 	5683
f 5683 	5685 	5687
f 5687 	5689 	5691
f 5691 	5693 	5695
f 5635 	5638 	5696
f 5698 	5697 	5643
f 5644 	5648 	5652
f 5652 	5656 	5660
f 5660 	5664 	5668
f 5668 	5672 	5675
f 5675 	5679 	5683
f 5683 	5687 	5691
f 5691 	5695 	5699
f 5700 	5635 	5696
f 5701 	5698 	5643
f 5644 	5652 	5660
f 5660 	5668 	5675
f 5675 	5683 	5691
f 5691 	5699 	5702
f 5703 	5700 	5696
f 5704 	5701 	5643
f 5644 	5660 	5675
f 5675 	5691 	5702
f 5705 	5703 	5696
f 5706 	5704 	5643
f 5675 	5702 	5707
f 5705 	5696 	5708
f 5709 	5706 	5643
f 5675 	5707 	5710
f 5711 	5705 	5708
f 5712 	5709 	5643
f 5675 	5710 	5713
f 5711 	5708 	5714
f 5715 	5712 	5643
f 5675 	5713 	5716
f 5711 	5714 	5717
f 5718 	5715 	5643
f 5675 	5716 	5719
f 5711 	5717 	5720
f 5721 	5718 	5643
f 5675 	5719 	5722
f 5711 	5720 	5723
f 5721 	5643 	5644
f 5675 	5722 	5724
f 5725 	5711 	5723
f 5723 	5721 	5644
f 5675 	5724 	5726
f 5725 	5723 	5644
f 5675 	5726 	5727
f 5728 	5725 	5644
f 5675 	5727 	5729
f 5728 	5644 	5675
f 5675 	5729 	5730
f 5731 	5728 	5675
f 5675 	5730 	5732
f 5733 	5731 	5675
f 5675 	5732 	5734
f 5734 	5733 	5675
f 5629 	5630 	5729
f 5630 	5730 	5729
f 5630 	5632 	5730
f 5632 	5732 	5730
f 5632 	5634 	5732
f 5634 	5734 	5732
f 5634 	5633 	5734
f 5633 	5733 	5734
f 5633 	5631 	5733
f 5631 	5731 	5733
f 5631 	5628 	5731
f 5628 	5728 	5731
f 5628 	5625 	5728
f 5625 	5725 	5728
f 5625 	5611 	5725
f 5611 	5711 	5725
f 5611 	5605 	5711
f 5605 	5705 	5711
f 5605 	5603 	5705
f 5603 	5703 	5705
f 5603 	5600 	5703
f 5600 	5700 	5703
f 5600 	5537 	5700
f 5537 	5635 	5700
f 5537 	5536 	5635
f 5536 	5636 	5635
f 5536 	5535 	5636
f 5535 	5637 	5636
f 5535 	5540 	5637
f 5540 	5638 	5637
f 5540 	5539 	5638
f 5539 	5639 	5638
f 5539 	5538 	5639
f 5538 	5640 	5639
f 5538 	5596 	5640
f 5596 	5696 	5640
f 5596 	5608 	5696
f 5608 	5708 	5696
f 5608 	5614 	5708
f 5614 	5714 	5708
f 5614 	5617 	5714
f 5617 	5717 	5714
f 5617 	5620 	5717
f 5620 	5720 	5717
f 5620 	5623 	5720
f 5623 	5723 	5720
f 5623 	5621 	5723
f 5621 	5721 	5723
f 5621 	5618 	5721
f 5618 	5718 	5721
f 5618 	5615 	5718
f 5615 	5715 	5718
f 5615 	5612 	5715
f 5612 	5712 	5715
f 5612 	5609 	5712
f 5609 	5709 	5712
f 5609 	5606 	5709
f 5606 	5706 	5709
f 5606 	5604 	5706
f 5604 	5704 	5706
f 5604 	5601 	5704
f 5601 	5701 	5704
f 5601 	5598 	5701
f 5598 	5698 	5701
f 5598 	5597 	5698
f 5597 	5697 	5698
f 5597 	5543 	5697
f 5543 	5641 	5697
f 5543 	5542 	5641
f 5542 	5642 	5641
f 5542 	5541 	5642
f 5541 	5643 	5642
f 5541 	5546 	5643
f 5546 	5644 	5643
f 5546 	5545 	5644
f 5545 	5645 	5644
f 5545 	5544 	5645
f 5544 	5646 	5645
f 5544 	5548 	5646
f 5548 	5647 	5646
f 5548 	5547 	5647
f 5547 	5648 	5647
f 5547 	5550 	5648
f 5550 	5649 	5648
f 5550 	5549 	5649
f 5549 	5650 	5649
f 5549 	5552 	5650
f 5552 	5651 	5650
f 5552 	5551 	5651
f 5551 	5652 	5651
f 5551 	5554 	5652
f 5554 	5653 	5652
f 5554 	5553 	5653
f 5553 	5654 	5653
f 5553 	5556 	5654
f 5556 	5655 	5654
f 5556 	5555 	5655
f 5555 	5656 	5655
f 5555 	5558 	5656
f 5558 	5657 	5656
f 5558 	5557 	5657
f 5557 	5658 	5657
f 5557 	5560 	5658
f 5560 	5659 	5658
f 5560 	5559 	5659
f 5559 	5660 	5659
f 5559 	5562 	5660
f 5562 	5661 	5660
f 5562 	5561 	5661
f 5561 	5662 	5661
f 5561 	5564 	5662
f 5564 	5663 	5662
f 5564 	5563 	5663
f 5563 	5664 	5663
f 5563 	5566 	5664
f 5566 	5665 	5664
f 5566 	5565 	5665
f 5565 	5666 	5665
f 5565 	5568 	5666
f 5568 	5667 	5666
f 5568 	5567 	5667
f 5567 	5668 	5667
f 5567 	5570 	5668
f 5570 	5669 	5668
f 5570 	5569 	5669
f 5569 	5670 	5669
f 5569 	5572 	5670
f 5572 	5671 	5670
f 5572 	5571 	5671
f 5571 	5672 	5671
f 5571 	5574 	5672
f 5574 	5673 	5672
f 5574 	5573 	5673
f 5573 	5674 	5673
f 5573 	5577 	5674
f 5577 	5675 	5674
f 5577 	5576 	5675
f 5576 	5676 	5675
f 5576 	5575 	5676
f 5575 	5677 	5676
f 5575 	5579 	5677
f 5579 	5678 	5677
f 5579 	5578 	5678
f 5578 	5679 	5678
f 5578 	5581 	5679
f 5581 	5680 	5679
f 5581 	5580 	5680
f 5580 	5681 	5680
f 5580 	5583 	5681
f 5583 	5682 	5681
f 5583 	5582 	5682
f 5582 	5683 	5682
f 5582 	5585 	5683
f 5585 	5684 	5683
f 5585 	5584 	5684
f 5584 	5685 	5684
f 5584 	5587 	5685
f 5587 	5686 	5685
f 5587 	5586 	5686
f 5586 	5687 	5686
f 5586 	5589 	5687
f 5589 	5688 	5687
f 5589 	5588 	5688
f 5588 	5689 	5688
f 5588 	5591 	5689
f 5591 	5690 	5689
f 5591 	5590 	5690
f 5590 	5691 	5690
f 5590 	5593 	5691
f 5593 	5692 	5691
f 5593 	5592 	5692
f 5592 	5693 	5692
f 5592 	5595 	5693
f 5595 	5694 	5693
f 5595 	5594 	5694
f 5594 	5695 	5694
f 5594 	5599 	5695
f 5599 	5699 	5695
f 5599 	5602 	5699
f 5602 	5702 	5699
f 5602 	5607 	5702
f 5607 	5707 	5702
f 5607 	5610 	5707
f 5610 	5710 	5707
f 5610 	5613 	5710
f 5613 	5713 	5710
f 5613 	5616 	5713
f 5616 	5716 	5713
f 5616 	5619 	5716
f 5619 	5719 	5716
f 5619 	5622 	5719
f 5622 	5722 	5719
f 5622 	5624 	5722
f 5624 	5724 	5722
f 5624 	5626 	5724
f 5626 	5726 	5724
f 5626 	5627 	5726
f 5627 	5727 	5726
f 5627 	5629 	5727
f 5629 	5729 	5727
f 5735 	5736 	5737
f 5738 	5739 	5740
f 5741 	5742 	5743
f 5744 	5745 	5746
f 5747 	5748 	5744
f 5749 	5750 	5747
f 5751 	5752 	5749
f 5753 	5754 	5751
f 5755 	5756 	5753
f 5757 	5758 	5755
f 5759 	5760 	5757
f 5761 	5762 	5759
f 5763 	5764 	5761
f 5765 	5766 	5763
f 5767 	5768 	5765
f 5769 	5770 	5767
f 5771 	5772 	5769
f 5773 	5774 	5771
f 5775 	5776 	5777
f 5778 	5779 	5775
f 5780 	5781 	5778
f 5782 	5783 	5780
f 5784 	5785 	5782
f 5786 	5787 	5784
f 5788 	5789 	5786
f 5790 	5791 	5788
f 5792 	5793 	5790
f 5794 	5795 	5792
f 5740 	5735 	5737
f 5796 	5738 	5740
f 5741 	5743 	5797
f 5747 	5744 	5746
f 5751 	5749 	5747
f 5755 	5753 	5751
f 5759 	5757 	5755
f 5763 	5761 	5759
f 5767 	5765 	5763
f 5771 	5769 	5767
f 5777 	5773 	5771
f 5778 	5775 	5777
f 5782 	5780 	5778
f 5786 	5784 	5782
f 5790 	5788 	5786
f 5794 	5792 	5790
f 5796 	5740 	5737
f 5741 	5797 	5798
f 5751 	5747 	5746
f 5759 	5755 	5751
f 5767 	5763 	5759
f 5777 	5771 	5767
f 5782 	5778 	5777
f 5790 	5786 	5782
f 5799 	5794 	5790
f 5796 	5737 	5800
f 5741 	5798 	5801
f 5759 	5751 	5746
f 5777 	5767 	5759
f 5790 	5782 	5777
f 5802 	5799 	5790
f 5796 	5800 	5803
f 5741 	5801 	5804
f 5777 	5759 	5746
f 5802 	5790 	5777
f 5796 	5803 	5805
f 5741 	5804 	5806
f 5807 	5802 	5777
f 5808 	5796 	5805
f 5741 	5806 	5809
f 5810 	5807 	5777
f 5808 	5805 	5811
f 5741 	5809 	5812
f 5813 	5810 	5777
f 5814 	5808 	5811
f 5741 	5812 	5815
f 5816 	5813 	5777
f 5817 	5814 	5811
f 5741 	5815 	5818
f 5819 	5816 	5777
f 5820 	5817 	5811
f 5741 	5818 	5821
f 5822 	5819 	5777
f 5823 	5820 	5811
f 5746 	5741 	5821
f 5824 	5822 	5777
f 5823 	5811 	5825
f 5746 	5821 	5823
f 5826 	5824 	5777
f 5746 	5823 	5825
f 5827 	5826 	5777
f 5746 	5825 	5828
f 5829 	5827 	5777
f 5777 	5746 	5828
f 5830 	5829 	5777
f 5777 	5828 	5831
f 5832 	5830 	5777
f 5777 	5831 	5833
f 5834 	5832 	5777
f 5777 	5833 	5834
f 5835 	5836 	5837
f 5838 	5839 	5840
f 5841 	5842 	5843
f 5844 	5845 	5846
f 5846 	5847 	5848
f 5848 	5849 	5850
f 5850 	5851 	5852
f 5852 	5853 	5854
f 5854 	5855 	5856
f 5856 	5857 	5858
f 5858 	5859 	5860
f 5860 	5861 	5862
f 5862 	5863 	5864
f 5864 	5865 	5866
f 5866 	5867 	5868
f 5868 	5869 	5870
f 5870 	5871 	5872
f 5872 	5873 	5874
f 5875 	5876 	5877
f 5877 	5878 	5879
f 5879 	5880 	5881
f 5881 	5882 	5883
f 5883 	5884 	5885
f 5885 	5886 	5887
f 5887 	5888 	5889
f 5889 	5890 	5891
f 5891 	5892 	5893
f 5893 	5894 	5895
f 5835 	5837 	5838
f 5838 	5840 	5896
f 5897 	5841 	5843
f 5844 	5846 	5848
f 5848 	5850 	5852
f 5852 	5854 	5856
f 5856 	5858 	5860
f 5860 	5862 	5864
f 5864 	5866 	5868
f 5868 	5870 	5872
f 5872 	5874 	5875
f 5875 	5877 	5879
f 5879 	5881 	5883
f 5883 	5885 	5887
f 5887 	5889 	5891
f 5891 	5893 	5895
f 5835 	5838 	5896
f 5898 	5897 	5843
f 5844 	5848 	5852
f 5852 	5856 	5860
f 5860 	5864 	5868
f 5868 	5872 	5875
f 5875 	5879 	5883
f 5883 	5887 	5891
f 5891 	5895 	5899
f 5900 	5835 	5896
f 5901 	5898 	5843
f 5844 	5852 	5860
f 5860 	5868 	5875
f 5875 	5883 	5891
f 5891 	5899 	5902
f 5903 	5900 	5896
f 5904 	5901 	5843
f 5844 	5860 	5875
f 5875 	5891 	5902
f 5905 	5903 	5896
f 5906 	5904 	5843
f 5875 	5902 	5907
f 5905 	5896 	5908
f 5909 	5906 	5843
f 5875 	5907 	5910
f 5911 	5905 	5908
f 5912 	5909 	5843
f 5875 	5910 	5913
f 5911 	5908 	5914
f 5915 	5912 	5843
f 5875 	5913 	5916
f 5911 	5914 	5917
f 5918 	5915 	5843
f 5875 	5916 	5919
f 5911 	5917 	5920
f 5921 	5918 	5843
f 5875 	5919 	5922
f 5911 	5920 	5923
f 5921 	5843 	5844
f 5875 	5922 	5924
f 5925 	5911 	5923
f 5923 	5921 	5844
f 5875 	5924 	5926
f 5925 	5923 	5844
f 5875 	5926 	5927
f 5928 	5925 	5844
f 5875 	5927 	5929
f 5928 	5844 	5875
f 5875 	5929 	5930
f 5931 	5928 	5875
f 5875 	5930 	5932
f 5933 	5931 	5875
f 5875 	5932 	5934
f 5934 	5933 	5875
f 5829 	5830 	5929
f 5830 	5930 	5929
f 5830 	5832 	5930
f 5832 	5932 	5930
f 5832 	5834 	5932
f 5834 	5934 	5932
f 5834 	5833 	5934
f 5833 	5933 	5934
f 5833 	5831 	5933
f 5831 	5931 	5933
f 5831 	5828 	5931
f 5828 	5928 	5931
f 5828 	5825 	5928
f 5825 	5925 	5928
f 5825 	5811 	5925
f 5811 	5911 	5925
f 5811 	5805 	5911
f 5805 	5905 	5911
f 5805 	5803 	5905
f 5803 	5903 	5905
f 5803 	5800 	5903
f 5800 	5900 	5903
f 5800 	5737 	5900
f 5737 	5835 	5900
f 5737 	5736 	5835
f 5736 	5836 	5835
f 5736 	5735 	5836
f 5735 	5837 	5836
f 5735 	5740 	5837
f 5740 	5838 	5837
f 5740 	5739 	5838
f 5739 	5839 	5838
f 5739 	5738 	5839
f 5738 	5840 	5839
f 5738 	5796 	5840
f 5796 	5896 	5840
f 5796 	5808 	5896
f 5808 	5908 	5896
f 5808 	5814 	5908
f 5814 	5914 	5908
f 5814 	5817 	5914
f 5817 	5917 	5914
f 5817 	5820 	5917
f 5820 	5920 	5917
f 5820 	5823 	5920
f 5823 	5923 	5920
f 5823 	5821 	5923
f 5821 	5921 	5923
f 5821 	5818 	5921
f 5818 	5918 	5921
f 5818 	5815 	5918
f 5815 	5915 	5918
f 5815 	5812 	5915
f 5812 	5912 	5915
f 5812 	5809 	5912
f 5809 	5909 	5912
f 5809 	5806 	5909
f 5806 	5906 	5909
f 5806 	5804 	5906
f 5804 	5904 	5906
f 5804 	5801 	5904
f 5801 	5901 	5904
f 5801 	5798 	5901
f 5798 	5898 	5901
f 5798 	5797 	5898
f 5797 	5897 	5898
f 5797 	5743 	5897
f 5743 	5841 	5897
f 5743 	5742 	5841
f 5742 	5842 	5841
f 5742 	5741 	5842
f 5741 	5843 	5842
f 5741 	5746 	5843
f 5746 	5844 	5843
f 5746 	5745 	5844
f 5745 	5845 	5844
f 5745 	5744 	5845
f 5744 	5846 	5845
f 5744 	5748 	5846
f 5748 	5847 	5846
f 5748 	5747 	5847
f 5747 	5848 	5847
f 5747 	5750 	5848
f 5750 	5849 	5848
f 5750 	5749 	5849
f 5749 	5850 	5849
f 5749 	5752 	5850
f 5752 	5851 	5850
f 5752 	5751 	5851
f 5751 	5852 	5851
f 5751 	5754 	5852
f 5754 	5853 	5852
f 5754 	5753 	5853
f 5753 	5854 	5853
f 5753 	5756 	5854
f 5756 	5855 	5854
f 5756 	5755 	5855
f 5755 	5856 	5855
f 5755 	5758 	5856
f 5758 	5857 	5856
f 5758 	5757 	5857
f 5757 	5858 	5857
f 5757 	5760 	5858
f 5760 	5859 	5858
f 5760 	5759 	5859
f 5759 	5860 	5859
f 5759 	5762 	5860
f 5762 	5861 	5860
f 5762 	5761 	5861
f 5761 	5862 	5861
f 5761 	5764 	5862
f 5764 	5863 	5862
f 5764 	5763 	5863
f 5763 	5864 	5863
f 5763 	5766 	5864
f 5766 	5865 	5864
f 5766 	5765 	5865
f 5765 	5866 	5865
f 5765 	5768 	5866
f 5768 	5867 	5866
f 5768 	5767 	5867
f 5767 	5868 	5867
f 5767 	5770 	5868
f 5770 	5869 	5868
f 5770 	5769 	5869
f 5769 	5870 	5869
f 5769 	5772 	5870
f 5772 	5871 	5870
f 5772 	5771 	5871
f 5771 	5872 	5871
f 5771 	5774 	5872
f 5774 	5873 	5872
f 5774 	5773 	5873
f 5773 	5874 	5873
f 5773 	5777 	5874
f 5777 	5875 	5874
f 5777 	5776 	5875
f 5776 	5876 	5875
f 5776 	5775 	5876
f 5775 	5877 	5876
f 5775 	5779 	5877
f 5779 	5878 	5877
f 5779 	5778 	5878
f 5778 	5879 	5878
f 5778 	5781 	5879
f 5781 	5880 	5879
f 5781 	5780 	5880
f 5780 	5881 	5880
f 5780 	5783 	5881
f 5783 	5882 	5881
f 5783 	5782 	5882
f 5782 	5883 	5882
f 5782 	5785 	5883
f 5785 	5884 	5883
f 5785 	5784 	5884
f 5784 	5885 	5884
f 5784 	5787 	5885
f 5787 	5886 	5885
f 5787 	5786 	5886
f 5786 	5887 	5886
f 5786 	5789 	5887
f 5789 	5888 	5887
f 5789 	5788 	5888
f 5788 	5889 	5888
f 5788 	5791 	5889
f 5791 	5890 	5889
f 5791 	5790 	5890
f 5790 	5891 	5890
f 5790 	5793 	5891
f 5793 	5892 	5891
f 5793 	5792 	5892
f 5792 	5893 	5892
f 5792 	5795 	5893
f 5795 	5894 	5893
f 5795 	5794 	5894
f 5794 	5895 	5894
f 5794 	5799 	5895
f 5799 	5899 	5895
f 5799 	5802 	5899
f 5802 	5902 	5899
f 5802 	5807 	5902
f 5807 	5907 	5902
f 5807 	5810 	5907
f 5810 	5910 	5907
f 5810 	5813 	5910
f 5813 	5913 	5910
f 5813 	5816 	5913
f 5816 	5916 	5913
f 5816 	5819 	5916
f 5819 	5919 	5916
f 5819 	5822 	5919
f 5822 	5922 	5919
f 5822 	5824 	5922
f 5824 	5924 	5922
f 5824 	5826 	5924
f 5826 	5926 	5924
f 5826 	5827 	5926
f 5827 	5927 	5926
f 5827 	5829 	5927
f 5829 	5929 	5927
f 5935 	5936 	5937
f 5938 	5939 	5935
f 5940 	5941 	5938
f 5942 	5943 	5940
f 5944 	5945 	5942
f 5946 	5947 	5944
f 5948 	5949 	5946
f 5950 	5951 	5948
f 5952 	5953 	5950
f 5954 	5955 	5952
f 5956 	5957 	5954
f 5958 	5959 	5956
f 5960 	5961 	5958
f 5962 	5963 	5960
f 5964 	5965 	5962
f 5966 	5967 	5964
f 5968 	5969 	5966
f 5970 	5971 	5968
f 5972 	5973 	5970
f 5970 	5973 	5974
f 5975 	5976 	5970
f 5977 	5978 	5975
f 5979 	5980 	5977
f 5981 	5982 	5979
f 5983 	5984 	5981
f 5985 	5986 	5983
f 5987 	5988 	5985
f 5989 	5990 	5987
f 5991 	5992 	5989
f 5993 	5994 	5991
f 5995 	5996 	5993
f 5997 	5998 	5995
f 5999 	6000 	5997
f 6001 	6002 	5999
f 6003 	6004 	6001
f 6005 	6006 	6003
f 6007 	6008 	6005
f 5937 	6009 	6007
f 5938 	5935 	5937
f 5942 	5940 	5938
f 5946 	5944 	5942
f 5950 	5948 	5946
f 5954 	5952 	5950
f 5958 	5956 	5954
f 5962 	5960 	5958
f 5966 	5964 	5962
f 5970 	5968 	5966
f 6010 	5972 	5970
f 5970 	5974 	6011
f 5977 	5975 	5970
f 5981 	5979 	5977
f 5985 	5983 	5981
f 5989 	5987 	5985
f 5993 	5991 	5989
f 5997 	5995 	5993
f 6001 	5999 	5997
f 6005 	6003 	6001
f 5937 	6007 	6005
f 5942 	5938 	5937
f 5950 	5946 	5942
f 5958 	5954 	5950
f 5966 	5962 	5958
f 6010 	5970 	5966
f 5970 	6011 	6012
f 5981 	5977 	5970
f 5989 	5985 	5981
f 5997 	5993 	5989
f 6005 	6001 	5997
f 5942 	5937 	6005
f 5958 	5950 	5942
f 6013 	6010 	5966
f 5970 	6012 	6014
f 5989 	5981 	5970
f 6015 	6013 	5966
f 5970 	6014 	6016
f 5997 	5989 	5970
f 6017 	6015 	5966
f 5970 	6016 	6018
f 6019 	6017 	5966
f 5970 	6018 	6020
f 6021 	6019 	5966
f 5970 	6020 	6022
f 6023 	6021 	5966
f 5970 	6022 	6024
f 6025 	6023 	5966
f 5970 	6024 	6026
f 6027 	6025 	5966
f 5970 	6026 	6028
f 6029 	6027 	5966
f 5970 	6028 	6030
f 6031 	6029 	5966
f 5970 	6030 	6032
f 6033 	6031 	5966
f 5970 	6032 	6034
f 6035 	6033 	5966
f 5970 	6034 	6036
f 6035 	5966 	5958
f 5970 	6036 	6037
f 6038 	6035 	5958
f 5997 	5970 	6037
f 6039 	6038 	5958
f 5997 	6037 	6040
f 6041 	6039 	5958
f 5997 	6040 	6042
f 6043 	6041 	5958
f 5997 	6042 	6044
f 6045 	6043 	5958
f 5997 	6044 	6046
f 6047 	6045 	5958
f 5997 	6046 	6048
f 6049 	6047 	5958
f 5997 	6048 	6050
f 6051 	6049 	5958
f 5997 	6050 	6052
f 6053 	6051 	5958
f 5997 	6052 	6054
f 6055 	6053 	5958
f 5997 	6054 	6056
f 6057 	6055 	5958
f 5997 	6056 	6058
f 6059 	6057 	5958
f 5997 	6058 	6060
f 6061 	6059 	5958
f 5997 	6060 	6062
f 6061 	5958 	5942
f 5997 	6062 	6063
f 6064 	6061 	5942
f 5997 	6063 	6065
f 6066 	6064 	5942
f 5997 	6065 	6067
f 6068 	6066 	5942
f 5997 	6067 	6069
f 6070 	6068 	5942
f 5997 	6069 	6071
f 6072 	6070 	5942
f 6005 	5997 	6071
f 6073 	6072 	5942
f 6005 	6071 	6074
f 6075 	6073 	5942
f 6005 	6074 	6076
f 6077 	6075 	5942
f 6005 	6076 	6078
f 6079 	6077 	5942
f 6005 	6078 	6080
f 6079 	5942 	6005
f 6005 	6080 	6081
f 6082 	6079 	6005
f 6005 	6081 	6083
f 6084 	6082 	6005
f 6005 	6083 	6085
f 6086 	6084 	6005
f 6005 	6085 	6087
f 6088 	6086 	6005
f 6005 	6087 	6089
f 6090 	6088 	6005
f 6005 	6089 	6091
f 6092 	6090 	6005
f 6005 	6091 	6093
f 6094 	6092 	6005
f 6005 	6093 	6095
f 6096 	6094 	6005
f 6005 	6095 	6097
f 6098 	6096 	6005
f 6005 	6097 	6099
f 6100 	6098 	6005
f 6005 	6099 	6101
f 6102 	6100 	6005
f 6005 	6101 	6102
f 6103 	6104 	6105
f 6105 	6106 	6107
f 6107 	6108 	6109
f 6109 	6110 	6111
f 6111 	6112 	6113
f 6113 	6114 	6115
f 6115 	6116 	6117
f 6117 	6118 	6119
f 6119 	6120 	6121
f 6121 	6122 	6123
f 6123 	6124 	6125
f 6125 	6126 	6127
f 6127 	6128 	6129
f 6129 	6130 	6131
f 6131 	6132 	6133
f 6133 	6134 	6135
f 6135 	6136 	6137
f 6137 	6138 	6139
f 6139 	6140 	6141
f 6142 	6140 	6139
f 6139 	6143 	6144
f 6144 	6145 	6146
f 6146 	6147 	6148
f 6148 	6149 	6150
f 6150 	6151 	6152
f 6152 	6153 	6154
f 6154 	6155 	6156
f 6156 	6157 	6158
f 6158 	6159 	6160
f 6160 	6161 	6162
f 6162 	6163 	6164
f 6164 	6165 	6166
f 6166 	6167 	6168
f 6168 	6169 	6170
f 6170 	6171 	6172
f 6172 	6173 	6174
f 6174 	6175 	6176
f 6176 	6177 	6103
f 6103 	6105 	6107
f 6107 	6109 	6111
f 6111 	6113 	6115
f 6115 	6117 	6119
f 6119 	6121 	6123
f 6123 	6125 	6127
f 6127 	6129 	6131
f 6131 	6133 	6135
f 6135 	6137 	6139
f 6139 	6141 	6178
f 6179 	6142 	6139
f 6139 	6144 	6146
f 6146 	6148 	6150
f 6150 	6152 	6154
f 6154 	6156 	6158
f 6158 	6160 	6162
f 6162 	6164 	6166
f 6166 	6168 	6170
f 6170 	6172 	6174
f 6174 	6176 	6103
f 6103 	6107 	6111
f 6111 	6115 	6119
f 6119 	6123 	6127
f 6127 	6131 	6135
f 6135 	6139 	6178
f 6180 	6179 	6139
f 6139 	6146 	6150
f 6150 	6154 	6158
f 6158 	6162 	6166
f 6166 	6170 	6174
f 6174 	6103 	6111
f 6111 	6119 	6127
f 6135 	6178 	6181
f 6182 	6180 	6139
f 6139 	6150 	6158
f 6135 	6181 	6183
f 6184 	6182 	6139
f 6139 	6158 	6166
f 6135 	6183 	6185
f 6186 	6184 	6139
f 6135 	6185 	6187
f 6188 	6186 	6139
f 6135 	6187 	6189
f 6190 	6188 	6139
f 6135 	6189 	6191
f 6192 	6190 	6139
f 6135 	6191 	6193
f 6194 	6192 	6139
f 6135 	6193 	6195
f 6196 	6194 	6139
f 6135 	6195 	6197
f 6198 	6196 	6139
f 6135 	6197 	6199
f 6200 	6198 	6139
f 6135 	6199 	6201
f 6202 	6200 	6139
f 6135 	6201 	6203
f 6204 	6202 	6139
f 6127 	6135 	6203
f 6205 	6204 	6139
f 6127 	6203 	6206
f 6205 	6139 	6166
f 6127 	6206 	6207
f 6208 	6205 	6166
f 6127 	6207 	6209
f 6210 	6208 	6166
f 6127 	6209 	6211
f 6212 	6210 	6166
f 6127 	6211 	6213
f 6214 	6212 	6166
f 6127 	6213 	6215
f 6216 	6214 	6166
f 6127 	6215 	6217
f 6218 	6216 	6166
f 6127 	6217 	6219
f 6220 	6218 	6166
f 6127 	6219 	6221
f 6222 	6220 	6166
f 6127 	6221 	6223
f 6224 	6222 	6166
f 6127 	6223 	6225
f 6226 	6224 	6166
f 6127 	6225 	6227
f 6228 	6226 	6166
f 6127 	6227 	6229
f 6230 	6228 	6166
f 6111 	6127 	6229
f 6231 	6230 	6166
f 6111 	6229 	6232
f 6233 	6231 	6166
f 6111 	6232 	6234
f 6235 	6233 	6166
f 6111 	6234 	6236
f 6237 	6235 	6166
f 6111 	6236 	6238
f 6239 	6237 	6166
f 6111 	6238 	6240
f 6239 	6166 	6174
f 6111 	6240 	6241
f 6242 	6239 	6174
f 6111 	6241 	6243
f 6244 	6242 	6174
f 6111 	6243 	6245
f 6246 	6244 	6174
f 6111 	6245 	6247
f 6248 	6246 	6174
f 6174 	6111 	6247
f 6249 	6248 	6174
f 6174 	6247 	6250
f 6251 	6249 	6174
f 6174 	6250 	6252
f 6253 	6251 	6174
f 6174 	6252 	6254
f 6255 	6253 	6174
f 6174 	6254 	6256
f 6257 	6255 	6174
f 6174 	6256 	6258
f 6259 	6257 	6174
f 6174 	6258 	6260
f 6261 	6259 	6174
f 6174 	6260 	6262
f 6263 	6261 	6174
f 6174 	6262 	6264
f 6265 	6263 	6174
f 6174 	6264 	6266
f 6267 	6265 	6174
f 6174 	6266 	6268
f 6269 	6267 	6174
f 6174 	6268 	6270
f 6270 	6269 	6174
f 5936 	5935 	6104
f 5935 	6105 	6104
f 5935 	5939 	6105
f 5939 	6106 	6105
f 5939 	5938 	6106
f 5938 	6107 	6106
f 5938 	5941 	6107
f 5941 	6108 	6107
f 5941 	5940 	6108
f 5940 	6109 	6108
f 5940 	5943 	6109
f 5943 	6110 	6109
f 5943 	5942 	6110
f 5942 	6111 	6110
f 5942 	5945 	6111
f 5945 	6112 	6111
f 5945 	5944 	6112
f 5944 	6113 	6112
f 5944 	5947 	6113
f 5947 	6114 	6113
f 5947 	5946 	6114
f 5946 	6115 	6114
f 5946 	5949 	6115
f 5949 	6116 	6115
f 5949 	5948 	6116
f 5948 	6117 	6116
f 5948 	5951 	6117
f 5951 	6118 	6117
f 5951 	5950 	6118
f 5950 	6119 	6118
f 5950 	5953 	6119
f 5953 	6120 	6119
f 5953 	5952 	6120
f 5952 	6121 	6120
f 5952 	5955 	6121
f 5955 	6122 	6121
f 5955 	5954 	6122
f 5954 	6123 	6122
f 5954 	5957 	6123
f 5957 	6124 	6123
f 5957 	5956 	6124
f 5956 	6125 	6124
f 5956 	5959 	6125
f 5959 	6126 	6125
f 5959 	5958 	6126
f 5958 	6127 	6126
f 5958 	5961 	6127
f 5961 	6128 	6127
f 5961 	5960 	6128
f 5960 	6129 	6128
f 5960 	5963 	6129
f 5963 	6130 	6129
f 5963 	5962 	6130
f 5962 	6131 	6130
f 5962 	5965 	6131
f 5965 	6132 	6131
f 5965 	5964 	6132
f 5964 	6133 	6132
f 5964 	5967 	6133
f 5967 	6134 	6133
f 5967 	5966 	6134
f 5966 	6135 	6134
f 5966 	5969 	6135
f 5969 	6136 	6135
f 5969 	5968 	6136
f 5968 	6137 	6136
f 5968 	5971 	6137
f 5971 	6138 	6137
f 5971 	5970 	6138
f 5970 	6139 	6138
f 5970 	5976 	6139
f 5976 	6143 	6139
f 5976 	5975 	6143
f 5975 	6144 	6143
f 5975 	5978 	6144
f 5978 	6145 	6144
f 5978 	5977 	6145
f 5977 	6146 	6145
f 5977 	5980 	6146
f 5980 	6147 	6146
f 5980 	5979 	6147
f 5979 	6148 	6147
f 5979 	5982 	6148
f 5982 	6149 	6148
f 5982 	5981 	6149
f 5981 	6150 	6149
f 5981 	5984 	6150
f 5984 	6151 	6150
f 5984 	5983 	6151
f 5983 	6152 	6151
f 5983 	5986 	6152
f 5986 	6153 	6152
f 5986 	5985 	6153
f 5985 	6154 	6153
f 5985 	5988 	6154
f 5988 	6155 	6154
f 5988 	5987 	6155
f 5987 	6156 	6155
f 5987 	5990 	6156
f 5990 	6157 	6156
f 5990 	5989 	6157
f 5989 	6158 	6157
f 5989 	5992 	6158
f 5992 	6159 	6158
f 5992 	5991 	6159
f 5991 	6160 	6159
f 5991 	5994 	6160
f 5994 	6161 	6160
f 5994 	5993 	6161
f 5993 	6162 	6161
f 5993 	5996 	6162
f 5996 	6163 	6162
f 5996 	5995 	6163
f 5995 	6164 	6163
f 5995 	5998 	6164
f 5998 	6165 	6164
f 5998 	5997 	6165
f 5997 	6166 	6165
f 5997 	6000 	6166
f 6000 	6167 	6166
f 6000 	5999 	6167
f 5999 	6168 	6167
f 5999 	6002 	6168
f 6002 	6169 	6168
f 6002 	6001 	6169
f 6001 	6170 	6169
f 6001 	6004 	6170
f 6004 	6171 	6170
f 6004 	6003 	6171
f 6003 	6172 	6171
f 6003 	6006 	6172
f 6006 	6173 	6172
f 6006 	6005 	6173
f 6005 	6174 	6173
f 6005 	6008 	6174
f 6008 	6175 	6174
f 6008 	6007 	6175
f 6007 	6176 	6175
f 6007 	6009 	6176
f 6009 	6177 	6176
f 6009 	5937 	6177
f 5937 	6103 	6177
f 5937 	5936 	6103
f 5936 	6104 	6103
f 5972 	6010 	6141
f 6010 	6178 	6141
f 6010 	6013 	6178
f 6013 	6181 	6178
f 6013 	6015 	6181
f 6015 	6183 	6181
f 6015 	6017 	6183
f 6017 	6185 	6183
f 6017 	6019 	6185
f 6019 	6187 	6185
f 6019 	6021 	6187
f 6021 	6189 	6187
f 6021 	6023 	6189
f 6023 	6191 	6189
f 6023 	6025 	6191
f 6025 	6193 	6191
f 6025 	6027 	6193
f 6027 	6195 	6193
f 6027 	6029 	6195
f 6029 	6197 	6195
f 6029 	6031 	6197
f 6031 	6199 	6197
f 6031 	6033 	6199
f 6033 	6201 	6199
f 6033 	6035 	6201
f 6035 	6203 	6201
f 6035 	6038 	6203
f 6038 	6206 	6203
f 6038 	6039 	6206
f 6039 	6207 	6206
f 6039 	6041 	6207
f 6041 	6209 	6207
f 6041 	6043 	6209
f 6043 	6211 	6209
f 6043 	6045 	6211
f 6045 	6213 	6211
f 6045 	6047 	6213
f 6047 	6215 	6213
f 6047 	6049 	6215
f 6049 	6217 	6215
f 6049 	6051 	6217
f 6051 	6219 	6217
f 6051 	6053 	6219
f 6053 	6221 	6219
f 6053 	6055 	6221
f 6055 	6223 	6221
f 6055 	6057 	6223
f 6057 	6225 	6223
f 6057 	6059 	6225
f 6059 	6227 	6225
f 6059 	6061 	6227
f 6061 	6229 	6227
f 6061 	6064 	6229
f 6064 	6232 	6229
f 6064 	6066 	6232
f 6066 	6234 	6232
f 6066 	6068 	6234
f 6068 	6236 	6234
f 6068 	6070 	6236
f 6070 	6238 	6236
f 6070 	6072 	6238
f 6072 	6240 	6238
f 6072 	6073 	6240
f 6073 	6241 	6240
f 6073 	6075 	6241
f 6075 	6243 	6241
f 6075 	6077 	6243
f 6077 	6245 	6243
f 6077 	6079 	6245
f 6079 	6247 	6245
f 6079 	6082 	6247
f 6082 	6250 	6247
f 6082 	6084 	6250
f 6084 	6252 	6250
f 6084 	6086 	6252
f 6086 	6254 	6252
f 6086 	6088 	6254
f 6088 	6256 	6254
f 6088 	6090 	6256
f 6090 	6258 	6256
f 6090 	6092 	6258
f 6092 	6260 	6258
f 6092 	6094 	6260
f 6094 	6262 	6260
f 6094 	6096 	6262
f 6096 	6264 	6262
f 6096 	6098 	6264
f 6098 	6266 	6264
f 6098 	6100 	6266
f 6100 	6268 	6266
f 6100 	6102 	6268
f 6102 	6270 	6268
f 6102 	6101 	6270
f 6101 	6269 	6270
f 6101 	6099 	6269
f 6099 	6267 	6269
f 6099 	6097 	6267
f 6097 	6265 	6267
f 6097 	6095 	6265
f 6095 	6263 	6265
f 6095 	6093 	6263
f 6093 	6261 	6263
f 6093 	6091 	6261
f 6091 	6259 	6261
f 6091 	6089 	6259
f 6089 	6257 	6259
f 6089 	6087 	6257
f 6087 	6255 	6257
f 6087 	6085 	6255
f 6085 	6253 	6255
f 6085 	6083 	6253
f 6083 	6251 	6253
f 6083 	6081 	6251
f 6081 	6249 	6251
f 6081 	6080 	6249
f 6080 	6248 	6249
f 6080 	6078 	6248
f 6078 	6246 	6248
f 6078 	6076 	6246
f 6076 	6244 	6246
f 6076 	6074 	6244
f 6074 	6242 	6244
f 6074 	6071 	6242
f 6071 	6239 	6242
f 6071 	6069 	6239
f 6069 	6237 	6239
f 6069 	6067 	6237
f 6067 	6235 	6237
f 6067 	6065 	6235
f 6065 	6233 	6235
f 6065 	6063 	6233
f 6063 	6231 	6233
f 6063 	6062 	6231
f 6062 	6230 	6231
f 6062 	6060 	6230
f 6060 	6228 	6230
f 6060 	6058 	6228
f 6058 	6226 	6228
f 6058 	6056 	6226
f 6056 	6224 	6226
f 6056 	6054 	6224
f 6054 	6222 	6224
f 6054 	6052 	6222
f 6052 	6220 	6222
f 6052 	6050 	6220
f 6050 	6218 	6220
f 6050 	6048 	6218
f 6048 	6216 	6218
f 6048 	6046 	6216
f 6046 	6214 	6216
f 6046 	6044 	6214
f 6044 	6212 	6214
f 6044 	6042 	6212
f 6042 	6210 	6212
f 6042 	6040 	6210
f 6040 	6208 	6210
f 6040 	6037 	6208
f 6037 	6205 	6208
f 6037 	6036 	6205
f 6036 	6204 	6205
f 6036 	6034 	6204
f 6034 	6202 	6204
f 6034 	6032 	6202
f 6032 	6200 	6202
f 6032 	6030 	6200
f 6030 	6198 	6200
f 6030 	6028 	6198
f 6028 	6196 	6198
f 6028 	6026 	6196
f 6026 	6194 	6196
f 6026 	6024 	6194
f 6024 	6192 	6194
f 6024 	6022 	6192
f 6022 	6190 	6192
f 6022 	6020 	6190
f 6020 	6188 	6190
f 6020 	6018 	6188
f 6018 	6186 	6188
f 6018 	6016 	6186
f 6016 	6184 	6186
f 6016 	6014 	6184
f 6014 	6182 	6184
f 6014 	6012 	6182
f 6012 	6180 	6182
f 6012 	6011 	6180
f 6011 	6179 	6180
f 6011 	5974 	6179
f 5974 	6142 	6179
f 5974 	5973 	6142
f 5973 	6140 	6142
f 5973 	5972 	6140
f 5972 	6141 	6140
# 8760 faces

 #end of obj_1

